k,delta,n,replicate,seed,counts,eta_hat,profile_lo,profile_hi,success,profile_failures,utility_boundary,noise_boundary,start_loss_spread,robust_lo,robust_hi,triangle_lo,triangle_hi,widened_utility_bound,eta_true,generation
10,0.2,100000,0,20260922,"[52640, 56010, 58807, 61346, 63902, 66518, 68661, 70497, 72476, 52680, 56202, 58816, 61630, 64326, 66572, 68691, 70569, 53081, 56052, 58704, 61501, 63861, 66239, 68808, 53216, 55967, 58875, 61235, 64313, 66486, 53065, 55888, 58732, 61290, 64132, 52960, 55869, 58821, 61805, 53019, 55903, 58718, 52945, 55948, 53117]",0.16204760931089693,0.1493953778255417,0.17335856096426644,True,0,False,False,5.684341886080801e-13,0.0,0.28136190409263506,0.029139701185205646,0.20824470744197965,False,0.17075722950180738,logistic_Q
10,0.2,100000,1,20260922,"[52751, 55811, 58687, 61549, 64132, 66618, 68616, 70612, 71934, 53068, 55723, 58750, 61772, 63871, 66250, 68513, 70432, 53300, 56088, 59032, 61754, 63990, 66624, 68572, 52783, 55928, 58702, 61368, 64198, 66182, 53170, 55831, 58808, 61493, 64040, 53088, 55976, 58697, 61555, 52769, 56031, 58783, 52794, 56151, 53056]",0.1773079960048474,0.1662916498698982,0.18724762588419613,True,0,False,False,4.405364961712621e-13,0.0,0.28678190409263504,0.10802632948402885,0.2294103205449386,False,0.17075722950180738,logistic_Q
10,0.2,100000,2,20260922,"[53077, 56309, 58616, 61305, 64246, 66133, 68776, 70441, 72473, 52748, 55855, 58642, 61506, 63850, 66280, 68693, 70260, 53067, 56128, 58607, 61330, 63962, 66529, 68612, 53302, 55803, 58649, 61256, 64169, 66308, 53020, 55934, 58805, 61379, 64368, 52909, 55920, 59179, 61581, 53284, 55918, 58904, 53109, 56150, 53188]",0.17096792626394317,0.1593229842361924,0.18144052023296847,True,0,False,False,7.887024366937112e-13,0.0,0.28139190409263504,0.05392420495237382,0.21272330152320162,False,0.17075722950180738,logistic_Q
10,0.2,100000,3,20260922,"[53188, 56048, 58895, 61650, 63996, 66118, 68441, 70387, 72402, 53279, 55795, 58758, 61661, 63816, 66332, 68800, 70498, 53201, 55923, 58756, 61569, 63928, 66386, 68686, 52980, 55807, 59007, 61535, 64118, 66256, 52925, 55949, 58766, 61530, 63981, 53210, 56077, 58729, 61665, 53190, 55966, 58603, 52908, 55728, 52936]",0.1703971069336897,0.15853267679051022,0.18104706568149195,True,0,False,False,1.2150280781497713e-12,0.0,0.282101904092635,0.0576069916330752,0.2137255442410656,False,0.17075722950180738,logistic_Q
10,0.2,100000,4,20260922,"[52945, 55861, 58882, 61583, 64133, 66471, 68681, 70668, 72436, 53092, 56077, 58747, 61756, 63828, 66515, 68666, 70569, 52953, 56019, 58734, 61361, 64346, 66243, 68365, 53053, 55966, 58413, 61475, 63951, 66390, 53035, 55815, 58595, 61587, 63987, 52803, 56240, 58848, 61585, 53001, 56074, 58947, 52882, 56031, 52665]",0.16506214432206923,0.15274139940184106,0.17609787133607413,True,0,False,False,4.831690603168681e-13,0.0,0.281761904092635,0.046099981301153725,0.2113014167074247,False,0.17075722950180738,logistic_Q
10,0.2,100000,5,20260922,"[52975, 56296, 58671, 61197, 64069, 66310, 68837, 70603, 72076, 52942, 56107, 58895, 61647, 64127, 66592, 68960, 70549, 53120, 55872, 58743, 61550, 64026, 66352, 68779, 53065, 56146, 58822, 61503, 63882, 66311, 52963, 56008, 58814, 61713, 63944, 53244, 55788, 58882, 61440, 53083, 55904, 59006, 53042, 55928, 53124]",0.17125223976472778,0.15966248022919588,0.18167609178066163,True,0,False,False,7.318590178329032e-13,0.0,0.28536190409263507,0.048846772570075137,0.21657947837555408,False,0.17075722950180738,logistic_Q
10,0.2,100000,6,20260922,"[53377, 55920, 58956, 61417, 64237, 66510, 68387, 70476, 72247, 52952, 56087, 58908, 61565, 63799, 66343, 68535, 70686, 53004, 55935, 58752, 61443, 64065, 66486, 68388, 52692, 55721, 58887, 61546, 64245, 66976, 53037, 56024, 58680, 61328, 64145, 53110, 55981, 58560, 61448, 53085, 55802, 58745, 52989, 56027, 53206]",0.17228068689576007,0.16083939186587864,0.18258296480791006,True,0,False,False,2.4087398742267396e-11,0.0,0.2836519040926351,0.07142903477591017,0.21846017170192816,False,0.17075722950180738,logistic_Q
10,0.2,100000,7,20260922,"[53061, 56251, 58469, 61422, 64065, 66424, 68743, 70464, 72189, 53037, 56066, 58609, 61605, 64148, 66414, 68747, 70367, 53176, 56092, 58675, 61396, 64195, 66314, 68510, 53247, 55828, 58766, 61617, 64138, 66143, 53045, 56012, 58607, 61541, 64282, 53090, 55868, 58945, 61525, 52784, 55804, 58657, 52947, 55690, 52879]",0.1705997802269101,0.15878008010060926,0.18121105955924457,True,0,False,False,4.973799150320701e-13,0.0,0.284231904092635,0.09129291635436515,0.22319169487352258,False,0.17075722950180738,logistic_Q
10,0.2,100000,8,20260922,"[52963, 56109, 58844, 61488, 63993, 66426, 68386, 70569, 72187, 52881, 55821, 58766, 61248, 64113, 66301, 68396, 70290, 53206, 55619, 58652, 61409, 64385, 66525, 68635, 52984, 55873, 58821, 61477, 64108, 66287, 53146, 55944, 58886, 61662, 64265, 53014, 55910, 58712, 61487, 53224, 55931, 58535, 52996, 55794, 53135]",0.17330194119805792,0.16176504123956795,0.18367651856749553,True,0,False,False,4.511946372076636e-13,0.0,0.284251904092635,0.09534126621433858,0.22400725079097067,False,0.17075722950180738,logistic_Q
10,0.2,100000,9,20260922,"[52938, 55785, 58337, 61343, 64170, 66499, 68572, 70509, 72239, 52894, 55904, 59031, 61495, 63911, 66382, 68578, 70420, 53050, 56106, 58615, 61517, 64048, 66531, 68765, 53022, 55902, 58712, 61332, 64023, 66516, 52944, 55930, 58823, 61747, 64118, 52885, 55944, 58765, 61248, 53216, 55839, 58624, 52920, 56065, 52963]",0.16358609641509134,0.1509099653265131,0.17490879269529325,True,0,False,False,5.684341886080801e-13,0.0,0.28373190409263505,0.0622175398928515,0.21688093101514222,False,0.17075722950180738,logistic_Q
10,0.2,100000,10,20260922,"[52893, 55886, 58623, 61531, 64254, 66449, 68485, 70651, 72350, 52959, 55730, 58678, 61288, 63902, 66439, 68420, 70528, 52915, 56014, 58658, 61452, 63774, 66192, 68676, 52937, 56003, 58773, 61419, 64143, 66447, 52926, 55970, 58896, 61298, 64296, 52919, 56162, 58814, 61858, 53021, 56052, 58839, 53038, 56228, 52971]",0.16830026781160692,0.15635288817547643,0.17902621033739308,True,0,False,False,3.552713678800501e-13,0.0,0.282621904092635,0.08371441963050252,0.21969526053997357,False,0.17075722950180738,logistic_Q
10,0.2,100000,11,20260922,"[52798, 55812, 58962, 61438, 64142, 66540, 68392, 70497, 72155, 53175, 55669, 58743, 61619, 63991, 66623, 68813, 70656, 52849, 55837, 58829, 61421, 64075, 66664, 68182, 52894, 56056, 58844, 61534, 63876, 66530, 52889, 56129, 58817, 61431, 63931, 53133, 55914, 58831, 61510, 52876, 56042, 58469, 52596, 56160, 52825]",0.16754192886299651,0.1553503673160234,0.1784619765670602,True,0,False,False,9.805489753489383e-13,0.0,0.284571904092635,0.06314316534385417,0.21787716375675004,False,0.17075722950180738,logistic_Q
10,0.2,100000,12,20260922,"[52824, 55977, 58516, 61572, 64116, 66115, 68835, 70438, 72302, 52843, 55803, 58841, 61577, 64080, 66728, 68803, 70676, 52772, 56111, 58711, 61639, 63893, 66283, 68499, 52918, 56030, 59061, 61329, 64011, 66460, 52801, 56094, 58783, 61519, 64107, 52833, 55833, 58735, 61621, 52999, 55892, 58700, 52836, 55779, 53077]",0.16134771740982026,0.14845813883355624,0.17284872257322317,True,0,False,False,5.258016244624741e-13,0.0,0.283101904092635,0.07554463562479147,0.21846311389500733,False,0.17075722950180738,logistic_Q
10,0.2,100000,13,20260922,"[53297, 55826, 58803, 61643, 63947, 66457, 68412, 70514, 72221, 53090, 56033, 58596, 61488, 64063, 66399, 68606, 70456, 52911, 56080, 58838, 61671, 63992, 66689, 68405, 53007, 55871, 58769, 61487, 64161, 66276, 52800, 55988, 58920, 61533, 63988, 52970, 55994, 58814, 61489, 52576, 56083, 58718, 52908, 56076, 52912]",0.17419016676969382,0.16279835893914538,0.18444451351388233,True,0,False,False,6.856737400084967e-13,0.0,0.283911904092635,0.08041642764450008,0.22026276791437965,False,0.17075722950180738,logistic_Q
10,0.2,100000,14,20260922,"[53218, 55906, 58796, 61653, 64272, 66146, 68886, 70736, 71946, 53112, 56299, 58569, 61549, 64019, 66269, 68455, 70580, 53051, 56048, 58838, 61378, 63723, 66566, 68691, 53022, 55838, 58693, 61362, 64225, 66193, 52734, 55775, 58771, 61653, 64068, 52983, 55889, 58833, 61644, 52899, 56004, 58881, 52822, 56086, 52805]",0.17420248670831398,0.16297124795985168,0.18432859110536962,True,0,False,False,2.984990032928181e-11,0.0,0.28666190409263503,0.11606699929330805,0.23103813054271566,False,0.17075722950180738,logistic_Q
10,0.2,100000,15,20260922,"[52784, 55975, 59058, 61384, 63940, 66550, 68708, 70335, 72132, 53057, 55695, 58967, 61453, 63976, 66504, 68779, 70583, 53385, 56073, 58808, 61590, 64146, 66454, 68373, 53263, 55971, 58742, 61088, 64141, 66580, 52932, 56077, 58894, 61622, 64214, 52986, 55818, 58839, 61486, 53125, 55992, 58453, 52933, 55960, 53065]",0.17341353723933,0.16200500179907998,0.18368385793111933,True,0,False,False,4.519051799434237e-12,0.0,0.28480190409263506,0.08856900111776583,0.2232688019599025,False,0.17075722950180738,logistic_Q
10,0.2,100000,16,20260922,"[52895, 56099, 58824, 61534, 64322, 66506, 68676, 70462, 72422, 52734, 55908, 58815, 61290, 63974, 66407, 68374, 70452, 53343, 55900, 58514, 61638, 64058, 66202, 68713, 53152, 55552, 59043, 61259, 64186, 66192, 52994, 55995, 58718, 61460, 64122, 53135, 55966, 58874, 61383, 52915, 56054, 58633, 53013, 56015, 52838]",0.16697274957916566,0.1547721685426391,0.17790548428485892,True,0,False,False,2.2026824808563106e-13,0.0,0.28190190409263505,0.05805202752624161,0.2137336262820726,False,0.17075722950180738,logistic_Q
10,0.2,100000,17,20260922,"[52816, 55974, 58887, 61554, 63898, 66365, 68671, 70706, 72464, 52901, 56111, 58689, 61278, 64094, 66380, 68270, 70757, 53131, 55817, 58916, 61469, 64146, 66434, 68679, 53346, 55911, 59138, 61679, 64112, 66520, 53176, 56056, 58866, 61619, 64211, 53142, 55879, 58905, 61454, 52895, 56189, 58752, 53132, 56002, 53231]",0.16741986819606436,0.15538646205595172,0.1782165425441068,True,0,False,False,8.405720564041985e-12,0.0,0.28148190409263507,0.06399663766021296,0.21437721037164098,False,0.17075722950180738,logistic_Q
10,0.2,100000,18,20260922,"[53148, 55848, 59178, 61391, 64175, 66550, 68503, 70584, 72103, 53416, 56148, 58742, 61603, 64148, 66452, 68464, 70450, 52920, 56027, 58733, 61518, 63872, 66366, 68565, 53108, 55772, 58995, 61527, 63953, 66510, 52828, 55689, 58716, 61545, 63906, 53075, 56112, 58811, 61421, 53039, 56097, 58710, 52982, 55874, 52916]",0.177201886645639,0.1662206719377945,0.18711480003039166,True,0,False,False,3.268496584496461e-13,0.0,0.2850919040926351,0.06247496728512947,0.21841345830573594,False,0.17075722950180738,logistic_Q
10,0.2,100000,19,20260922,"[52827, 55633, 58645, 61715, 64062, 66409, 68653, 70643, 72016, 53242, 55988, 58677, 61456, 64047, 66446, 68757, 70476, 53086, 55917, 59069, 61465, 64179, 66542, 68886, 53050, 55957, 58567, 61421, 64295, 66426, 53011, 55953, 58703, 61355, 64018, 53118, 55788, 58977, 61609, 52645, 55893, 58631, 53050, 55998, 53084]",0.16791352319280062,0.1559199555082712,0.17867330851461513,True,0,False,False,2.8421709430404007e-13,0.0,0.285961904092635,0.11018189242811993,0.22887318702078124,False,0.17075722950180738,logistic_Q
10,0.2,100000,20,20260922,"[52975, 55984, 58881, 61659, 64196, 66593, 68559, 70467, 72209, 52789, 56144, 58486, 61476, 64341, 66254, 68611, 70355, 52871, 55838, 58718, 61560, 64028, 66459, 68661, 52706, 55805, 58746, 61754, 63958, 66109, 52965, 55914, 58885, 61299, 64054, 52995, 55611, 58725, 61176, 52889, 55929, 59113, 53120, 55897, 53178]",0.17200101498771309,0.1604092735393771,0.18242474506798556,True,0,False,False,7.105427357601002e-13,0.0,0.284031904092635,0.08902919199182485,0.2221826483557504,False,0.17075722950180738,logistic_Q
10,0.2,100000,21,20260922,"[52874, 56071, 58832, 61417, 64077, 66575, 68383, 70704, 72122, 52860, 55709, 58570, 61269, 64215, 66360, 68477, 70552, 53094, 55940, 58907, 61380, 64210, 66353, 68289, 53199, 56099, 58741, 61490, 64027, 66295, 52975, 55965, 58809, 61602, 64078, 53173, 55795, 58673, 61752, 53117, 56085, 58815, 52826, 56022, 52978]",0.1740015293864014,0.16258195222410196,0.18427994671644227,True,0,False,False,1.2470025012589758e-12,0.0,0.28490190409263505,0.08019815595504093,0.2215964325348102,False,0.17075722950180738,logistic_Q
10,0.2,100000,22,20260922,"[53088, 55812, 58718, 61745, 63966, 66237, 68375, 70893, 72404, 53037, 56118, 58410, 61335, 64301, 66215, 68583, 70391, 52996, 55870, 58893, 61621, 64158, 66221, 68846, 52738, 56041, 58707, 61663, 64065, 66648, 53078, 55919, 59159, 61427, 63863, 53282, 55846, 58630, 61692, 52994, 56098, 58786, 53013, 56052, 52979]",0.1658358230691581,0.15354333597177997,0.17684551397553117,True,0,False,False,2.206235194535111e-11,0.0,0.282081904092635,0.054482635452097694,0.21300385730375138,False,0.17075722950180738,logistic_Q
10,0.2,100000,23,20260922,"[53189, 55756, 58849, 61315, 64342, 66430, 68643, 70458, 72269, 53271, 55936, 58695, 61720, 64134, 66514, 68474, 70540, 53011, 55799, 58617, 61572, 64230, 66401, 68713, 52820, 55808, 58774, 61266, 64078, 66729, 52943, 56235, 58715, 61491, 64263, 52936, 55956, 58630, 61297, 53174, 56085, 59078, 53047, 56342, 53056]",0.17310196274910353,0.1618386418743889,0.18325693422374784,True,0,False,False,9.450218385609332e-13,0.0,0.28343190409263497,0.0706898389926261,0.21822174460992322,False,0.17075722950180738,logistic_Q
10,0.2,100000,24,20260922,"[52989, 55947, 58594, 61723, 63984, 66318, 68374, 70403, 72186, 53010, 55972, 58653, 61475, 63948, 66663, 68591, 70886, 53014, 55931, 58615, 61578, 64187, 66516, 68630, 53203, 55696, 58773, 61648, 64383, 66520, 53212, 55899, 58943, 61557, 64145, 52875, 55725, 58871, 61388, 52968, 55911, 58731, 53202, 55720, 53050]",0.16654678926625757,0.15433723755176884,0.17748466609614783,True,0,False,False,2.268762955282e-11,0.0,0.2842619040926351,0.10364408097124506,0.22559855803110757,False,0.17075722950180738,logistic_Q
10,0.2,100000,25,20260922,"[53188, 56016, 59135, 61678, 64069, 66529, 68147, 70657, 72258, 52871, 55721, 58960, 61555, 64034, 66232, 68434, 70703, 53022, 56179, 58774, 61265, 64262, 66399, 68597, 53023, 55952, 58591, 61452, 64086, 66380, 52914, 56048, 58791, 61407, 64225, 52920, 56209, 58848, 61566, 52917, 55762, 58584, 53064, 56106, 52745]",0.17298479348112272,0.16155540510054295,0.18327584174416006,True,0,False,False,1.2050804798491299e-11,0.0,0.283541904092635,0.09929035359840971,0.22390802600657184,False,0.17075722950180738,logistic_Q
10,0.2,100000,26,20260922,"[52809, 55927, 58950, 61196, 63826, 66753, 68492, 70477, 72470, 53031, 55661, 58733, 61472, 64274, 66391, 68438, 70613, 52896, 55710, 58626, 61509, 64017, 66137, 68262, 52708, 55827, 58755, 61699, 63846, 66243, 53012, 56120, 58852, 61581, 64079, 53006, 55936, 58905, 61406, 52892, 55972, 58893, 53257, 55813, 53000]",0.16378796607579474,0.15105712571051264,0.1751555322791829,True,0,False,False,3.339550858072471e-13,0.0,0.281421904092635,0.00018261754042792067,0.20406998200472215,False,0.17075722950180738,logistic_Q
10,0.2,100000,27,20260922,"[52787, 55932, 58915, 61476, 64083, 66566, 68686, 70584, 72175, 53162, 56221, 58885, 61547, 63847, 66404, 68700, 70397, 52968, 56027, 58932, 61904, 64049, 66152, 68493, 52950, 55713, 58694, 61713, 63903, 66472, 52771, 55750, 58868, 61545, 64122, 53005, 56000, 58981, 61359, 52945, 55614, 58614, 53045, 55912, 53136]",0.17289550519704178,0.1614067783617298,0.18323302769115238,True,0,False,False,4.973799150320701e-13,0.0,0.284371904092635,0.08332377846582167,0.22157832005151867,False,0.17075722950180738,logistic_Q
10,0.2,100000,28,20260922,"[53143, 55793, 59073, 61295, 64197, 66533, 68737, 70496, 72376, 53099, 55876, 58809, 61419, 64139, 66435, 68719, 70258, 53370, 56162, 58571, 61829, 64196, 66561, 68866, 53082, 56005, 58564, 61560, 64137, 66224, 52908, 55985, 58678, 61472, 63848, 52871, 55848, 58935, 61447, 52833, 56068, 58770, 52877, 56023, 53335]",0.1696722118645969,0.15790117962326375,0.18024786581955196,True,0,False,False,4.121147867408581e-13,0.0,0.28236190409263506,0.0,0.2044986614971715,False,0.17075722950180738,logistic_Q
10,0.2,100000,29,20260922,"[53329, 56386, 58844, 61501, 63788, 66471, 68675, 70153, 72128, 53259, 56335, 58801, 61724, 63814, 66356, 68671, 70571, 53433, 55617, 58674, 61595, 63948, 66482, 68537, 52609, 55600, 58704, 61549, 63839, 66523, 52858, 55813, 58919, 61439, 64126, 53054, 55822, 58649, 61637, 53037, 56098, 58642, 53050, 55922, 52978]",0.1781580246916566,0.1673093702297518,0.1879604725645923,True,0,False,False,3.836930773104541e-13,0.0,0.284841904092635,0.09109300615515598,0.22369026918993334,False,0.17075722950180738,logistic_Q
10,0.2,100000,30,20260922,"[52660, 55899, 58505, 61502, 64036, 66511, 68800, 70550, 72049, 52892, 56067, 58966, 61530, 64241, 66213, 68617, 70639, 53042, 55879, 58562, 61437, 64026, 66309, 68366, 53185, 56162, 58767, 61560, 64080, 66441, 52595, 55971, 58762, 61099, 64051, 52851, 55918, 59141, 61712, 53172, 55881, 58701, 53029, 55935, 52797]",0.1695873915249097,0.1576711261511108,0.18028088737530024,True,0,False,False,5.115907697472721e-13,0.0,0.28563190409263506,0.09341344380810479,0.22503058602070525,False,0.17075722950180738,logistic_Q
10,0.2,100000,31,20260922,"[53034, 55891, 58838, 61335, 64148, 66388, 68468, 70428, 72544, 53081, 56236, 58746, 61570, 64052, 66473, 68643, 70470, 53214, 55965, 58966, 61439, 64258, 66529, 68679, 52757, 56335, 58879, 61514, 63993, 66300, 52781, 55832, 58674, 61588, 64078, 52870, 55708, 58783, 61470, 53103, 56133, 58684, 53262, 55509, 52957]",0.16486172180208036,0.15238601827983414,0.17602029050143198,True,0,False,False,2.4158453015843406e-13,0.0,0.28068190409263505,0.007797982300088102,0.2040329967390616,False,0.17075722950180738,logistic_Q
10,0.2,100000,32,20260922,"[52639, 56037, 58865, 61563, 64144, 66478, 68632, 70434, 72280, 53004, 55690, 58967, 61651, 64079, 66381, 68803, 70504, 52906, 56029, 58730, 61355, 64079, 66291, 68184, 52774, 56031, 58644, 61496, 64060, 66280, 52992, 55980, 59180, 61483, 63794, 53112, 56010, 58727, 61478, 52997, 55869, 58887, 52840, 56159, 53054]",0.17304798559954482,0.161511563458717,0.18342396647443152,True,0,False,False,5.186961971048731e-13,0.0,0.283321904092635,0.043420076955777986,0.2127053311647905,False,0.17075722950180738,logistic_Q
10,0.2,100000,33,20260922,"[52878, 55973, 58513, 61709, 63846, 66509, 68482, 70548, 72377, 53073, 56030, 58784, 61631, 64272, 66424, 68604, 70351, 53022, 56040, 59007, 61457, 63850, 66409, 68373, 53143, 55974, 59102, 61375, 63906, 66574, 52867, 56037, 58676, 61424, 64286, 52974, 55969, 58647, 61629, 52992, 55728, 58973, 52992, 55692, 52994]",0.1712170357838707,0.15950464479871015,0.18174146426544113,True,0,False,False,3.588240815588506e-13,0.0,0.282351904092635,0.09427147598762375,0.22149162028611025,False,0.17075722950180738,logistic_Q
10,0.2,100000,34,20260922,"[52790, 55898, 58763, 61499, 63950, 66444, 68295, 70455, 72409, 52961, 55687, 58874, 61583, 64047, 66464, 68575, 70409, 53133, 56146, 59009, 61016, 64034, 66406, 68489, 52976, 55858, 58613, 61481, 63885, 66629, 52937, 56234, 58557, 61635, 64026, 53195, 55805, 59094, 61529, 52925, 55913, 58815, 53073, 55756, 52923]",0.16837644291834236,0.15626223284982402,0.17923432195210062,True,0,False,False,7.482015007553855e-12,0.0,0.282031904092635,0.044971142759795246,0.21153282904802595,False,0.17075722950180738,logistic_Q
10,0.2,100000,35,20260922,"[52745, 55946, 58806, 61522, 64251, 66519, 68556, 70595, 72195, 53000, 56041, 58953, 61603, 63992, 66267, 68657, 70502, 53121, 55861, 58881, 61672, 63830, 66544, 68765, 52921, 55808, 58755, 61606, 64114, 66289, 53250, 55949, 58649, 61155, 64256, 52818, 55974, 58704, 61540, 53003, 55731, 59024, 52947, 55999, 53091]",0.17089861763748299,0.15928715157962886,0.18134275149837845,True,0,False,False,1.8474111129762605e-13,0.0,0.28417190409263504,0.09640891556007325,0.22411463930648795,False,0.17075722950180738,logistic_Q
10,0.2,100000,36,20260922,"[52721, 55609, 58778, 61494, 63953, 66397, 68703, 70657, 72276, 53328, 56466, 58812, 61700, 64256, 66370, 68521, 70678, 52902, 55594, 58568, 61526, 63959, 66340, 68532, 52976, 55842, 58970, 61462, 63936, 66376, 52964, 55892, 58837, 61741, 64015, 52664, 56406, 58947, 61457, 52964, 55859, 58634, 53103, 55910, 52872]",0.16513464121798554,0.1527067389844419,0.17625454582015898,True,0,False,False,1.2789769243681803e-12,0.0,0.28336190409263506,0.06186592400877955,0.21617768954049327,False,0.17075722950180738,logistic_Q
10,0.2,100000,37,20260922,"[53208, 56279, 58767, 61297, 63772, 66594, 68585, 70435, 72507, 52895, 55885, 58516, 61612, 64059, 66435, 68547, 70402, 53034, 55934, 58736, 61550, 64017, 66124, 68595, 53101, 56020, 58763, 61383, 64216, 66730, 53152, 56104, 58604, 61410, 64160, 52978, 55841, 59255, 61810, 52806, 55759, 58780, 52961, 55946, 53078]",0.16917554321815645,0.15732911221037782,0.17981602274664515,True,0,False,False,1.8751222796709044e-11,0.0,0.28105190409263503,0.02122065564186637,0.20665392904896102,False,0.17075722950180738,logistic_Q
10,0.2,100000,38,20260922,"[53098, 55958, 58798, 61567, 64089, 66406, 68675, 70408, 72311, 53163, 55841, 58833, 61760, 64004, 66150, 68627, 70401, 52918, 56165, 58653, 61547, 64183, 66363, 68573, 53079, 55826, 58691, 61416, 63943, 66323, 53072, 55854, 58397, 61736, 64324, 53127, 55718, 59031, 61389, 52871, 55887, 59017, 53050, 56170, 52873]",0.17507544463102773,0.16390859735236285,0.18514665778057926,True,0,False,False,5.329070518200751e-13,0.0,0.283011904092635,0.09326533335314818,0.22213990028491482,False,0.17075722950180738,logistic_Q
10,0.2,100000,39,20260922,"[53301, 56128, 58812, 61451, 63968, 66530, 68725, 70551, 72132, 53004, 55945, 58690, 61884, 63710, 66199, 68411, 70528, 53001, 55807, 58732, 61398, 63972, 66443, 68718, 53085, 56206, 59087, 61489, 64177, 66526, 53307, 55793, 59068, 61533, 64269, 52856, 56059, 58768, 61518, 52916, 55860, 58656, 53200, 55664, 53157]",0.17506538354102197,0.16386651373376773,0.18516200392563362,True,0,False,False,2.984279490192421e-13,0.0,0.28480190409263506,0.09855322468834365,0.22534558151385758,False,0.17075722950180738,logistic_Q
10,0.2,100000,40,20260922,"[52912, 56265, 58723, 61431, 63949, 66402, 68588, 70665, 72242, 53351, 56108, 58782, 61365, 63934, 66254, 68430, 70569, 53103, 56095, 58879, 61325, 64215, 66397, 68690, 53191, 56250, 59169, 61399, 64100, 66848, 52953, 56181, 58877, 61469, 63869, 52565, 56059, 58957, 61527, 53104, 55915, 58627, 53004, 56211, 52945]",0.1736960949647456,0.162336803663612,0.18392760289789045,True,0,False,False,1.0302869668521453e-12,0.0,0.28370190409263507,0.04254341473131007,0.21318350156197646,False,0.17075722950180738,logistic_Q
10,0.2,100000,41,20260922,"[52757, 55931, 58740, 61612, 64038, 66370, 68582, 70583, 72350, 52787, 55887, 58853, 61573, 64193, 66425, 68746, 70563, 53212, 56086, 58987, 61628, 64085, 66425, 68717, 53303, 55892, 58694, 61379, 63841, 66510, 53110, 55840, 58786, 61645, 64162, 53192, 55688, 58510, 61645, 53103, 56337, 58841, 53165, 55905, 53017]",0.16781668237670172,0.1558474291224975,0.1785594974381359,True,0,False,False,3.304023721284466e-13,0.0,0.282621904092635,0.07862807267710059,0.21851721428887577,False,0.17075722950180738,logistic_Q
10,0.2,100000,42,20260922,"[53255, 55731, 58777, 61304, 63948, 66242, 68568, 70497, 72154, 53177, 55544, 58793, 61458, 64240, 66560, 68675, 70480, 53048, 55881, 58667, 61463, 64172, 66404, 68814, 53055, 55973, 58821, 61927, 64211, 66608, 53078, 55888, 58862, 61499, 64220, 52853, 56186, 58622, 61802, 53180, 56274, 58980, 52855, 55838, 52938]",0.17336131982449451,0.1620135375324409,0.18358171694641032,True,0,False,False,7.212008767965017e-13,0.0,0.28458190409263506,0.07956983089728326,0.22128129278647185,False,0.17075722950180738,logistic_Q
10,0.2,100000,43,20260922,"[52960, 55889, 58953, 61428, 63937, 66675, 68783, 70551, 72233, 53082, 55986, 59039, 61269, 64142, 66413, 68733, 70324, 52825, 56129, 58579, 61678, 64229, 66487, 68245, 52936, 55780, 58680, 61515, 64116, 66491, 52912, 56150, 58818, 61709, 64295, 53063, 55943, 58731, 61450, 53050, 55982, 58893, 53218, 56057, 52964]",0.17583213498391378,0.16478151112753628,0.18580457600919434,True,0,False,False,4.050093593832571e-13,0.0,0.283791904092635,0.08806866750964515,0.2220212581643004,False,0.17075722950180738,logistic_Q
10,0.2,100000,44,20260922,"[53111, 55930, 58865, 61664, 63821, 66436, 68788, 70364, 72162, 52873, 55887, 58993, 61383, 64163, 66166, 68895, 70455, 52968, 55770, 58667, 61509, 64264, 66403, 68793, 53158, 56008, 58998, 61840, 63859, 66527, 53164, 56064, 58680, 61337, 64063, 53155, 55689, 59038, 61347, 53021, 55825, 58763, 52780, 56038, 53006]",0.17136113496488908,0.15971945208710617,0.18182646931438362,True,0,False,False,1.8850698779715458e-11,0.0,0.284501904092635,0.09524479471186187,0.22402824367797047,False,0.17075722950180738,logistic_Q
10,0.2,100000,45,20260922,"[53061, 56274, 58865, 61429, 63986, 66513, 68489, 70814, 72376, 52868, 55819, 58915, 61511, 64204, 66446, 68307, 70717, 53131, 55672, 58793, 61476, 63974, 66521, 68891, 53083, 56040, 58885, 61581, 64096, 66308, 53181, 55961, 58762, 61401, 64419, 53037, 56041, 59106, 61528, 52706, 55869, 58905, 53046, 55881, 52769]",0.16563830840973312,0.15347319082110294,0.17654691963055294,True,0,False,False,9.237055564881302e-12,0.0,0.28236190409263506,0.08304407539698117,0.21941998942945834,False,0.17075722950180738,logistic_Q
10,0.2,100000,46,20260922,"[52939, 55970, 58890, 61498, 64269, 66551, 68464, 70576, 72108, 53146, 55784, 58641, 61392, 63937, 66613, 68407, 70527, 53029, 55816, 58974, 61318, 63978, 66428, 68711, 53144, 55827, 58835, 61705, 63976, 66454, 52841, 55864, 58788, 61275, 63778, 53066, 55679, 58774, 61404, 52901, 56252, 59023, 53239, 55511, 52974]",0.16947197175766263,0.15755663748454268,0.18016529761949424,True,0,False,False,8.384404281969182e-13,0.0,0.28504190409263497,0.05905363845245454,0.21758736559179503,False,0.17075722950180738,logistic_Q
10,0.2,100000,47,20260922,"[52827, 55880, 58927, 61535, 64242, 66394, 68884, 70746, 72015, 53155, 56192, 58876, 61671, 64246, 66716, 68700, 70535, 52901, 56143, 58574, 61675, 64116, 66435, 68550, 52803, 55867, 58735, 61442, 64297, 66428, 52908, 55802, 59139, 61592, 64259, 53034, 55950, 58638, 61563, 53005, 55773, 58597, 52854, 55822, 53219]",0.17182521273322648,0.1604170530275316,0.18209900204977336,True,0,False,False,4.867217739956686e-13,0.0,0.28597190409263507,0.11516744510251625,0.2302681266638229,False,0.17075722950180738,logistic_Q
10,0.2,100000,48,20260922,"[52839, 55862, 58673, 61421, 63970, 66530, 68287, 70482, 72176, 53346, 55831, 58850, 61974, 64031, 66377, 68631, 70547, 52780, 56197, 58942, 61364, 63907, 66478, 68796, 53019, 55950, 58677, 61487, 64037, 66522, 53064, 55918, 58697, 61623, 63889, 53168, 55962, 58705, 61646, 53181, 55901, 58621, 52756, 55935, 53133]",0.17097137561716172,0.15921918146087835,0.1815278819351731,True,0,False,False,6.394884621840902e-13,0.0,0.28436190409263506,0.053617941461693575,0.21591513967662046,False,0.17075722950180738,logistic_Q
10,0.2,100000,49,20260922,"[52705, 55896, 58941, 61445, 63606, 66387, 68571, 70537, 72092, 53295, 55792, 58897, 61361, 63906, 66256, 68552, 70628, 53297, 55819, 58817, 61616, 64004, 66387, 68599, 53124, 56056, 58841, 61586, 64431, 66368, 52936, 56145, 58591, 61345, 64017, 53069, 55921, 58902, 61541, 53055, 55989, 58758, 53275, 55910, 53066]",0.17281628689139883,0.16121453689592685,0.18324549700795364,True,0,False,False,3.126388037344441e-13,0.0,0.285201904092635,0.08055313722877527,0.2219602272745127,False,0.17075722950180738,logistic_Q
10,0.2,100000,50,20260922,"[52861, 55889, 58625, 61442, 63837, 66618, 68604, 70510, 72103, 53305, 55686, 58827, 61454, 64012, 66635, 68749, 70668, 53068, 56190, 58869, 61428, 63731, 66299, 68625, 53389, 55653, 58756, 61663, 63848, 66246, 53065, 56039, 58991, 61254, 64061, 52986, 55977, 58797, 61666, 53080, 56148, 58786, 53143, 56017, 52880]",0.16932266715109073,0.15737564945687638,0.18004231335895876,True,0,False,False,3.552713678800501e-13,0.0,0.2850919040926351,0.08310137261366285,0.22236251076003943,False,0.17075722950180738,logistic_Q
10,0.2,100000,51,20260922,"[52754, 56051, 58825, 61445, 63927, 66602, 68501, 70532, 72214, 52860, 55716, 59063, 61578, 63775, 66562, 68538, 70648, 52760, 55715, 58997, 61570, 63896, 66225, 68727, 52859, 55866, 59076, 61572, 64108, 66575, 53161, 55738, 58869, 61143, 63857, 53081, 56017, 58944, 61793, 53140, 56117, 58753, 53372, 56127, 53068]",0.1719121300352362,0.16036653247138832,0.18230010576532865,True,0,False,False,6.679101716144942e-13,0.0,0.283981904092635,0.04699115816795363,0.2142652169042718,False,0.17075722950180738,logistic_Q
10,0.2,100000,52,20260922,"[52926, 56105, 59090, 61552, 63981, 66529, 68641, 70422, 72289, 52588, 56068, 58777, 61529, 63833, 66428, 68500, 70303, 53074, 56010, 58974, 61678, 63896, 66441, 68672, 53201, 56101, 58636, 61685, 63938, 66236, 53055, 55869, 58877, 61636, 64166, 52948, 55818, 58927, 61549, 53354, 55710, 58829, 52953, 55839, 53197]",0.1781029871538032,0.16721210960746463,0.1879398368699198,True,0,False,False,4.334310688136611e-13,0.0,0.283231904092635,0.08080168673338195,0.21971285683083475,False,0.17075722950180738,logistic_Q
10,0.2,100000,53,20260922,"[52955, 56007, 59162, 61508, 63978, 66434, 68696, 70577, 72389, 53171, 56005, 58770, 61697, 64215, 66453, 68493, 70647, 52875, 56049, 58854, 61410, 64139, 66487, 68641, 53015, 55988, 58514, 61561, 63941, 66466, 53225, 55626, 58632, 61651, 63770, 53279, 55907, 58995, 61290, 52815, 56085, 59163, 53034, 56081, 53127]",0.17026582527069936,0.15862820893395188,0.1807339096681788,True,0,False,False,3.552713678800501e-13,0.0,0.282231904092635,0.014647121312669653,0.2067579198304566,False,0.17075722950180738,logistic_Q
10,0.2,100000,54,20260922,"[52948, 55746, 58843, 61550, 64170, 66479, 68573, 70531, 72339, 52847, 56231, 58827, 61536, 63986, 66100, 68599, 70701, 53129, 55926, 58632, 61462, 64119, 66593, 68562, 53174, 55984, 58893, 61732, 64179, 66239, 53364, 55890, 58903, 61649, 63778, 52867, 55916, 58541, 61585, 52963, 55863, 58771, 53044, 56094, 53184]",0.16874252403732393,0.15676649016661562,0.17948756184199907,True,0,False,False,4.618527782440651e-13,0.0,0.28273190409263504,0.030350273677228867,0.20980974870388946,False,0.17075722950180738,logistic_Q
10,0.2,100000,55,20260922,"[53160, 56144, 58847, 61397, 64065, 66462, 68571, 70732, 72039, 53150, 55971, 58597, 61463, 63889, 66245, 68654, 70451, 52908, 55985, 58945, 61425, 64110, 66570, 68449, 53014, 55995, 58883, 61588, 64052, 66837, 52602, 55778, 58726, 61568, 64120, 53064, 55923, 58763, 61513, 53047, 55884, 58527, 52545, 55956, 53266]",0.1716470445785854,0.16006987006575005,0.1820598524900255,True,0,False,False,2.6062707547680475e-11,0.0,0.28573190409263505,0.09180384998094676,0.22493177383440832,False,0.17075722950180738,logistic_Q
10,0.2,100000,56,20260922,"[53064, 56044, 58809, 61394, 63890, 66173, 68776, 70505, 72122, 52948, 56075, 58675, 61459, 64147, 66672, 68679, 70660, 53296, 55921, 58822, 61320, 64140, 66569, 68531, 52866, 56157, 58908, 61531, 64080, 66357, 53076, 55862, 58942, 61332, 64024, 52681, 56268, 58850, 61629, 52871, 56078, 58711, 52996, 55787, 53240]",0.17080457719107717,0.15907621416031353,0.1813415059280849,True,0,False,False,1.0231815394945443e-12,0.0,0.28490190409263505,0.07275153212410834,0.22014679007671095,False,0.17075722950180738,logistic_Q
10,0.2,100000,57,20260922,"[53132, 55729, 58739, 61565, 63990, 66282, 68528, 70464, 72334, 53089, 56094, 58491, 61480, 63997, 66624, 68572, 70604, 52866, 56288, 58759, 61657, 64082, 66498, 68545, 53160, 55841, 58989, 61670, 64041, 66401, 52972, 55861, 58797, 61676, 64349, 52711, 55805, 58401, 61457, 53128, 55925, 58910, 53122, 55942, 53171]",0.16918963311083265,0.15729362987894188,0.17986773148684015,True,0,False,False,3.055333763768431e-13,0.0,0.28278190409263504,0.0927294925880554,0.22178209309964397,False,0.17075722950180738,logistic_Q
10,0.2,100000,58,20260922,"[52990, 56010, 58968, 61468, 64064, 66253, 68490, 70758, 71918, 52447, 55926, 58956, 61504, 64198, 66563, 68767, 70353, 52786, 55888, 58732, 61353, 64420, 66591, 68589, 52886, 56094, 59040, 61539, 63957, 66598, 53089, 56041, 58715, 61339, 63974, 52984, 56255, 58701, 61727, 52815, 55578, 58763, 52993, 55776, 52887]",0.17352691889021385,0.16211209683953004,0.18379997808754286,True,0,False,False,1.2853718089900212e-11,0.0,0.286941904092635,0.09834155733253575,0.22752942015528793,False,0.17075722950180738,logistic_Q
10,0.2,100000,59,20260922,"[53251, 56116, 58940, 61399, 64106, 66238, 68165, 70491, 72356, 52908, 55916, 58987, 61677, 64416, 66470, 68548, 70505, 53122, 55901, 58928, 61547, 64209, 66258, 68865, 53163, 56122, 58732, 61509, 64139, 66569, 52691, 56027, 58992, 61561, 64019, 52925, 55925, 58556, 61412, 52950, 55952, 58857, 53002, 56057, 52903]",0.17530017523884706,0.16412567319313626,0.1853753920665377,True,0,False,False,5.8690829973784275e-12,0.0,0.28256190409263504,0.04008713863653218,0.21145046980925336,False,0.17075722950180738,logistic_Q
10,0.2,100000,60,20260922,"[52933, 55816, 58801, 61438, 64136, 66712, 68522, 70739, 72553, 52802, 55771, 58797, 61713, 64146, 66422, 68722, 70732, 53104, 56320, 59167, 61576, 63966, 66440, 68464, 52892, 55731, 59172, 61451, 63962, 66616, 52734, 55838, 58677, 61385, 63938, 53158, 56404, 58593, 61493, 52952, 56203, 58769, 53064, 56033, 53209]",0.1610499057435446,0.1482822043635083,0.17245688214973018,True,0,False,False,1.6505907751707127e-11,0.0,0.280591904092635,0.0,0.20253641069022393,False,0.17075722950180738,logistic_Q
10,0.2,100000,61,20260922,"[53219, 55980, 58826, 61559, 64134, 66493, 68665, 70567, 72383, 52763, 56145, 58595, 61403, 63960, 66540, 68503, 70797, 53126, 56141, 58679, 61490, 64080, 66685, 68726, 53017, 55925, 58763, 61418, 64044, 66285, 52992, 55730, 58964, 61465, 64162, 52947, 55698, 58680, 61631, 52781, 55705, 58852, 53063, 56080, 53084]",0.16172542451346378,0.14909633525403873,0.1730191837110252,True,0,False,False,6.359357485052897e-13,0.0,0.28229190409263505,0.06976629693338549,0.21641857794538305,False,0.17075722950180738,logistic_Q
10,0.2,100000,62,20260922,"[52925, 55723, 58961, 61446, 63875, 66575, 68326, 70359, 72495, 53230, 56040, 58956, 61490, 64119, 66497, 68608, 70356, 53050, 56125, 58712, 61491, 63906, 66522, 68455, 52855, 56217, 59059, 61696, 64071, 66545, 53037, 56247, 58615, 61323, 64518, 53016, 55790, 58739, 61601, 52794, 55672, 58867, 52855, 55798, 53486]",0.17427136032165227,0.16296434939625495,0.18445786878368525,True,0,False,False,7.318590178329032e-13,0.0,0.28117190409263504,0.0798371754560353,0.21743860108728474,False,0.17075722950180738,logistic_Q
10,0.2,100000,63,20260922,"[52955, 56066, 58751, 61287, 63986, 66343, 68521, 70558, 72506, 53257, 56072, 58762, 61633, 63939, 66448, 68568, 70368, 53139, 55764, 58801, 61859, 64201, 66551, 68534, 53024, 55859, 58966, 61238, 64081, 66290, 53285, 55966, 58883, 61528, 64010, 52774, 55968, 58812, 61374, 53198, 56048, 58827, 53160, 55924, 52685]",0.16794114794742138,0.15577684039001333,0.1788395699384332,True,0,False,False,4.511946372076636e-13,0.0,0.281061904092635,0.0,0.20289455155050795,False,0.17075722950180738,logistic_Q
10,0.2,100000,64,20260922,"[52827, 56117, 58745, 61679, 64317, 66419, 68589, 70382, 72245, 52796, 55763, 58782, 61535, 64069, 66454, 68534, 70297, 53174, 55909, 58751, 61468, 63956, 66724, 68621, 52987, 56169, 58846, 61734, 63958, 66491, 53001, 55730, 58851, 61238, 63974, 53038, 55739, 58635, 61457, 52970, 55842, 58787, 52926, 55832, 52815]",0.17075847676178335,0.1589910394285491,0.181327289265121,True,0,False,False,2.948752353404416e-13,0.0,0.283671904092635,0.0795193950592406,0.21977149987451017,False,0.17075722950180738,logistic_Q
10,0.2,100000,65,20260922,"[52998, 55900, 58342, 61445, 63865, 66595, 68307, 70531, 72192, 53176, 55956, 59021, 61767, 63903, 66331, 68431, 70498, 52759, 56235, 58875, 61547, 64158, 66549, 68609, 52890, 56059, 59098, 61392, 64279, 66377, 53150, 55849, 58818, 61549, 63936, 53201, 56308, 58918, 61567, 52765, 55970, 58694, 52741, 55761, 52840]",0.17379983403084356,0.16225466531759622,0.18417871012277517,True,0,False,False,8.313350008393172e-13,0.0,0.284201904092635,0.05940000756685432,0.21674728175253766,False,0.17075722950180738,logistic_Q
10,0.2,100000,66,20260922,"[53164, 55841, 58665, 61467, 63944, 66413, 68520, 70494, 72142, 53092, 55919, 58601, 61346, 64000, 66536, 68717, 70414, 52942, 56094, 59221, 61660, 63899, 66452, 68450, 53054, 55724, 58849, 61880, 64118, 66408, 52696, 56035, 58587, 61515, 64219, 52844, 55820, 58404, 61490, 53450, 55990, 59253, 52847, 56037, 52450]",0.17379224218755168,0.16236653804877194,0.18407487839921907,True,0,False,False,1.0928147275990341e-11,0.0,0.28470190409263507,0.09467341922876277,0.22436215942401766,False,0.17075722950180738,logistic_Q
10,0.2,100000,67,20260922,"[53224, 55712, 58913, 61711, 64146, 66571, 68808, 70504, 72361, 52701, 55929, 58975, 61481, 63809, 66690, 68729, 70569, 52861, 55915, 58749, 61375, 63858, 66427, 68765, 52808, 56038, 58585, 61417, 64060, 66295, 52803, 55874, 58521, 61811, 64104, 52894, 56040, 58689, 61482, 52908, 56061, 58626, 52968, 55932, 52973]",0.1603457258946779,0.14752008112704104,0.1718011969716772,True,0,False,False,3.907985046680551e-13,0.0,0.28251190409263505,0.08075640155342223,0.21871837849683834,False,0.17075722950180738,logistic_Q
10,0.2,100000,68,20260922,"[52892, 55977, 58645, 61456, 64185, 66568, 68345, 70531, 72257, 52797, 55810, 58696, 61586, 63970, 66639, 68561, 70320, 52781, 55946, 59133, 61628, 64174, 66430, 68334, 52602, 55644, 58876, 61270, 63997, 66580, 52973, 56082, 58893, 61559, 64095, 53279, 55913, 58878, 61577, 52873, 56144, 58905, 52972, 56090, 52929]",0.17602446447639855,0.16489044104259626,0.18606407737869016,True,0,False,False,1.1084466677857563e-12,0.0,0.283551904092635,0.06889997033832956,0.21779669324278123,False,0.17075722950180738,logistic_Q
10,0.2,100000,69,20260922,"[52983, 55948, 58691, 61554, 64270, 66357, 68318, 70662, 72215, 53091, 55779, 58844, 61607, 64321, 66407, 68510, 70464, 52960, 55606, 58436, 61315, 64172, 66439, 68680, 53082, 55963, 59123, 61401, 63859, 66522, 52914, 56105, 58552, 61449, 64106, 52953, 55958, 58879, 61741, 52760, 55778, 58865, 52919, 55829, 53088]",0.1697079262910678,0.15789878746680866,0.18031510892461444,True,0,False,False,8.810729923425242e-13,0.0,0.28397190409263506,0.08405766865296427,0.22119428924160323,False,0.17075722950180738,logistic_Q
10,0.2,100000,70,20260922,"[53169, 56031, 58938, 61390, 64199, 66350, 68668, 70589, 72237, 53090, 55732, 58806, 61319, 64085, 66572, 68533, 70380, 53143, 55977, 58835, 61553, 63883, 66474, 68313, 53267, 56063, 58812, 61741, 64353, 66377, 52816, 55950, 58550, 61373, 64364, 53118, 55737, 58729, 61502, 53227, 55703, 58771, 52870, 55949, 52952]",0.17309250693840472,0.16164377604227895,0.1833968638808976,True,0,False,False,2.1813661987835076e-11,0.0,0.28375190409263507,0.09044721543363621,0.2225468003716517,False,0.17075722950180738,logistic_Q
10,0.2,100000,71,20260922,"[53014, 56025, 58712, 61469, 63995, 66342, 68925, 70480, 72144, 53113, 55843, 59032, 61412, 63903, 66208, 68676, 70420, 52796, 55908, 58510, 61617, 64063, 66359, 68725, 53240, 55915, 58800, 61258, 64080, 66433, 53000, 56142, 58859, 61328, 64123, 52802, 55890, 58594, 61581, 52867, 55864, 58831, 53165, 55871, 52974]",0.1682554537572871,0.15622477425798204,0.17904623372702452,True,0,False,False,2.027888967859326e-11,0.0,0.28468190409263505,0.08636228395187284,0.2225574648227836,False,0.17075722950180738,logistic_Q
10,0.2,100000,72,20260922,"[52744, 55523, 58379, 61526, 64066, 66562, 68591, 70623, 72093, 53117, 55760, 58767, 61567, 64195, 66444, 68572, 70468, 53069, 55736, 58961, 61219, 63904, 66320, 68594, 53287, 56125, 58589, 61490, 64267, 66347, 52940, 56268, 58763, 61721, 63888, 53260, 55995, 58896, 61544, 52909, 55750, 58857, 53024, 56037, 53250]",0.17000928691242903,0.1580979466265853,0.18069665888889425,True,0,False,False,2.2737367544323206e-13,0.0,0.28519190409263506,0.07550522850426833,0.22083770135487302,False,0.17075722950180738,logistic_Q
10,0.2,100000,73,20260922,"[53188, 56247, 58823, 61509, 64040, 66532, 68578, 70592, 72059, 53171, 56076, 58685, 61575, 64199, 66174, 68437, 70794, 53127, 55840, 58724, 61360, 63916, 66532, 68414, 52880, 56010, 58964, 61388, 64489, 66593, 52936, 55650, 58750, 61464, 64259, 53260, 55833, 58687, 61109, 53191, 55699, 58734, 53067, 56038, 52983]",0.1717259866018169,0.1601753462311111,0.18211789066796874,True,0,False,False,1.1397105481592007e-11,0.0,0.28553190409263507,0.10928272761856983,0.2284672564343314,False,0.17075722950180738,logistic_Q
10,0.2,100000,74,20260922,"[53124, 56005, 58921, 61321, 64104, 66345, 68329, 70595, 72328, 53108, 56133, 59081, 61491, 64081, 66630, 68416, 70353, 53163, 55768, 58822, 61778, 64106, 66492, 68955, 52657, 55923, 59050, 61444, 63862, 66529, 53145, 55970, 58757, 61738, 63917, 52918, 56289, 58669, 61461, 52919, 55868, 58628, 52951, 56173, 53091]",0.17427814739155204,0.16297803291738264,0.1844584614688813,True,0,False,False,1.935518412210513e-11,0.0,0.282841904092635,0.020303849266616603,0.2086652609378032,False,0.17075722950180738,logistic_Q
10,0.2,100000,75,20260922,"[52818, 56030, 58472, 61588, 63947, 66501, 68310, 70570, 72163, 53022, 55980, 58921, 61278, 64205, 66257, 68756, 70774, 52666, 55961, 58689, 61471, 64228, 66628, 68411, 53123, 56091, 58952, 61366, 64221, 66369, 52735, 56047, 58631, 61380, 64467, 53355, 55909, 58836, 61529, 53186, 56020, 59046, 53072, 56147, 53127]",0.17309159220317683,0.16171161495834532,0.183340518916835,True,0,False,False,3.339550858072471e-13,0.0,0.28449190409263503,0.11926317607599513,0.22973535551360258,False,0.17075722950180738,logistic_Q
10,0.2,100000,76,20260922,"[52904, 55914, 58959, 61424, 64122, 66382, 68384, 70385, 72377, 52858, 55925, 58659, 61407, 64056, 66648, 68681, 70498, 52912, 56118, 58914, 61537, 64292, 66578, 68563, 53280, 55798, 58788, 61772, 64122, 66643, 52929, 56054, 58650, 61531, 64446, 53009, 56152, 58617, 61453, 52823, 55970, 58899, 53266, 56008, 53201]",0.1737067551481645,0.16243793235664075,0.18386270054584386,True,0,False,False,6.110667527536862e-13,0.0,0.282351904092635,0.08489548262255964,0.21981346210415853,False,0.17075722950180738,logistic_Q
10,0.2,100000,77,20260922,"[52850, 55790, 58940, 61313, 64101, 66338, 68721, 70390, 72498, 52982, 55847, 58496, 61401, 63791, 66467, 68862, 70527, 53145, 55862, 58725, 61386, 63962, 66462, 68425, 52823, 56034, 58633, 61621, 63885, 66341, 52697, 55902, 58660, 61564, 64115, 53047, 55988, 59082, 61573, 52962, 55838, 58652, 53078, 55925, 53341]",0.15960940447897923,0.14648556707945373,0.1713051449048295,True,0,False,False,7.460698725481052e-13,0.0,0.28114190409263506,0.018489631851130506,0.2063004345939058,False,0.17075722950180738,logistic_Q
10,0.2,100000,78,20260922,"[52950, 55918, 59064, 61437, 64193, 66353, 68467, 70446, 72348, 53012, 55872, 58893, 61164, 64051, 66182, 68558, 70520, 52907, 56265, 59183, 61531, 64309, 66444, 68702, 52851, 55798, 58728, 61517, 64250, 66447, 52958, 56072, 58744, 61780, 64060, 53191, 55780, 58651, 61357, 52960, 55869, 58846, 52750, 55645, 53042]",0.16950376573395085,0.1575916647491491,0.18019394932543017,True,0,False,False,1.7763568394002505e-13,0.0,0.282641904092635,0.05076514372090485,0.2133739538806128,False,0.17075722950180738,logistic_Q
10,0.2,100000,79,20260922,"[53308, 55903, 59068, 61647, 64095, 66333, 68655, 70566, 72071, 53186, 56069, 58759, 61453, 64156, 66395, 68562, 70460, 52852, 56154, 58934, 61486, 64188, 66317, 68499, 53100, 55994, 58642, 61398, 64194, 66218, 52890, 56175, 59130, 61235, 63961, 53011, 56153, 58737, 61530, 52774, 55903, 58883, 52734, 55874, 52941]",0.17943815843654007,0.16866952298973054,0.18917054088359989,True,0,False,False,8.100187187665142e-13,0.0,0.28541190409263506,0.09517394452858835,0.2250010204011968,False,0.17075722950180738,logistic_Q
10,0.2,100000,80,20260922,"[53280, 56015, 58471, 61627, 64186, 66392, 68662, 70622, 72304, 52887, 56087, 59013, 61462, 64240, 66477, 68809, 70462, 52901, 55898, 58744, 61666, 64371, 66554, 68299, 52741, 56076, 58821, 61339, 64204, 66389, 53108, 55791, 58685, 61648, 63937, 53107, 55850, 58790, 61446, 53065, 55803, 58599, 52994, 56155, 53156]",0.16912481201607998,0.15725564122797733,0.17978044663309195,True,0,False,False,3.055333763768431e-13,0.0,0.283081904092635,0.06355402772940322,0.2160069905886005,False,0.17075722950180738,logistic_Q
10,0.2,100000,81,20260922,"[52789, 55676, 58798, 61824, 63812, 66417, 68697, 70515, 72188, 52947, 56040, 58818, 61419, 64169, 66315, 68460, 70602, 52910, 55845, 58697, 61619, 64152, 66696, 68389, 52912, 56177, 58916, 61648, 64014, 66392, 52882, 55791, 58635, 61366, 64049, 53020, 55848, 59038, 61428, 53086, 56050, 58636, 53174, 55661, 53142]",0.16899899752130793,0.15698162111069505,0.17977477662342523,True,0,False,False,4.902744876744691e-13,0.0,0.28424190409263506,0.10351921006565135,0.2254387273926569,False,0.17075722950180738,logistic_Q
10,0.2,100000,82,20260922,"[52931, 55504, 58909, 61658, 63937, 66597, 68534, 70298, 72292, 52708, 55833, 58923, 61548, 64104, 66368, 68312, 70442, 52848, 55786, 58608, 61393, 63970, 66200, 68576, 53037, 55948, 58800, 61454, 64047, 66453, 52907, 55858, 59018, 61754, 63948, 52927, 55936, 58616, 61520, 52983, 55877, 58750, 52943, 56032, 52976]",0.17125228985976224,0.15945794628515186,0.1818427306664605,True,0,False,False,8.100187187665142e-13,0.0,0.283201904092635,0.06932349220410272,0.21722410683549304,False,0.17075722950180738,logistic_Q
10,0.2,100000,83,20260922,"[52805, 55816, 58899, 61401, 64064, 66509, 68574, 70424, 72033, 52864, 55975, 58612, 61756, 64428, 66462, 68471, 70650, 53062, 55928, 58971, 61300, 63968, 66379, 68308, 53096, 56048, 58738, 61626, 64110, 66588, 52841, 56037, 58744, 61468, 64019, 53145, 56173, 58965, 61293, 52825, 55869, 58853, 53084, 55829, 52814]",0.17546456975900288,0.16419695923980848,0.18561366903798487,True,0,False,False,3.836930773104541e-13,0.0,0.285791904092635,0.0837683599629554,0.22331908745246082,False,0.17075722950180738,logistic_Q
10,0.2,100000,84,20260922,"[53185, 56200, 58804, 61503, 64215, 66327, 68751, 70434, 72401, 53089, 55903, 58750, 61428, 64179, 66661, 68579, 70206, 53076, 55809, 58828, 61452, 64232, 66308, 68566, 52892, 55935, 58851, 61471, 64131, 66359, 52969, 56124, 59291, 61613, 64175, 52966, 55761, 58819, 61459, 52986, 55743, 59178, 53151, 55987, 53168]",0.17871367417073156,0.1679948970830909,0.18840755822046232,True,0,False,False,7.318590178329032e-13,0.0,0.282111904092635,0.06330223846963501,0.21502216972832577,False,0.17075722950180738,logistic_Q
10,0.2,100000,85,20260922,"[53299, 56027, 58707, 61377, 63991, 66257, 68668, 70450, 72404, 53110, 56140, 58586, 61418, 64261, 66552, 68707, 70502, 53168, 55944, 58814, 61638, 63952, 66286, 68601, 53315, 55862, 58765, 61550, 64000, 66597, 52821, 56057, 58959, 61526, 64175, 52797, 56134, 58672, 61254, 53244, 56140, 58856, 53013, 55882, 53192]",0.16949075346524847,0.1576328422706912,0.18013807224379896,True,0,False,False,5.258016244624741e-13,0.0,0.282081904092635,0.0494183742179502,0.21256959396951908,False,0.17075722950180738,logistic_Q
10,0.2,100000,86,20260922,"[53229, 56000, 59258, 61294, 64058, 66374, 68775, 70340, 72168, 52941, 55788, 58770, 61501, 64265, 66710, 68913, 70476, 53164, 56017, 58728, 61834, 64167, 66442, 68714, 52829, 55918, 58667, 61714, 64013, 66358, 53215, 56044, 58733, 61655, 63899, 52945, 55748, 58727, 61528, 52886, 56189, 59012, 53156, 55941, 53223]",0.1769399850437492,0.16606536400970823,0.1867647045596045,True,0,False,False,9.663381206337363e-13,0.0,0.28444190409263503,0.04085935239662708,0.21397999809154444,False,0.17075722950180738,logistic_Q
10,0.2,100000,87,20260922,"[52913, 55794, 58583, 61726, 63898, 66533, 68527, 70360, 72019, 53248, 55696, 58722, 61108, 64170, 66370, 68476, 70380, 53052, 55530, 59028, 61638, 63765, 66108, 68863, 53010, 55990, 58806, 61471, 64405, 66583, 52767, 55939, 58936, 61453, 64176, 52706, 55928, 58918, 61429, 52754, 56092, 58874, 53069, 55917, 52509]",0.17395739867157572,0.16252694906336426,0.1842439161812361,True,0,False,False,8.093081760307541e-12,0.0,0.285931904092635,0.12141570117199546,0.23152295239901033,False,0.17075722950180738,logistic_Q
10,0.2,100000,88,20260922,"[53149, 55985, 58553, 61504, 64256, 66346, 68458, 70635, 72370, 53160, 55697, 58690, 61490, 64169, 66558, 68667, 70541, 53173, 55941, 58701, 61725, 64041, 66298, 68438, 53160, 55865, 58813, 61555, 63938, 66512, 52483, 56000, 58794, 61410, 64162, 53220, 56041, 58794, 61454, 53103, 55627, 58791, 52945, 55780, 53169]",0.16455784775646884,0.15207004111881733,0.17572736692836152,True,0,False,False,1.0942358130705543e-12,0.0,0.282421904092635,0.06605818415499498,0.21590646229908533,False,0.17075722950180738,logistic_Q
10,0.2,100000,89,20260922,"[53204, 55916, 58938, 61309, 63993, 66415, 68387, 70653, 72348, 52785, 55976, 58955, 61207, 64206, 66478, 68485, 70527, 52921, 55874, 58708, 61710, 63775, 66347, 68586, 53044, 55667, 58943, 61806, 64059, 66343, 52961, 56131, 58716, 61599, 64133, 53000, 55818, 59124, 61481, 52922, 55782, 58673, 53142, 55839, 52966]",0.1678823031957182,0.15575019249171257,0.17875552582488569,True,0,False,False,8.348877145181177e-13,0.0,0.282641904092635,0.044690000678021924,0.21248419790869483,False,0.17075722950180738,logistic_Q
10,0.2,100000,90,20260922,"[53155, 55668, 58710, 61637, 64310, 66578, 68277, 70644, 72245, 52888, 56159, 58692, 61599, 64273, 66459, 68689, 70507, 52874, 55963, 58616, 61464, 63893, 66211, 68514, 52945, 55752, 58738, 61559, 63844, 66382, 53382, 56063, 58633, 61780, 63944, 52850, 55733, 58767, 61676, 53088, 55930, 58635, 52849, 55592, 52912]",0.16639152068617116,0.15409042363593708,0.17740536127142606,True,0,False,False,5.684341886080801e-13,0.0,0.283671904092635,0.07277444518921194,0.21845934407753947,False,0.17075722950180738,logistic_Q
10,0.2,100000,91,20260922,"[52924, 55882, 58722, 61505, 63927, 66593, 68476, 70344, 72336, 52976, 55999, 58951, 61722, 64045, 66207, 68660, 70520, 52959, 55799, 58653, 61652, 63799, 66038, 68768, 52993, 56031, 58990, 61438, 64226, 66454, 53087, 56122, 58690, 61385, 63988, 52749, 55745, 58551, 61561, 53075, 56002, 59043, 52787, 55779, 52984]",0.1687687797800047,0.1567462094750875,0.17955199132905345,True,0,False,False,2.0605739337042905e-13,0.0,0.282761904092635,0.05175243953496855,0.21359685092199426,False,0.17075722950180738,logistic_Q
10,0.2,100000,92,20260922,"[52999, 55847, 58958, 61643, 64158, 66704, 68344, 70509, 72246, 52921, 56279, 58882, 61748, 64027, 66442, 68557, 70435, 53218, 55923, 58994, 61314, 63955, 66517, 68440, 52987, 55709, 58886, 61388, 63797, 66572, 52980, 56018, 58706, 61668, 64100, 52978, 56238, 58665, 61559, 53079, 55886, 58912, 52953, 55742, 52957]",0.17754244722525925,0.16664460332294562,0.18738682824031477,True,0,False,False,5.613287612504791e-13,0.0,0.28366190409263503,0.08758325198186806,0.22149405039767245,False,0.17075722950180738,logistic_Q
10,0.2,100000,93,20260922,"[53035, 55772, 58986, 61621, 64456, 66304, 68516, 70692, 72467, 52938, 56020, 58776, 61258, 64070, 66591, 68621, 70834, 53118, 55966, 58698, 61701, 64412, 66134, 68482, 53024, 56308, 58862, 61552, 64042, 66425, 52880, 56191, 58976, 61527, 64449, 53155, 56103, 58613, 61481, 52961, 56002, 58769, 53057, 55895, 53062]",0.16742661697166927,0.15546156883141257,0.17816770150397696,True,0,False,False,7.673861546209082e-13,0.0,0.281451904092635,0.09125803565229734,0.21998522066831155,False,0.17075722950180738,logistic_Q
10,0.2,100000,94,20260922,"[53168, 55500, 58725, 61348, 64196, 66632, 68565, 70492, 72419, 52901, 55608, 58908, 61739, 64103, 66376, 68583, 70424, 52912, 56038, 58766, 61334, 64106, 66781, 68434, 53044, 56063, 58724, 61700, 64087, 66294, 52948, 56047, 58892, 61553, 64174, 53143, 56114, 58762, 61444, 52696, 55920, 58634, 52673, 55931, 53326]",0.16613070028640556,0.15380734143003136,0.17716167536529775,True,0,False,False,1.7109869077103212e-11,0.0,0.281931904092635,0.04373657093326777,0.21142245404658794,False,0.17075722950180738,logistic_Q
10,0.2,100000,95,20260922,"[53159, 55969, 58883, 61757, 63847, 66475, 68970, 70505, 72309, 53149, 56036, 58855, 61354, 63922, 66531, 68453, 70671, 52972, 55918, 58529, 61774, 64238, 66466, 68601, 52822, 56030, 58619, 61343, 63940, 66469, 53052, 56015, 58626, 61505, 64017, 53042, 56003, 58826, 61346, 53061, 55980, 58651, 53255, 56232, 53107]",0.1672802870059015,0.15526455202447179,0.17806290003368144,True,0,False,False,5.4001247917767614e-12,0.0,0.283031904092635,0.08287262070420548,0.21967717332515352,False,0.17075722950180738,logistic_Q
10,0.2,100000,96,20260922,"[52717, 55798, 58821, 61343, 64232, 66711, 68620, 70607, 72494, 52846, 55865, 58841, 61572, 64230, 66377, 68767, 70491, 52965, 56033, 58513, 61465, 64027, 66409, 68397, 52950, 56196, 58857, 61499, 64055, 66234, 52845, 56019, 58523, 61529, 64194, 53104, 55809, 58745, 61490, 52815, 55725, 58807, 52898, 55833, 53043]",0.15801046640447428,0.14472919527005787,0.16983620238038882,True,0,False,False,5.258016244624741e-13,0.0,0.281181904092635,0.03413507582819014,0.20887634948675032,False,0.17075722950180738,logistic_Q
10,0.2,100000,97,20260922,"[53168, 55866, 58920, 61355, 63857, 66538, 68549, 70663, 72100, 53150, 56101, 58595, 61398, 63855, 66786, 68644, 70454, 52979, 55966, 58683, 61530, 64170, 66273, 68503, 52584, 55860, 58739, 61415, 64042, 66584, 53228, 55916, 58747, 61562, 63980, 52719, 56069, 58738, 61617, 52926, 55945, 58739, 53045, 55954, 53115]",0.16966375183000595,0.15781834602872233,0.18029957565033897,True,0,False,False,1.737276988933445e-11,0.0,0.28512190409263505,0.0671345054339536,0.21936960737357408,False,0.17075722950180738,logistic_Q
10,0.2,100000,98,20260922,"[53001, 56262, 58688, 61615, 64020, 66457, 68497, 70724, 72185, 52665, 55698, 58604, 61530, 64247, 66377, 68618, 70532, 52670, 55792, 58758, 61719, 64135, 66321, 68505, 52831, 56130, 58719, 61766, 64185, 66467, 52847, 55910, 59046, 61630, 64034, 52884, 55880, 58640, 61428, 53009, 55918, 58735, 52967, 55938, 53384]",0.16985499170732457,0.15804552789201243,0.18046043170322942,True,0,False,False,4.192202140984591e-13,0.0,0.28427190409263503,0.08627485558577785,0.22190918222794015,False,0.17075722950180738,logistic_Q
10,0.2,100000,99,20260922,"[52989, 55995, 58922, 61321, 64016, 66677, 68622, 70559, 72063, 52995, 55802, 58836, 61651, 64089, 66190, 68587, 70602, 53068, 55962, 58664, 61577, 64201, 66628, 68419, 52998, 55959, 58835, 61734, 64033, 66515, 53111, 55775, 58750, 61375, 64287, 52932, 56189, 59167, 61543, 52692, 55703, 58996, 53222, 55791, 52799]",0.17547466860480027,0.16436768515949757,0.18549381958558128,True,0,False,False,7.318590178329032e-13,0.0,0.28549190409263503,0.09718405274206504,0.22594642462437847,False,0.17075722950180738,logistic_Q
10,0.2,100000,100,20260922,"[52817, 56009, 58560, 61555, 64066, 66267, 68458, 70828, 72380, 52970, 56056, 58652, 61689, 64156, 66328, 68548, 70228, 52968, 55845, 58978, 61486, 64109, 66721, 68852, 52876, 55941, 59026, 61605, 64459, 66212, 53002, 55982, 58659, 61465, 64074, 53038, 55808, 59028, 61750, 52620, 55994, 58906, 53030, 56052, 53051]",0.17047263295419748,0.15878496699485659,0.1809781469877182,True,0,False,False,1.2846612662542611e-11,0.0,0.282321904092635,0.06067804560102297,0.21468351615789621,False,0.17075722950180738,logistic_Q
10,0.2,100000,101,20260922,"[53017, 55887, 59016, 61435, 63819, 66294, 68515, 70556, 72113, 53124, 55852, 58833, 61669, 64062, 66642, 68448, 70863, 52823, 55896, 58664, 61380, 64190, 66342, 68719, 53092, 56063, 58977, 61616, 64184, 66239, 53068, 55878, 58773, 61588, 64127, 53017, 56140, 58975, 61622, 53132, 55965, 58702, 52630, 55682, 53181]",0.17060207208527825,0.15884305248244077,0.1811647871650144,True,0,False,False,6.750155989720952e-13,0.0,0.284991904092635,0.08732979524416334,0.22314080569492273,False,0.17075722950180738,logistic_Q
10,0.2,100000,102,20260922,"[53047, 56012, 58607, 61560, 64273, 66632, 68796, 70514, 72420, 52794, 55875, 58673, 61463, 63914, 66537, 68684, 70473, 52815, 55916, 58690, 61842, 63989, 66503, 68700, 53142, 55909, 58852, 61488, 63723, 66432, 52879, 56036, 58875, 61460, 64016, 53090, 55693, 58625, 61513, 53285, 55680, 58869, 52800, 56197, 52816]",0.16092518089691085,0.14810337477589217,0.17237494621945984,True,0,False,False,7.460698725481052e-13,0.0,0.28192190409263507,0.0492085945334258,0.2120804861846055,False,0.17075722950180738,logistic_Q
10,0.2,100000,103,20260922,"[52866, 55930, 58731, 61250, 64158, 66459, 68513, 70595, 72144, 53040, 55835, 58696, 61408, 64116, 66628, 68351, 70624, 53153, 55938, 58846, 61240, 64346, 66492, 68458, 52855, 55853, 58820, 61383, 64232, 66350, 53178, 55922, 58561, 61792, 63990, 53091, 56069, 58975, 61672, 52799, 56055, 58865, 53175, 55773, 53228]",0.1723424899362905,0.1607968187489766,0.18272726362634092,True,0,False,False,6.465938895416912e-13,0.0,0.28468190409263505,0.05061706190392068,0.21600690993579136,False,0.17075722950180738,logistic_Q
10,0.2,100000,104,20260922,"[53001, 55947, 58567, 61321, 63993, 66639, 68599, 70793, 72466, 53021, 55951, 58595, 61233, 64077, 66432, 68429, 70533, 52890, 55960, 58788, 61450, 63957, 66562, 68657, 52937, 55879, 58809, 61419, 64188, 66094, 53315, 56351, 58963, 61484, 63721, 53055, 56140, 58722, 61517, 52901, 56090, 58920, 53026, 55916, 52576]",0.15704980762588686,0.1434975429412913,0.16909432919629475,True,0,False,False,5.542233338928781e-13,0.0,0.28146190409263505,0.0,0.1979918081365199,False,0.17075722950180738,logistic_Q
10,0.2,100000,105,20260922,"[52733, 55852, 58481, 61545, 63872, 66598, 68656, 70186, 72296, 53032, 55985, 58496, 61427, 64236, 66323, 68747, 70429, 53130, 55965, 58714, 61446, 64175, 66526, 68583, 53064, 55877, 58721, 61728, 64256, 66325, 52758, 55945, 58796, 61493, 64153, 53345, 56014, 58940, 61933, 52936, 55974, 58551, 53010, 56197, 52948]",0.1725893407301988,0.16106728434176737,0.18295354429795663,True,0,False,False,7.389644451905042e-13,0.0,0.283161904092635,0.07815537379740495,0.21909818825667582,False,0.17075722950180738,logistic_Q
10,0.2,100000,106,20260922,"[53049, 55906, 58996, 61563, 64043, 66622, 68819, 70279, 72187, 53154, 56125, 58690, 61471, 63899, 66559, 68676, 70619, 52753, 56036, 58862, 61402, 64086, 66350, 68536, 52685, 56231, 58554, 61566, 64112, 66576, 52798, 55959, 58581, 61775, 64428, 52863, 56115, 58824, 61606, 52960, 55700, 58921, 52936, 55938, 53127]",0.17489238514297697,0.1638475128873642,0.18486398381693783,True,0,False,False,1.5987211554602254e-12,0.0,0.284251904092635,0.11293173281858387,0.22797584775873186,False,0.17075722950180738,logistic_Q
10,0.2,100000,107,20260922,"[52759, 55702, 58753, 61397, 64077, 66561, 68696, 70651, 72516, 53186, 55800, 58981, 61649, 64125, 66312, 68507, 70546, 52911, 55972, 58938, 61401, 64110, 66548, 68869, 52856, 55722, 58900, 61422, 64098, 66186, 52831, 56136, 58706, 61862, 64030, 53031, 55826, 58695, 61487, 53097, 56068, 58862, 52867, 55962, 53043]",0.15972316651188437,0.14673081228371157,0.17131332538838373,True,0,False,False,3.055333763768431e-13,0.0,0.280961904092635,0.014783498985836752,0.2053587818547915,False,0.17075722950180738,logistic_Q
10,0.2,100000,108,20260922,"[53126, 55813, 58706, 61432, 63920, 66528, 68372, 70453, 72239, 53000, 55865, 58964, 61653, 64256, 66391, 68571, 70421, 53109, 55751, 58801, 61364, 64004, 66387, 68623, 53098, 55777, 58761, 61664, 64205, 66547, 52682, 56254, 58815, 61486, 64408, 52811, 55897, 58997, 61348, 52864, 56047, 58958, 53193, 55883, 53166]",0.1759165370566319,0.16482244341604416,0.1859243553816716,True,0,False,False,7.958078640513122e-13,0.0,0.28373190409263505,0.09716420376777962,0.2239487775103179,False,0.17075722950180738,logistic_Q
10,0.2,100000,109,20260922,"[52901, 56025, 58872, 61412, 63897, 66326, 68470, 70297, 72299, 53100, 55796, 58912, 61628, 64114, 66215, 68455, 70383, 53226, 55799, 59075, 61427, 63939, 66530, 68701, 53058, 55900, 58608, 61653, 63975, 66448, 52963, 56121, 58819, 61591, 64072, 53150, 56175, 58816, 61649, 53029, 55681, 58862, 52798, 56108, 52940]",0.17790018311849773,0.16691461930359452,0.18781451047049744,True,0,False,False,6.110667527536862e-13,0.0,0.283131904092635,0.05628732855422863,0.2149867662252058,False,0.17075722950180738,logistic_Q
10,0.2,100000,110,20260922,"[53117, 55959, 58743, 61541, 64230, 66318, 68819, 70712, 72280, 52830, 55989, 58873, 61167, 64184, 66272, 68462, 70544, 52969, 55873, 59031, 61407, 64311, 66510, 68510, 53417, 56163, 58703, 61536, 64012, 66363, 53405, 55991, 59044, 61698, 63991, 53060, 55881, 58683, 61572, 53191, 55763, 58883, 52947, 55915, 53028]",0.17080003786207698,0.15910124286051366,0.18131461282110467,True,0,False,False,6.110667527536862e-13,0.0,0.283321904092635,0.06362466714696186,0.2164034863300558,False,0.17075722950180738,logistic_Q
10,0.2,100000,111,20260922,"[52898, 55933, 58902, 61429, 64105, 66313, 68639, 70488, 72081, 52661, 56177, 58780, 61523, 63986, 66516, 68536, 70731, 52852, 55963, 58782, 61546, 63890, 66150, 68457, 52850, 55993, 58836, 61537, 64280, 66568, 53148, 55833, 58712, 61585, 63814, 52795, 55830, 58622, 61481, 52986, 55782, 58978, 53278, 55641, 53020]",0.16939166029149474,0.15743739387999348,0.18011640677792248,True,0,False,False,6.039613253960852e-13,0.0,0.28531190409263507,0.059327476341232366,0.21803988485815395,False,0.17075722950180738,logistic_Q
10,0.2,100000,112,20260922,"[52992, 56055, 58921, 61741, 64114, 66392, 68441, 70749, 72363, 52950, 56123, 58681, 61483, 64141, 66480, 68510, 70406, 52851, 55838, 58684, 61619, 64110, 66371, 68492, 53141, 55955, 58852, 61591, 64011, 66641, 52931, 56037, 59191, 61320, 64447, 52977, 56194, 58660, 61194, 53225, 55822, 58882, 52950, 56159, 52864]",0.17332817431318992,0.16199127293106214,0.18354227836597398,True,0,False,False,4.547473508864641e-13,0.0,0.282491904092635,0.1098049813559599,0.22523686867729165,False,0.17075722950180738,logistic_Q
10,0.2,100000,113,20260922,"[52761, 56255, 58883, 61530, 64145, 66470, 68510, 70433, 72165, 52835, 56234, 58787, 61816, 63917, 66297, 68430, 70458, 52924, 56210, 58608, 61288, 63947, 66425, 68489, 52991, 56058, 58761, 61634, 64091, 66338, 53317, 56281, 58644, 61633, 63968, 52979, 55891, 58865, 61508, 52870, 55965, 58603, 53300, 55815, 52869]",0.17925403660916422,0.16840752757964966,0.18905116415541906,True,0,False,False,4.973799150320701e-13,0.0,0.284471904092635,0.07485860152588775,0.2199000621389255,False,0.17075722950180738,logistic_Q
10,0.2,100000,114,20260922,"[52942, 55802, 58747, 61560, 64164, 66497, 68725, 70553, 72155, 52982, 55975, 58788, 61852, 64041, 66350, 68621, 70456, 53332, 55665, 58821, 61308, 64075, 66693, 68749, 53253, 56126, 58609, 61651, 64064, 66277, 52790, 55914, 58944, 61570, 63980, 52746, 56303, 58638, 61394, 53060, 55911, 58831, 52811, 55997, 52983]",0.17066839557093402,0.15896916687573068,0.18118246193965543,True,0,False,False,3.836930773104541e-13,0.0,0.284571904092635,0.08000022367315945,0.2210059787351683,False,0.17075722950180738,logistic_Q
10,0.2,100000,115,20260922,"[52838, 55875, 58762, 61559, 64346, 66413, 68614, 70641, 72169, 52834, 56145, 58869, 61479, 63846, 66542, 68668, 70558, 52954, 55716, 58872, 61612, 64060, 66350, 68371, 53094, 55846, 58645, 61330, 64225, 66167, 52851, 55905, 58759, 61173, 64016, 53187, 56127, 58781, 61587, 53080, 56018, 58512, 53122, 56155, 53017]",0.1692468473284854,0.15731142513387722,0.1799573703780781,True,0,False,False,5.613287612504791e-13,0.0,0.28443190409263497,0.08161434734918738,0.22118310630671711,False,0.17075722950180738,logistic_Q
10,0.2,100000,116,20260922,"[52857, 55831, 58793, 61285, 63969, 66332, 68589, 70349, 71986, 53168, 55904, 58783, 61520, 64153, 66557, 68843, 70227, 53075, 56208, 58880, 61722, 63928, 66312, 68812, 53008, 56074, 59022, 61513, 64191, 66650, 52955, 55970, 58930, 61466, 64239, 52809, 56067, 58929, 61721, 53216, 55948, 58939, 52931, 55959, 52783]",0.1826986746854021,0.1723320843039678,0.192090896700162,True,0,False,False,3.197442310920451e-13,0.0,0.28626190409263497,0.09856305452864916,0.22710659662471006,False,0.17075722950180738,logistic_Q
10,0.2,100000,117,20260922,"[53198, 56106, 58765, 61393, 64141, 66610, 68588, 70796, 72281, 53096, 55833, 58694, 61493, 64157, 66304, 68624, 70593, 52940, 55773, 58805, 61739, 64389, 66440, 68809, 53158, 56106, 58552, 61714, 64085, 66548, 52828, 56142, 58881, 61230, 64149, 52716, 56021, 58380, 61773, 53055, 55681, 58868, 52858, 55951, 53010]",0.16356162841792177,0.15117110852522256,0.17465641607082638,True,0,False,False,5.400124791776761e-13,0.0,0.28331190409263507,0.0651135202521928,0.21688313377321927,False,0.17075722950180738,logistic_Q
10,0.2,100000,118,20260922,"[53002, 55809, 58584, 61601, 63851, 66251, 68766, 70543, 72443, 52850, 55790, 58722, 61636, 64117, 66408, 68303, 70369, 53004, 55734, 58617, 61529, 63864, 66450, 68470, 52692, 56050, 58849, 61595, 63943, 66329, 53071, 55944, 58604, 61465, 63987, 53170, 56065, 58819, 61582, 53052, 55900, 58812, 53036, 55771, 53061]",0.1638310375523822,0.15109149369035874,0.17520511621303836,True,0,False,False,2.8421709430404007e-13,0.0,0.281691904092635,0.047154876502193854,0.21138494155958126,False,0.17075722950180738,logistic_Q
10,0.2,100000,119,20260922,"[52946, 55913, 58714, 61426, 64197, 66431, 68667, 70474, 72484, 53000, 55880, 58702, 61546, 64077, 66537, 68853, 70633, 53121, 56040, 58744, 61393, 64232, 66347, 68427, 52914, 55801, 58906, 61767, 63894, 66372, 52722, 55821, 58418, 61506, 63743, 53050, 56122, 58423, 61644, 52778, 55694, 58842, 53047, 55850, 52901]",0.1553042429192895,0.1416281082040081,0.1674523193110775,True,0,False,False,8.526512829121202e-13,0.0,0.281281904092635,0.0,0.20030551306943584,False,0.17075722950180738,logistic_Q
10,0.2,100000,120,20260922,"[52843, 55931, 58961, 61341, 63986, 66231, 68504, 70696, 72231, 52647, 55712, 58540, 61472, 64332, 66340, 68332, 70509, 52901, 55785, 58847, 61430, 63950, 66546, 68401, 52980, 56047, 59033, 61593, 64085, 66578, 53195, 55914, 58949, 61639, 64202, 52924, 55815, 58939, 61732, 53044, 55818, 58741, 52820, 56083, 53082]",0.17187872009896019,0.16024232660683027,0.18233886178894196,True,0,False,False,3.588240815588506e-13,0.0,0.283811904092635,0.07183433155933855,0.21882937249029555,False,0.17075722950180738,logistic_Q
10,0.2,100000,121,20260922,"[53033, 55984, 58582, 61409, 64014, 66124, 68774, 70699, 72160, 53077, 56248, 59021, 61583, 63980, 66302, 68415, 70501, 52999, 56150, 58692, 61515, 63663, 66260, 68749, 52870, 55915, 58842, 61435, 63845, 66418, 52983, 55803, 58662, 61510, 64052, 52991, 55979, 58780, 61412, 52957, 56167, 59045, 53001, 55900, 53151]",0.17106425609520792,0.15933405369764356,0.1816055737412024,True,0,False,False,3.694822225952521e-13,0.0,0.284521904092635,0.07224083168836948,0.2196012568865236,False,0.17075722950180738,logistic_Q
10,0.2,100000,122,20260922,"[52872, 55849, 58682, 61350, 64011, 66533, 68501, 70598, 72225, 53064, 56046, 58890, 61355, 64081, 66523, 68219, 70562, 52937, 55970, 58827, 61497, 64232, 66306, 68596, 52959, 55965, 58531, 61488, 64111, 66432, 52825, 55878, 58867, 61735, 64169, 53070, 55907, 58629, 61542, 53134, 55737, 58748, 53020, 55820, 53000]",0.16797916668764737,0.15585831096084024,0.1788425536423712,True,0,False,False,1.1169731806148775e-11,0.0,0.2838719040926351,0.07012605565684243,0.21854683959505483,False,0.17075722950180738,logistic_Q
10,0.2,100000,123,20260922,"[52761, 56055, 58684, 61416, 64307, 66148, 68566, 70316, 72305, 52980, 55919, 58982, 61591, 63848, 66388, 68645, 70353, 53025, 56041, 58617, 61599, 64208, 66457, 68434, 52761, 55633, 58885, 61741, 64029, 66521, 53124, 56018, 58684, 61341, 63890, 52983, 55833, 58770, 61617, 52825, 55748, 58803, 53018, 55868, 52992]",0.17178447402584152,0.16005751629746945,0.18231748570536907,True,0,False,False,4.263256414560601e-13,0.0,0.28307190409263505,0.03342668470228355,0.21091317937468956,False,0.17075722950180738,logistic_Q
10,0.2,100000,124,20260922,"[52695, 55931, 59010, 61549, 63874, 66515, 68538, 70543, 72265, 52879, 56198, 58688, 61571, 63925, 66519, 68536, 70617, 52856, 55936, 58658, 61490, 64045, 66376, 68512, 52846, 55941, 58845, 61599, 64046, 66401, 52795, 56193, 58909, 61432, 64160, 52909, 55997, 58730, 61483, 52897, 56069, 58573, 52978, 55971, 52961]",0.16798346036823553,0.15589249287555748,0.17882317925299304,True,0,False,False,3.623767952376511e-13,0.0,0.283471904092635,0.08276383251545294,0.22038736236146106,False,0.17075722950180738,logistic_Q
10,0.2,100000,125,20260922,"[53041, 55884, 58930, 61411, 63819, 66472, 68830, 70391, 72380, 52864, 55880, 58568, 61285, 64043, 66342, 68543, 70669, 52950, 55866, 58893, 61565, 64064, 66476, 68669, 53226, 56359, 58867, 61825, 64050, 66448, 52823, 55982, 58706, 61743, 64173, 52986, 55768, 58827, 61207, 52787, 56027, 58670, 52999, 55773, 52900]",0.1613636291198889,0.14843199438853502,0.17289801835633958,True,0,False,False,6.217248937900877e-13,0.0,0.282321904092635,0.056318080480714794,0.21406468077285362,False,0.17075722950180738,logistic_Q
10,0.2,100000,126,20260922,"[53062, 55942, 58911, 61698, 64188, 66426, 68689, 70650, 72351, 52735, 55850, 59204, 61513, 64238, 66584, 68409, 70331, 53047, 55830, 58958, 61372, 63922, 66530, 68524, 53036, 55935, 58890, 61142, 64267, 66521, 53093, 56042, 58794, 61399, 63808, 53077, 55564, 58642, 61281, 52943, 55850, 58996, 52950, 55877, 52903]",0.1681859331948965,0.156187398984964,0.17895083533548767,True,0,False,False,7.176481631177012e-13,0.0,0.28261190409263504,0.05045377748413776,0.21294158211291286,False,0.17075722950180738,logistic_Q
10,0.2,100000,127,20260922,"[53003, 56146, 58690, 61518, 64047, 66447, 68699, 70732, 72557, 52921, 55975, 58900, 61576, 64151, 66425, 68697, 70672, 53009, 55684, 58624, 61613, 64039, 66604, 68662, 53049, 55676, 58760, 61443, 64032, 66380, 53039, 55814, 58506, 61319, 64030, 52930, 55966, 58911, 61467, 53216, 55934, 58814, 52899, 55969, 53130]",0.15374307801456197,0.1400868157505419,0.16588350882817227,True,0,False,False,5.151434834260726e-13,0.0,0.280551904092635,0.024661765551807824,0.2062585724905296,False,0.17075722950180738,logistic_Q
10,0.2,100000,128,20260922,"[52780, 56125, 58857, 61571, 64246, 66677, 68885, 70703, 72085, 53066, 56149, 58843, 61413, 64133, 66398, 68698, 70551, 52836, 56044, 58875, 61449, 64044, 66457, 68490, 53110, 55771, 58850, 61488, 64021, 66297, 53142, 56415, 58640, 61714, 63993, 53037, 55994, 58891, 61627, 52964, 55982, 58794, 52871, 55929, 52972]",0.17419215532929266,0.16300476947111853,0.18428154873376368,True,0,False,False,4.902744876744691e-13,0.0,0.28527190409263503,0.0901662193583262,0.2238663479121576,False,0.17075722950180738,logistic_Q
10,0.2,100000,129,20260922,"[53105, 56109, 58862, 61628, 64235, 66435, 68642, 70610, 72125, 52822, 55928, 58759, 61459, 64065, 66711, 68336, 70634, 52848, 55905, 58971, 61715, 63979, 66441, 68430, 52818, 56456, 58926, 61584, 63852, 66306, 53372, 56018, 58844, 61529, 64009, 52826, 56092, 58804, 61600, 53026, 55876, 58736, 52957, 55934, 52750]",0.1767955208852409,0.1657513430198569,0.18676008809307476,True,0,False,False,8.313350008393172e-13,0.0,0.2848719040926351,0.09184102580308456,0.22372534980797437,False,0.17075722950180738,logistic_Q
10,0.2,100000,130,20260922,"[52813, 56186, 58879, 61766, 63907, 66462, 68511, 70438, 72349, 52905, 56129, 58811, 61441, 64249, 66537, 68607, 70615, 53151, 56178, 58788, 61379, 64188, 66534, 68502, 53199, 55862, 59103, 61548, 63963, 66537, 53033, 55519, 58906, 61499, 64048, 53332, 55796, 58704, 61626, 53346, 55698, 58906, 53373, 56015, 52882]",0.1743614316853469,0.1631534315373997,0.18446728219551556,True,0,False,False,1.3500311979441904e-13,0.0,0.28263190409263506,0.08186187270562051,0.21901751347186155,False,0.17075722950180738,logistic_Q
10,0.2,100000,131,20260922,"[52934, 55904, 59001, 61371, 63922, 66551, 68510, 70565, 72326, 52899, 55995, 59157, 61574, 64206, 66400, 68534, 70403, 52744, 55756, 58943, 61307, 64112, 66532, 68577, 52925, 55689, 58720, 61416, 63994, 66482, 53040, 55992, 58960, 61517, 64023, 53252, 55915, 58615, 61314, 52943, 55677, 58869, 52827, 56137, 52872]",0.1678400492889898,0.15574616227596202,0.1786823524804105,True,0,False,False,3.268496584496461e-13,0.0,0.282861904092635,0.04177302127013399,0.2121391295110725,False,0.17075722950180738,logistic_Q
10,0.2,100000,132,20260922,"[52940, 55798, 58840, 61572, 63887, 66338, 68541, 70250, 72383, 52838, 55933, 58725, 61512, 64249, 66674, 68787, 70146, 52830, 55947, 58684, 61517, 63835, 66613, 68613, 52926, 56104, 58783, 61632, 63988, 66453, 52999, 55868, 58803, 61313, 64048, 53248, 55883, 58928, 61494, 52927, 55801, 58437, 53084, 55962, 53169]",0.1694278507535683,0.15742428928523447,0.1801905375699908,True,0,False,False,6.323830348264892e-12,0.0,0.28229190409263505,0.05924566494144168,0.21435407919972965,False,0.17075722950180738,logistic_Q
10,0.2,100000,133,20260922,"[53146, 55947, 58781, 61653, 63953, 66578, 68482, 70761, 72096, 53121, 55831, 58704, 61876, 63884, 66597, 68628, 70425, 52993, 56140, 58919, 61427, 63799, 66513, 68267, 52920, 55770, 58857, 61459, 63856, 66528, 53234, 55932, 58714, 61362, 63951, 53063, 55758, 58618, 61202, 53165, 55844, 58709, 53078, 55857, 52972]",0.1689860139778304,0.15694200952266046,0.1797842064497858,True,0,False,False,4.405364961712621e-13,0.0,0.285161904092635,0.0921229450573281,0.22406842976272795,False,0.17075722950180738,logistic_Q
10,0.2,100000,134,20260922,"[53012, 55888, 58910, 61386, 64267, 66344, 68759, 70539, 72308, 52931, 56247, 58550, 61433, 64135, 66443, 68495, 70263, 52974, 55892, 58692, 61526, 63727, 66196, 68708, 53108, 56009, 58819, 61430, 64008, 66219, 53114, 55725, 58872, 61328, 64166, 52959, 55846, 58926, 61495, 52994, 55946, 58915, 53021, 56192, 52981]",0.17255128303592296,0.16103417675358114,0.18291513926080644,True,0,False,False,6.679101716144942e-13,0.0,0.2830419040926351,0.06264683535157439,0.21611610967615114,False,0.17075722950180738,logistic_Q
10,0.2,100000,135,20260922,"[53002, 55921, 58943, 61284, 64069, 66611, 68576, 70547, 72106, 53203, 55939, 58805, 61730, 64191, 66236, 68563, 70329, 53039, 55866, 58746, 61428, 63991, 66288, 68438, 52804, 55771, 59097, 61360, 64300, 66303, 52848, 55974, 59152, 61467, 64392, 53118, 55910, 58993, 61352, 53048, 55926, 58793, 52996, 56230, 52974]",0.1812476151574149,0.17071096559888374,0.19078516215667263,True,0,False,False,5.044853423896711e-13,0.0,0.285061904092635,0.09837044602972889,0.22581492985955542,False,0.17075722950180738,logistic_Q
10,0.2,100000,136,20260922,"[53351, 55854, 58627, 61489, 64276, 66343, 68822, 70351, 72251, 53066, 55909, 58905, 61567, 64023, 66315, 68342, 70770, 53205, 55771, 58894, 61338, 64091, 66508, 68599, 52751, 55992, 58793, 61470, 64193, 66152, 53017, 55798, 58706, 61644, 64043, 53199, 56029, 58927, 61625, 52898, 56010, 58646, 53143, 56117, 53078]",0.17270227262972165,0.16124112709622826,0.18301915024867807,True,0,False,False,1.0089706847793423e-12,0.0,0.28361190409263504,0.0675927282196539,0.2175644763705174,False,0.17075722950180738,logistic_Q
10,0.2,100000,137,20260922,"[52913, 56032, 58547, 61634, 64006, 66387, 68655, 70779, 72174, 53169, 55895, 58820, 61321, 64171, 66703, 68334, 70602, 52748, 55837, 58694, 61494, 64094, 66140, 68583, 52710, 55959, 58749, 61577, 64204, 66529, 53253, 55839, 59171, 61272, 63791, 52948, 56050, 58693, 61512, 52881, 55842, 58378, 53085, 56007, 52906]",0.16200506479823293,0.14912319836084542,0.1734976253852659,True,0,False,False,5.968558980384842e-13,0.0,0.284381904092635,0.0659421031551401,0.21794090964143153,False,0.17075722950180738,logistic_Q
10,0.2,100000,138,20260922,"[52835, 55802, 58849, 61388, 64195, 66462, 68555, 70635, 72339, 53030, 55985, 58725, 61313, 64145, 66581, 68285, 70731, 53020, 55777, 58898, 61758, 64152, 66595, 68398, 52987, 55845, 58610, 61585, 64097, 66323, 53198, 55944, 58773, 61635, 64202, 52988, 56300, 58782, 61506, 52882, 55888, 58990, 53082, 55925, 53119]",0.1690330743713188,0.15715367592429236,0.17969879330817612,True,0,False,False,2.0605739337042905e-13,0.0,0.28273190409263504,0.06259479638362853,0.215752917905557,False,0.17075722950180738,logistic_Q
10,0.2,100000,139,20260922,"[53137, 55943, 58771, 61448, 64208, 66519, 68479, 70284, 72271, 52971, 55973, 58587, 61454, 64052, 66380, 68552, 70396, 53057, 55970, 58818, 61420, 64068, 66354, 68307, 53084, 56175, 58836, 61377, 63935, 66678, 53093, 56121, 58841, 61474, 64151, 52790, 55837, 58832, 61375, 52913, 55945, 58614, 52863, 55992, 53062]",0.17507500414808005,0.1637435394994007,0.18527869606643102,True,0,False,False,3.659295089164516e-13,0.0,0.28341190409263506,0.07200418491120458,0.21826327121287237,False,0.17075722950180738,logistic_Q
10,0.2,100000,140,20260922,"[52920, 55799, 59130, 61640, 63969, 66512, 68415, 70630, 72269, 52857, 55908, 58688, 61731, 64046, 66572, 68600, 70592, 52896, 55750, 58683, 61549, 64173, 66296, 68321, 52877, 56092, 58928, 61189, 64131, 66402, 53210, 55831, 58445, 61601, 64016, 52971, 56069, 58786, 61763, 52809, 56099, 58823, 53118, 55836, 53054]",0.17116905820935965,0.1595306876154422,0.1816339745862727,True,0,False,False,4.263256414560601e-14,0.0,0.28343190409263497,0.07708282807561512,0.219054832297843,False,0.17075722950180738,logistic_Q
10,0.2,100000,141,20260922,"[53024, 55891, 58838, 61571, 63808, 66374, 68504, 70492, 72354, 52696, 56014, 58793, 61471, 63923, 66120, 68783, 70641, 53179, 56077, 58808, 61449, 64265, 66350, 68721, 52973, 56173, 59072, 61452, 64095, 66573, 52861, 56000, 59053, 61712, 64176, 52836, 55967, 59060, 61491, 53005, 55969, 58654, 52837, 55961, 52933]",0.16895322186464184,0.15701548489713685,0.17966648232499607,True,0,False,False,2.7711166694643907e-13,0.0,0.28258190409263506,0.07577857036897401,0.21793936374236622,False,0.17075722950180738,logistic_Q
10,0.2,100000,142,20260922,"[52754, 55913, 58832, 61830, 64160, 66384, 68580, 70334, 72160, 52938, 56005, 58880, 61572, 63772, 66388, 68560, 70426, 52932, 55836, 58668, 61277, 64040, 66613, 68444, 52999, 55712, 59119, 61641, 63897, 66371, 53129, 55838, 58453, 61560, 63939, 52837, 56020, 58825, 61758, 53078, 56015, 58884, 52920, 56143, 53159]",0.179210011842587,0.16845829240643734,0.18893010003674607,True,0,False,False,8.810729923425242e-13,0.0,0.284521904092635,0.0983259382212282,0.22455044729261486,False,0.17075722950180738,logistic_Q
10,0.2,100000,143,20260922,"[52831, 56006, 58553, 61468, 64088, 66603, 68613, 70526, 72004, 53031, 56130, 58925, 61528, 64268, 66600, 68281, 70750, 52952, 56425, 58644, 61505, 64234, 66419, 68652, 52794, 56112, 58933, 61583, 63977, 66501, 52955, 56119, 58773, 61532, 63793, 52767, 55950, 58787, 61370, 52828, 55995, 58658, 52750, 55904, 53045]",0.17201724562620013,0.16038990721697735,0.1824681026617737,True,0,False,False,6.679101716144942e-13,0.0,0.286081904092635,0.07149371949535438,0.22113651642940646,False,0.17075722950180738,logistic_Q
10,0.2,100000,144,20260922,"[52820, 55978, 58753, 61602, 64198, 66473, 68501, 70622, 72127, 53015, 55739, 58868, 61659, 63699, 66122, 68784, 70371, 53033, 56164, 58972, 61358, 63872, 66102, 68815, 53363, 55814, 58962, 61268, 64381, 66195, 53134, 55954, 59119, 61421, 63916, 53297, 55888, 58815, 61946, 52830, 55871, 58717, 52874, 56022, 52889]",0.1757755976544363,0.16458906331424597,0.18586075815376193,True,0,False,False,2.1401547201094218e-11,0.0,0.28485190409263506,0.08111815848624254,0.22149131140034867,False,0.17075722950180738,logistic_Q
10,0.2,100000,145,20260922,"[52880, 56077, 58914, 61519, 64234, 66450, 68592, 70480, 72327, 52947, 55842, 58712, 61484, 64094, 66005, 68645, 70640, 53211, 56131, 58825, 61347, 63969, 66572, 68910, 53390, 55969, 58803, 61445, 64099, 66521, 52795, 55764, 58863, 61415, 64255, 52913, 56126, 58842, 61309, 53184, 56158, 59043, 53020, 56030, 52938]",0.17031535160572284,0.15869879329914918,0.18076682056806379,True,0,False,False,9.244160992238903e-12,0.0,0.28285190409263505,0.08163304289220358,0.21951901677271335,False,0.17075722950180738,logistic_Q
10,0.2,100000,146,20260922,"[52933, 55730, 58633, 61534, 64128, 66323, 68563, 70338, 72389, 52945, 56050, 58879, 61363, 63853, 66319, 68456, 70674, 52884, 55816, 58905, 61280, 64182, 66356, 68774, 52891, 55903, 59046, 61549, 63945, 66520, 52891, 56083, 58952, 61489, 64215, 52963, 55628, 59015, 61508, 52676, 55803, 59091, 53097, 55894, 52739]",0.16589343276018984,0.1535760392122142,0.17692303061605624,True,0,False,False,9.166001291305292e-13,0.0,0.282231904092635,0.07187452922200271,0.21680959353457213,False,0.17075722950180738,logistic_Q
10,0.2,100000,147,20260922,"[53081, 56126, 58824, 61509, 64037, 66294, 68670, 70438, 72397, 52646, 56002, 58942, 61369, 63990, 66799, 68861, 70414, 53027, 55972, 58975, 61451, 64207, 66512, 68417, 52894, 55703, 58815, 61480, 64142, 66415, 53015, 55991, 58728, 61433, 63830, 53031, 56078, 58665, 61762, 52681, 55908, 58726, 53035, 55873, 52829]",0.16638653169691042,0.1541469069769597,0.1773496767725224,True,0,False,False,7.261746759468224e-12,0.0,0.282151904092635,0.022271032863178553,0.20784733936907573,False,0.17075722950180738,logistic_Q
10,0.2,100000,148,20260922,"[52955, 55885, 58848, 61534, 64372, 66309, 68555, 70553, 72318, 53215, 56018, 58867, 61738, 64100, 66518, 68653, 70452, 52859, 55916, 58880, 61506, 63693, 66459, 68578, 53303, 56105, 58871, 61445, 63990, 66642, 52754, 56007, 58826, 61551, 63715, 52968, 55917, 58315, 62132, 52827, 56115, 58874, 52836, 55815, 53197]",0.17314183977401781,0.1618006996511509,0.1833603825698399,True,0,False,False,1.2846612662542611e-11,0.0,0.282941904092635,0.022834368087831514,0.20888221648292177,False,0.17075722950180738,logistic_Q
10,0.2,100000,149,20260922,"[53170, 55893, 58708, 61383, 64098, 66501, 68744, 70595, 71923, 52898, 56113, 59037, 61412, 63983, 66261, 68640, 70696, 53050, 55831, 58970, 61783, 64247, 66496, 68575, 53073, 55828, 59026, 61673, 64049, 66496, 52913, 55909, 58759, 61615, 64214, 52997, 55863, 58846, 61757, 53026, 56111, 58928, 53105, 55915, 53190]",0.17988786504085078,0.16933918519841665,0.18943827007751604,True,0,False,False,6.750155989720952e-13,0.0,0.286891904092635,0.11027454386322982,0.2302472800448731,False,0.17075722950180738,logistic_Q
10,0.2,100000,150,20260922,"[53054, 55943, 58730, 61652, 64231, 66267, 68552, 70495, 72294, 52818, 56104, 58882, 61617, 64092, 66577, 68516, 70554, 52844, 55997, 58718, 61568, 63755, 66615, 68737, 53025, 55718, 58931, 61654, 63922, 66436, 52696, 56030, 59024, 61502, 64027, 52937, 55877, 58536, 61394, 52823, 56022, 58670, 52849, 55985, 53248]",0.16836451525210805,0.15638606585652537,0.17911223288494513,True,0,False,False,8.242295734817162e-13,0.0,0.283181904092635,0.07623000523951673,0.2185900233860441,False,0.17075722950180738,logistic_Q
10,0.2,100000,151,20260922,"[53104, 55833, 58942, 61570, 64350, 66411, 68463, 70579, 72439, 52945, 55949, 58781, 61680, 64023, 66259, 68561, 70680, 52795, 56204, 59188, 61442, 63993, 66232, 68889, 52988, 55845, 59029, 61795, 64101, 66213, 52779, 55800, 58990, 61817, 64143, 52674, 55855, 58674, 61760, 53027, 55955, 58640, 52868, 55892, 53185]",0.16980314440085442,0.15809017139749929,0.18033334391606948,True,0,False,False,8.242295734817162e-13,0.0,0.28173190409263504,0.06176186967827513,0.21420138955736967,False,0.17075722950180738,logistic_Q
10,0.2,100000,152,20260922,"[53079, 55915, 58833, 61231, 64168, 66582, 68550, 70318, 72221, 52954, 56220, 59019, 61633, 64007, 66315, 68459, 70568, 53053, 56243, 58890, 61578, 64011, 66278, 68529, 52915, 55921, 58943, 61593, 64229, 66272, 53081, 56205, 59053, 61573, 64375, 52646, 55890, 58766, 61566, 53027, 55941, 58750, 52830, 55656, 53293]",0.18021297356748828,0.16953289245375538,0.18987074580752197,True,0,False,False,7.460698725481052e-13,0.0,0.283911904092635,0.07966392283867374,0.2206862570092305,False,0.17075722950180738,logistic_Q
10,0.2,100000,153,20260922,"[53202, 55909, 58910, 61665, 64234, 66631, 68501, 70462, 72199, 53005, 55880, 58778, 61404, 64016, 66224, 68560, 70571, 53146, 55997, 59015, 61570, 64030, 66428, 68376, 53102, 56094, 58770, 61500, 63999, 66290, 52743, 55820, 59005, 61667, 64049, 53086, 55813, 58709, 61499, 53016, 55935, 58457, 53114, 56039, 53073]",0.17626573353607386,0.16514544374381962,0.18629458075646985,True,0,False,False,3.090860900556436e-13,0.0,0.284131904092635,0.0901905808851004,0.2225325674086192,False,0.17075722950180738,logistic_Q
10,0.2,100000,154,20260922,"[52866, 55847, 58742, 61685, 64334, 66352, 68349, 70670, 72271, 53052, 55771, 58707, 61819, 64260, 66476, 68463, 70662, 53073, 56094, 58617, 61446, 63866, 66275, 68665, 53114, 55948, 58717, 61364, 63890, 66447, 53072, 55719, 58865, 61409, 64270, 52980, 56011, 58829, 61506, 52787, 55904, 59021, 53207, 55863, 52945]",0.16898226856401327,0.15713373412482562,0.17962518211847464,True,0,False,False,3.197442310920451e-13,0.0,0.28341190409263506,0.10194357554966377,0.22437329764225677,False,0.17075722950180738,logistic_Q
10,0.2,100000,155,20260922,"[53027, 55882, 58793, 61277, 64082, 66684, 68714, 70344, 72229, 53007, 56362, 58712, 61311, 64007, 66287, 68520, 70565, 52804, 55741, 58849, 61590, 64020, 66310, 68618, 52805, 55964, 58643, 61764, 63799, 66398, 53148, 55910, 58809, 61361, 63981, 52981, 55944, 58508, 61709, 52625, 56007, 58563, 52859, 55927, 52739]",0.16527373369161324,0.15279283822298656,0.1764355887186322,True,0,False,False,5.968558980384842e-13,0.0,0.28383190409263503,0.03979175709022348,0.21309782902663893,False,0.17075722950180738,logistic_Q
10,0.2,100000,156,20260922,"[53171, 56055, 58897, 61660, 64021, 66637, 68392, 70452, 72456, 52706, 56258, 58914, 61359, 64116, 66567, 68383, 70510, 52855, 55907, 58672, 61300, 64185, 66607, 68628, 53209, 55860, 58633, 61110, 64010, 66276, 53116, 56042, 58697, 61518, 63857, 53307, 55837, 58935, 61293, 53324, 55816, 58844, 52807, 55902, 53147]",0.16790935696467482,0.15583517600045071,0.17873707651195614,True,0,False,False,9.166001291305292e-13,0.0,0.28156190409263504,0.03625601858124333,0.2092387357548065,False,0.17075722950180738,logistic_Q
10,0.2,100000,157,20260922,"[53049, 56122, 58631, 61526, 63961, 66562, 68829, 70794, 72140, 52815, 56187, 58849, 61265, 63914, 66240, 68833, 70477, 52951, 55549, 58870, 61421, 64064, 66499, 68510, 52644, 55724, 58762, 61399, 64000, 66072, 53035, 56219, 58883, 61464, 63881, 53084, 55882, 59011, 61616, 53008, 55944, 58529, 53067, 55864, 53327]",0.16412032742186858,0.15156747968611553,0.17534385181586587,True,0,False,False,1.5916157281026244e-12,0.0,0.284721904092635,0.06884672381888252,0.21901349757084027,False,0.17075722950180738,logistic_Q
10,0.2,100000,158,20260922,"[52726, 56118, 58892, 61406, 63958, 66207, 68708, 70422, 72010, 53066, 55812, 58863, 61571, 64285, 66520, 68555, 70372, 52753, 55973, 58714, 61557, 64164, 66268, 68319, 53054, 55692, 58806, 61428, 64049, 66424, 52898, 55923, 58844, 61249, 64095, 53309, 56096, 58718, 61820, 52793, 55982, 58754, 52960, 55977, 53149]",0.18005403675683457,0.16931227365010296,0.1897619445703706,True,0,False,False,2.3803181647963356e-13,0.0,0.28602190409263506,0.09358483968218662,0.2256086397680549,False,0.17075722950180738,logistic_Q
10,0.2,100000,159,20260922,"[53092, 55772, 58725, 61604, 64038, 66382, 68537, 70616, 72151, 53039, 55964, 58727, 61626, 64126, 66507, 68799, 70375, 52673, 55729, 58701, 61519, 63926, 66446, 68661, 52965, 55875, 58910, 61418, 64212, 66567, 53082, 55982, 59068, 61484, 63984, 52974, 56061, 58593, 61589, 52984, 55699, 58744, 52848, 55865, 53102]",0.16815680320217516,0.15612652123312173,0.17894551853680113,True,0,False,False,8.562039965909207e-13,0.0,0.28461190409263504,0.08473506203418835,0.22196986811563918,False,0.17075722950180738,logistic_Q
10,0.2,100000,160,20260922,"[53125, 55908, 58642, 61521, 64087, 66467, 68400, 70566, 72309, 53088, 55895, 58687, 61596, 64140, 66687, 68452, 70612, 53115, 55928, 58920, 61443, 63964, 66681, 68413, 52811, 56069, 58739, 61546, 64372, 66475, 52903, 56004, 58676, 61243, 63939, 53135, 56058, 58714, 61613, 53022, 55891, 58754, 52801, 55908, 52776]",0.16654821953090315,0.1542907544386746,0.17752523670896533,True,0,False,False,6.465938895416912e-13,0.0,0.283031904092635,0.05170996744946177,0.213882498830326,False,0.17075722950180738,logistic_Q
10,0.2,100000,161,20260922,"[52752, 56003, 58619, 61586, 64073, 66016, 68350, 70479, 71929, 53128, 55838, 58929, 61454, 64022, 66384, 68506, 70736, 53086, 55896, 58937, 61353, 64360, 66545, 68387, 52839, 55912, 58952, 61565, 64084, 66733, 52680, 55931, 58440, 61608, 64078, 53232, 55886, 58685, 61286, 52977, 56039, 58557, 53046, 55537, 53151]",0.1715508704654107,0.15973342381781963,0.18215607171780615,True,0,False,False,1.7898571513796924e-11,0.0,0.28683190409263504,0.11386318017738234,0.23076638228866259,False,0.17075722950180738,logistic_Q
10,0.2,100000,162,20260922,"[53207, 56110, 58784, 61602, 64102, 66455, 68581, 70473, 72574, 53026, 56031, 58728, 61703, 63962, 66447, 68792, 70364, 53229, 55731, 58729, 61400, 64538, 66328, 68798, 53060, 56073, 58948, 61298, 64157, 66430, 52947, 55993, 58661, 61789, 63855, 53047, 56191, 58819, 61350, 53585, 55834, 58736, 53208, 55926, 53233]",0.16902054764418928,0.15718435529923475,0.17965188046525685,True,0,False,False,2.1600499167107046e-11,0.0,0.28038190409263497,0.00801131745014444,0.203286343080388,False,0.17075722950180738,logistic_Q
10,0.2,100000,163,20260922,"[52946, 56181, 58813, 61425, 63914, 66387, 68605, 70698, 72292, 53123, 56271, 59053, 61441, 63975, 66409, 68650, 70264, 52743, 56348, 58879, 61293, 64050, 66659, 68590, 53115, 56039, 58648, 61693, 63939, 66619, 53068, 55835, 58909, 61709, 64157, 53121, 55992, 58709, 61386, 53319, 55722, 58910, 53211, 55901, 52689]",0.17363801072363005,0.16228265125579516,0.18386552530328176,True,0,False,False,4.334310688136611e-13,0.0,0.283201904092635,0.06772447112660368,0.21721891625446166,False,0.17075722950180738,logistic_Q
10,0.2,100000,164,20260922,"[52991, 56018, 58886, 61608, 63989, 66282, 68679, 70398, 72282, 53067, 55924, 58686, 61580, 64031, 66345, 68451, 70533, 53051, 55963, 58705, 61584, 64195, 66337, 68501, 52861, 55630, 58626, 61279, 64135, 66145, 53256, 56109, 58798, 61521, 64187, 53006, 55982, 58798, 61809, 53132, 56002, 58681, 52858, 55928, 53278]",0.17491968906788974,0.16365799087407723,0.1850681963349959,True,0,False,False,7.851497230149107e-13,0.0,0.283301904092635,0.0882102476263455,0.22128616385808952,False,0.17075722950180738,logistic_Q
10,0.2,100000,165,20260922,"[52735, 55917, 58604, 61419, 64043, 66498, 68526, 70490, 72321, 53063, 55796, 58890, 61436, 64215, 66591, 68564, 70680, 53081, 55894, 58846, 61644, 64158, 66421, 68438, 53181, 56120, 58701, 61447, 63843, 66796, 52988, 55898, 58732, 61529, 63859, 52760, 55834, 58920, 61676, 53242, 55523, 59120, 53286, 55765, 52969]",0.16592898019040758,0.1536552435827315,0.17692203949503904,True,0,False,False,3.268496584496461e-13,0.0,0.282911904092635,0.026901289037377762,0.20964975067481212,False,0.17075722950180738,logistic_Q
10,0.2,100000,166,20260922,"[52813, 55848, 58751, 61709, 64075, 66306, 68811, 70589, 72283, 52922, 56043, 58851, 61693, 63790, 66416, 68590, 70668, 52974, 55991, 58728, 61723, 64326, 66462, 68468, 52864, 55855, 58567, 61491, 63986, 66330, 52946, 55856, 58737, 61280, 64416, 53211, 56169, 58618, 61478, 52833, 56024, 58844, 53111, 55890, 53038]",0.16629469986916404,0.15411516165753236,0.17721162727470618,True,0,False,False,3.339550858072471e-13,0.0,0.28329190409263505,0.11286848763963042,0.22682156168319767,False,0.17075722950180738,logistic_Q
10,0.2,100000,167,20260922,"[53087, 55951, 59048, 61544, 64227, 66504, 68681, 70574, 72365, 53012, 56142, 59098, 61556, 64029, 66545, 68414, 70573, 53146, 55945, 58793, 61505, 64246, 66610, 68431, 53099, 56132, 58868, 61461, 64372, 66404, 53226, 56198, 58822, 61768, 63932, 53142, 56059, 59162, 61513, 53097, 56000, 58946, 53073, 55988, 52930]",0.1806994225790984,0.1702518271919556,0.19016571622495504,True,0,False,False,3.979039320256561e-13,0.0,0.282471904092635,0.04537469653674786,0.2120614361936533,False,0.17075722950180738,logistic_Q
10,0.2,100000,168,20260922,"[53192, 55955, 58815, 61338, 64137, 66476, 68496, 70756, 72225, 52881, 55930, 58957, 61609, 64272, 66471, 68527, 70490, 53074, 55924, 58818, 61599, 63797, 66478, 68705, 52835, 55873, 58952, 61509, 64278, 66628, 52799, 55978, 58617, 61347, 64247, 53024, 56046, 58627, 61500, 53287, 55991, 58942, 53051, 56000, 53010]",0.17105913355358457,0.1595199257332012,0.18144389810856928,True,0,False,False,7.105427357601002e-13,0.0,0.2838719040926351,0.07672128089317942,0.21987667269368627,False,0.17075722950180738,logistic_Q
10,0.2,100000,169,20260922,"[53125, 55908, 58715, 61584, 64051, 66458, 68668, 70414, 72036, 53060, 55793, 58806, 61492, 63808, 66536, 68312, 70582, 53077, 56004, 58949, 61521, 64247, 66268, 68513, 52817, 55980, 58790, 61569, 63969, 66204, 53299, 56059, 58828, 61295, 64013, 53268, 55807, 58869, 61571, 53030, 55959, 58962, 53106, 56084, 53108]",0.18054167020107853,0.16984912008190045,0.19020912471070306,True,0,False,False,3.730349362740526e-13,0.0,0.285761904092635,0.0981775311033598,0.2261014895526281,False,0.17075722950180738,logistic_Q
10,0.2,100000,170,20260922,"[53024, 55815, 58794, 61413, 63990, 66377, 68700, 70864, 72382, 52949, 55963, 58923, 61722, 64041, 66056, 68643, 70511, 52984, 55797, 58958, 61656, 64064, 66275, 68599, 53180, 55896, 58674, 61384, 63860, 66476, 53104, 55967, 58735, 61472, 64253, 53153, 56067, 58881, 61586, 52966, 55951, 58851, 53061, 55701, 52963]",0.16324333941810154,0.15064071447044683,0.1745114535705753,True,0,False,False,1.800870563783974e-11,0.0,0.282301904092635,0.06487456783455608,0.21567258583541848,False,0.17075722950180738,logistic_Q
10,0.2,100000,171,20260922,"[53308, 56070, 58666, 61165, 63878, 66397, 68665, 70437, 72290, 53094, 55968, 58644, 61424, 64173, 66606, 68392, 70639, 52872, 56030, 58959, 61585, 63866, 66255, 68566, 53092, 55997, 58827, 61490, 64168, 66343, 52868, 55940, 58803, 61683, 63744, 53160, 55545, 58811, 61529, 53033, 55894, 58719, 53133, 56184, 53213]",0.16942702871422727,0.15744079097085056,0.1801777550857244,True,0,False,False,6.252776074688882e-13,0.0,0.28322190409263504,0.0,0.20253242292764184,False,0.17075722950180738,logistic_Q
10,0.2,100000,172,20260922,"[53014, 55806, 58811, 61459, 63798, 66504, 68481, 70315, 72233, 52905, 55896, 58960, 61543, 63691, 66577, 68548, 70472, 53160, 56059, 58849, 61534, 63984, 66594, 68673, 52990, 56128, 59036, 61248, 64113, 66507, 52926, 56111, 58783, 61744, 64181, 52937, 55882, 59184, 61718, 52754, 55928, 58561, 52918, 56255, 52846]",0.17663111992764685,0.16556969278145783,0.1866102283951609,True,0,False,False,7.069900220812997e-12,0.0,0.283791904092635,0.08049275098255121,0.22038469674103994,False,0.17075722950180738,logistic_Q
10,0.2,100000,173,20260922,"[53174, 56050, 58811, 61281, 64301, 66526, 68598, 70538, 72267, 53243, 55686, 58805, 61451, 63954, 66389, 68622, 70474, 52740, 56083, 58908, 61196, 64089, 66546, 68695, 52861, 55808, 58805, 61330, 64295, 66482, 53260, 55976, 58844, 61210, 64018, 53105, 55917, 58433, 61108, 52909, 56099, 58701, 52838, 56151, 53092]",0.1637898236447092,0.15122351239042378,0.17502502197696695,True,0,False,False,4.334310688136611e-13,0.0,0.283451904092635,0.039132975134144043,0.21252731621860743,False,0.17075722950180738,logistic_Q
10,0.2,100000,174,20260922,"[53085, 56050, 59026, 61511, 64111, 66294, 68343, 70302, 72282, 52928, 55898, 58645, 61489, 64348, 66657, 68476, 70373, 52990, 55966, 58901, 61222, 63985, 66498, 68536, 52795, 56027, 58564, 61602, 63816, 66189, 52958, 55892, 59021, 61452, 63863, 52921, 56112, 58774, 61864, 53250, 56029, 58738, 52876, 55873, 52679]",0.17752328375935197,0.16646532944246034,0.18749715147122667,True,0,False,False,1.0523137916607084e-11,0.0,0.283301904092635,0.045407431532873965,0.2130940588925539,False,0.17075722950180738,logistic_Q
10,0.2,100000,175,20260922,"[53155, 56035, 58916, 61493, 63916, 66386, 68595, 70684, 72271, 53006, 55987, 58559, 61470, 64042, 66352, 68470, 70437, 53076, 56095, 58755, 61414, 64193, 66545, 68692, 53036, 56072, 58374, 61536, 63974, 66530, 52827, 55711, 58787, 61622, 63918, 52880, 55647, 58971, 61416, 52792, 55741, 58694, 53026, 55993, 53015]",0.16436800644865218,0.15188305838823404,0.17553643146011386,True,0,False,False,5.648814749292796e-13,0.0,0.28341190409263506,0.05153411335283348,0.21433267019232505,False,0.17075722950180738,logistic_Q
10,0.2,100000,176,20260922,"[52838, 55823, 58776, 61362, 64063, 66566, 68583, 70435, 72426, 53211, 55601, 58703, 61487, 64132, 66378, 68767, 70569, 53128, 55770, 58911, 61652, 64011, 66471, 68644, 53240, 56031, 59059, 61714, 64125, 66414, 52928, 56068, 58665, 61283, 63903, 52863, 55848, 58988, 61508, 52671, 56038, 58733, 52777, 55885, 52946]",0.16124584771002112,0.14831068149293228,0.17278316506684696,True,0,False,False,6.323830348264892e-13,0.0,0.281861904092635,0.0063116032024395086,0.20524813583368173,False,0.17075722950180738,logistic_Q
10,0.2,100000,177,20260922,"[53178, 55930, 58810, 61425, 63958, 66339, 68690, 70653, 72285, 53208, 55812, 58621, 61391, 64019, 66614, 68893, 70528, 52980, 56258, 58645, 61276, 63984, 66576, 68565, 53011, 55943, 58743, 61514, 64165, 66388, 52900, 55872, 58873, 61428, 64472, 52848, 55866, 58813, 61490, 52919, 55765, 58918, 53067, 56126, 52814]",0.16347242175854562,0.15101272209751285,0.17462329785719766,True,0,False,False,2.0300205960666062e-11,0.0,0.28327190409263503,0.09699774226958191,0.2234452888641279,False,0.17075722950180738,logistic_Q
10,0.2,100000,178,20260922,"[53204, 55938, 58689, 61558, 64075, 66217, 68764, 70235, 72303, 53047, 55837, 58660, 61618, 63830, 66444, 68649, 70429, 53131, 56063, 58709, 61596, 63986, 66231, 68764, 52793, 56050, 58940, 61378, 64219, 66247, 52854, 56159, 58920, 61789, 64056, 52784, 56243, 58892, 61674, 53183, 55739, 59009, 52872, 55852, 52957]",0.17620170280930944,0.16507746265076084,0.18623379204297744,True,0,False,False,6.394884621840902e-14,0.0,0.28309190409263507,0.06908491478460493,0.2171790859224193,False,0.17075722950180738,logistic_Q
10,0.2,100000,179,20260922,"[52897, 55888, 58597, 61426, 64076, 66335, 68315, 70394, 72334, 52954, 56026, 58710, 61167, 63994, 66126, 68899, 70323, 52959, 55868, 58682, 61679, 64205, 66444, 68501, 52954, 56048, 58763, 61955, 64134, 66650, 53304, 55938, 58906, 61632, 63878, 52948, 55766, 58651, 61144, 52709, 56033, 58561, 52912, 55926, 52945]",0.1652270499436519,0.1525734953860672,0.17652423416275323,True,0,False,False,1.8559376258053817e-11,0.0,0.28278190409263504,0.028332936578072287,0.20971179568176979,False,0.17075722950180738,logistic_Q
10,0.2,100000,180,20260922,"[52927, 55966, 58916, 61591, 63794, 66643, 68385, 70425, 72197, 53279, 55671, 58610, 61404, 64174, 66368, 68706, 70652, 52862, 55956, 59020, 61284, 63987, 66500, 68805, 52880, 56035, 58707, 61294, 63983, 66268, 53054, 55679, 58809, 61515, 64087, 53064, 55767, 58480, 61260, 53195, 55845, 58909, 53081, 55994, 52835]",0.1635840770141235,0.1509476626507819,0.174876096777596,True,0,False,False,7.958078640513122e-13,0.0,0.284151904092635,0.08755646963363228,0.22208018606066626,False,0.17075722950180738,logistic_Q
10,0.2,100000,181,20260922,"[53249, 55806, 58788, 61504, 63678, 66465, 68544, 70109, 72129, 53129, 55755, 58745, 61300, 64281, 66447, 68666, 70542, 53117, 56060, 58774, 61497, 64050, 66536, 68511, 52830, 55926, 58663, 61860, 63849, 66342, 52815, 55850, 58468, 61738, 64336, 52849, 55918, 59024, 61505, 53108, 56184, 58699, 53259, 55740, 53384]",0.17785807910404686,0.16689162244929717,0.1877553392590897,True,0,False,False,1.0793144156195922e-11,0.0,0.28483190409263504,0.10784807604468594,0.22742742815345568,False,0.17075722950180738,logistic_Q
10,0.2,100000,182,20260922,"[52905, 55946, 59005, 61281, 64053, 66475, 68733, 70631, 72169, 52936, 55749, 59030, 61530, 63964, 66366, 68677, 70339, 53112, 56111, 58846, 61952, 63976, 66667, 68541, 52877, 55936, 58975, 61357, 64163, 66425, 52954, 56003, 58739, 61681, 63818, 53078, 56332, 58881, 61264, 53087, 55929, 58922, 52943, 56208, 52904]",0.17576630335449978,0.16461037835567785,0.18582405943811994,True,0,False,False,5.044853423896711e-13,0.0,0.28443190409263497,0.027886001606558464,0.21187453443309845,False,0.17075722950180738,logistic_Q
10,0.2,100000,183,20260922,"[52769, 55769, 58749, 61516, 64087, 66365, 68475, 70631, 72407, 53060, 55867, 58906, 61495, 64062, 66459, 68841, 70833, 52988, 55756, 58596, 61557, 64270, 66545, 68632, 53394, 55937, 58712, 61359, 64044, 66310, 52845, 55744, 58733, 61679, 64276, 52939, 55931, 58814, 61691, 53122, 56120, 58756, 52825, 56160, 53045]",0.15998220001992874,0.14711452730615904,0.1714719580674537,True,0,False,False,5.080380560684716e-13,0.0,0.28205190409263503,0.07391090955199231,0.21705045178088994,False,0.17075722950180738,logistic_Q
10,0.2,100000,184,20260922,"[52902, 56052, 58719, 61507, 64050, 66224, 68747, 70392, 72173, 52917, 56027, 58898, 61540, 64128, 66541, 68781, 70512, 52955, 55917, 59035, 61520, 63813, 66485, 68376, 53431, 55876, 58710, 61390, 64293, 66219, 52961, 56133, 59005, 61512, 64094, 53001, 55971, 58563, 61327, 53080, 55953, 58831, 52931, 56080, 53110]",0.1747621251989405,0.16343187540214507,0.1849647798646487,True,0,False,False,6.394884621840902e-13,0.0,0.28439190409263504,0.08371539906404296,0.22164022387458615,False,0.17075722950180738,logistic_Q
10,0.2,100000,185,20260922,"[53481, 56188, 58797, 61618, 64025, 66360, 68616, 70374, 72217, 52931, 55503, 58959, 61471, 63872, 66539, 68580, 70426, 53054, 55780, 59062, 61397, 64294, 66337, 68606, 52904, 55898, 59011, 61401, 63876, 66259, 52728, 55876, 58922, 61549, 64255, 52631, 56086, 58915, 61778, 52840, 56311, 58619, 53017, 55837, 53065]",0.17841876071187476,0.1676006791929468,0.18819486261646742,True,0,False,False,4.050093593832571e-13,0.0,0.28395190409263504,0.10129665463883097,0.2248645526666052,False,0.17075722950180738,logistic_Q
10,0.2,100000,186,20260922,"[52954, 56004, 58995, 61983, 63867, 66579, 68557, 70855, 72474, 52987, 56081, 58595, 61708, 64080, 66653, 68620, 70292, 53160, 56195, 58853, 61338, 64360, 66338, 68438, 52951, 55934, 58838, 61569, 63968, 66504, 53403, 55942, 58670, 61372, 64178, 53052, 56239, 59061, 61469, 53086, 56109, 58847, 53063, 56023, 53126]",0.17475994722440855,0.16366675111603265,0.18477212190920442,True,0,False,False,7.460698725481052e-13,0.0,0.28138190409263497,0.09651368818474432,0.22067953683652386,False,0.17075722950180738,logistic_Q
10,0.2,100000,187,20260922,"[53121, 55930, 59202, 61421, 64169, 66413, 68587, 70415, 72244, 52916, 55969, 58643, 61456, 64205, 66078, 68731, 70324, 52988, 55859, 58628, 61397, 64047, 66709, 68592, 53110, 56035, 58558, 61349, 64282, 66470, 53337, 55658, 58745, 61207, 64209, 53013, 55942, 59007, 61516, 52872, 55791, 58820, 52972, 56069, 52773]",0.17254987720338208,0.16109758305094385,0.18285968758643423,True,0,False,False,6.963318810448982e-13,0.0,0.28368190409263505,0.07840155920026548,0.21988873494374184,False,0.17075722950180738,logistic_Q
10,0.2,100000,188,20260922,"[53092, 56185, 58848, 61528, 64137, 66451, 68575, 70607, 72265, 52878, 55929, 58845, 61584, 63955, 66414, 68509, 70579, 53237, 56118, 59041, 61397, 63916, 66369, 68623, 52958, 55851, 59048, 61477, 64065, 66463, 52888, 56145, 58738, 61868, 64246, 53231, 56103, 58405, 61654, 52931, 55966, 58959, 52936, 56176, 52909]",0.1770119855506406,0.16613421254561056,0.1868421951080747,True,0,False,False,1.588063014423824e-11,0.0,0.283471904092635,0.08856262587712316,0.2216482512875408,False,0.17075722950180738,logistic_Q
10,0.2,100000,189,20260922,"[53184, 55940, 58735, 61846, 64111, 66365, 68319, 70659, 71981, 52959, 56208, 58774, 61373, 64143, 66584, 68597, 70496, 52992, 55917, 58977, 61570, 63765, 66424, 68661, 52860, 55965, 58564, 61639, 64227, 66252, 53148, 55774, 58847, 61489, 64025, 53075, 55800, 58809, 61232, 52967, 55884, 58678, 52980, 55663, 53010]",0.17349343132644257,0.16200725421337162,0.1838260881210492,True,0,False,False,5.897504706808832e-13,0.0,0.28631190409263507,0.12237137245848595,0.23201219543138096,False,0.17075722950180738,logistic_Q
10,0.2,100000,190,20260922,"[53011, 56187, 58654, 61645, 63735, 66401, 68622, 70603, 71984, 52920, 56021, 58823, 61620, 64034, 66431, 68641, 70495, 53045, 56013, 58552, 61328, 63775, 66619, 68569, 53106, 55995, 58723, 61497, 64109, 66737, 53209, 55855, 58778, 61434, 63883, 52987, 55906, 58786, 61484, 53023, 55732, 58903, 52943, 55976, 53202]",0.17287264662121177,0.16140719059428957,0.1831915371634592,True,0,False,False,6.679101716144942e-13,0.0,0.286281904092635,0.09784242502688228,0.2265113151962999,False,0.17075722950180738,logistic_Q
10,0.2,100000,191,20260922,"[53076, 55960, 58765, 61535, 63893, 66316, 68681, 70720, 72130, 52976, 56085, 58558, 61545, 63868, 66525, 68597, 70488, 52835, 55970, 58859, 61539, 64202, 66168, 68473, 52983, 55897, 58473, 61572, 64041, 66592, 52884, 56151, 58553, 61463, 64005, 53211, 56045, 58684, 61471, 52995, 55930, 58960, 53134, 55874, 53051]",0.16915340274427318,0.15721103189824012,0.17986990528687996,True,0,False,False,4.831690603168681e-13,0.0,0.28482190409263497,0.08302783215936693,0.2219312157004802,False,0.17075722950180738,logistic_Q
10,0.2,100000,192,20260922,"[52922, 56063, 58902, 61488, 64098, 66456, 68653, 70593, 72444, 52943, 56042, 58541, 61741, 64007, 66425, 68338, 70392, 53000, 56263, 58859, 61313, 64220, 66079, 68270, 52977, 55837, 58720, 61903, 63990, 66429, 52541, 55723, 58733, 61518, 63959, 52989, 55805, 58743, 61310, 53010, 56197, 58886, 52893, 55875, 53229]",0.17091771219089,0.1591422303587527,0.1814949196220583,True,0,False,False,1.5631940186722204e-12,0.0,0.28168190409263505,0.029566378640532298,0.208486207613784,False,0.17075722950180738,logistic_Q
10,0.2,100000,193,20260922,"[52954, 55845, 59095, 61535, 64287, 66310, 68597, 70776, 72199, 53054, 55900, 58663, 61347, 64252, 66429, 68572, 70540, 53260, 55839, 58781, 61491, 63834, 66550, 68687, 53061, 55885, 59072, 61595, 63891, 66499, 53172, 56009, 58739, 61276, 64083, 53029, 55823, 58689, 61682, 52919, 55710, 58744, 53150, 55493, 53374]",0.16607125960747254,0.15385746921007437,0.17701650147927883,True,0,False,False,9.14468500923249e-12,0.0,0.284131904092635,0.0821560442534151,0.22099715108489182,False,0.17075722950180738,logistic_Q
10,0.2,100000,194,20260922,"[52980, 56042, 58672, 61397, 64201, 66422, 68538, 70658, 72345, 53166, 56054, 58903, 61502, 63908, 66460, 68737, 70583, 53070, 55740, 58751, 61502, 64175, 66303, 68447, 52812, 55918, 59102, 61650, 64150, 66300, 53022, 56064, 58499, 61368, 63953, 53025, 56083, 58852, 61767, 53503, 56207, 59073, 52999, 55828, 53065]",0.17185288433221396,0.16031074273651486,0.18223812080131457,True,0,False,False,6.679101716144942e-13,0.0,0.282671904092635,0.03293707375314553,0.21037618047731682,False,0.17075722950180738,logistic_Q
10,0.2,100000,195,20260922,"[52966, 55962, 58950, 61627, 63994, 66231, 68465, 70493, 72368, 52871, 56043, 58648, 61832, 64023, 66449, 68463, 70520, 53019, 55804, 58721, 61673, 63964, 66388, 68618, 52795, 55817, 58899, 61358, 64221, 66483, 52787, 56010, 58377, 61543, 64129, 52824, 55757, 59024, 61236, 52821, 56048, 58914, 52950, 56076, 52786]",0.16869779651676434,0.15673594578538746,0.17943182351741857,True,0,False,False,2.3447910280083306e-13,0.0,0.28244190409263503,0.0747562591197784,0.21750297914007194,False,0.17075722950180738,logistic_Q
10,0.2,100000,196,20260922,"[53256, 55746, 59029, 61482, 64084, 66469, 68541, 70569, 71960, 52825, 55877, 59222, 61668, 64144, 66462, 68589, 70560, 52933, 56093, 59144, 61626, 64344, 66492, 68647, 53283, 55792, 58625, 61801, 63987, 66297, 52888, 56141, 58729, 61461, 64116, 53115, 55968, 58794, 61395, 53085, 56077, 58760, 53102, 55628, 53009]",0.17977995328489227,0.16908763325733775,0.18944698010764618,True,0,False,False,1.0658141036401503e-13,0.0,0.286521904092635,0.10636121377449986,0.22884531234899413,False,0.17075722950180738,logistic_Q
10,0.2,100000,197,20260922,"[52892, 56045, 58885, 61401, 64082, 66391, 68717, 70526, 71989, 52754, 56069, 58772, 61493, 64124, 66603, 68582, 70416, 53058, 56245, 58523, 61405, 64169, 66484, 68488, 52698, 56424, 58748, 61662, 64049, 66166, 52845, 55971, 58674, 61279, 64118, 52779, 55993, 58910, 61433, 53019, 55892, 58675, 52962, 55986, 52885]",0.17497777023519717,0.16365905013148813,0.1851696246008549,True,0,False,False,2.616928895804449e-11,0.0,0.286231904092635,0.09738636324791616,0.22665686228854004,False,0.17075722950180738,logistic_Q
10,0.2,100000,198,20260922,"[53010, 55841, 58772, 61595, 64113, 66484, 68695, 70590, 72436, 53125, 55770, 58973, 61613, 64014, 66642, 68624, 70722, 53060, 55777, 58953, 61536, 64111, 66071, 68565, 52854, 56069, 59010, 61433, 64155, 66627, 52698, 55784, 58976, 61505, 64010, 53091, 55998, 59081, 61403, 52724, 56156, 58760, 52663, 55887, 52867]",0.16306798622961505,0.15051935697617014,0.17429196022142607,True,0,False,False,1.3812950783176348e-11,0.0,0.281761904092635,0.05016773843955463,0.21202167286377732,False,0.17075722950180738,logistic_Q
10,0.2,100000,199,20260922,"[52961, 56093, 58863, 61480, 64033, 66305, 68642, 70441, 72155, 53166, 55793, 58934, 61388, 64093, 66424, 68807, 70632, 53176, 55950, 58966, 61439, 64420, 66657, 68703, 52914, 56006, 59092, 61747, 64147, 66554, 52960, 56182, 58480, 61759, 64163, 53055, 56105, 58870, 61796, 52892, 56047, 59074, 52800, 56334, 52656]",0.17918372419292727,0.16862113858380276,0.18874720675311835,True,0,False,False,3.410605131648481e-13,0.0,0.284571904092635,0.08957233308964191,0.22310392653278988,False,0.17075722950180738,logistic_Q
