k,delta,n,world,rep,eta_true,lo,hi,width,fallback,covers_true,covers_Q
3,0.025,655360000000000,probit_P,0,0.2,0.12203585175043219,0.19048694748637457,0.06845109573594238,False,False,True
3,0.025,655360000000000,probit_P,1,0.2,0.13035692259305676,0.1951053829489654,0.06474846035590864,False,False,True
3,0.025,655360000000000,probit_P,2,0.2,0.11224538884503171,0.18517978816448732,0.07293439931945561,False,False,True
3,0.025,655360000000000,probit_P,3,0.2,0.1392502240718667,0.20015381095269208,0.06090358688082537,False,True,True
3,0.025,655360000000000,probit_P,4,0.2,0.11547314708645268,0.18691428463548093,0.07144113754902826,False,False,True
3,0.025,655360000000000,probit_P,5,0.2,0.1100687161946044,0.18401850395716368,0.07394978776255928,False,False,True
3,0.025,655360000000000,probit_P,6,0.2,0.11768580008136176,0.1881123054774746,0.07042650539611284,False,False,True
3,0.025,655360000000000,probit_P,7,0.2,0.09436830558042125,0.1758354098507402,0.08146710427031895,False,False,True
3,0.025,655360000000000,probit_P,8,0.2,0.12269830045086189,0.19085063541266067,0.06815233496179879,False,False,True
3,0.025,655360000000000,probit_P,9,0.2,0.13464841869217653,0.19752747013119543,0.0628790514390189,False,False,True
3,0.025,655360000000000,probit_P,10,0.2,0.12071779659617493,0.18976468414172154,0.06904688754554661,False,False,True
3,0.025,655360000000000,probit_P,11,0.2,0.12906897659037248,0.1943849814428752,0.06531600485250272,False,False,True
3,0.025,655360000000000,probit_P,12,0.2,0.11224204600067827,0.18517745363891497,0.0729354076382367,False,False,True
3,0.025,655360000000000,probit_P,13,0.2,0.11977561619844557,0.1892495006416557,0.06947388444321012,False,False,True
3,0.025,655360000000000,probit_P,14,0.2,0.11003075771860071,0.1839979923168697,0.07396723459826898,False,False,True
3,0.025,655360000000000,probit_P,15,0.2,0.10734429567164594,0.1825738558017656,0.07522956013011967,False,False,True
3,0.025,655360000000000,probit_P,16,0.2,0.11072409973143676,0.1843678885469519,0.07364378881551514,False,False,True
3,0.025,655360000000000,probit_P,17,0.2,0.11958818311025937,0.18914671191635285,0.06955852880609348,False,False,True
3,0.025,655360000000000,probit_P,18,0.2,0.11374138896719266,0.18598144127408917,0.07224005230689651,False,False,True
3,0.025,655360000000000,probit_P,19,0.2,0.13281503458816535,0.19648935128974548,0.06367431670158014,False,False,True
3,0.025,655360000000000,probit_P,20,0.2,0.12767313878022846,0.19360500248938356,0.0659318637091551,False,False,True
3,0.025,655360000000000,probit_P,21,0.2,0.11109445959523062,0.18456424843945834,0.07346978884422772,False,False,True
3,0.025,655360000000000,probit_P,22,0.2,0.1156357399425032,0.1870020122471845,0.07136627230468129,False,False,True
3,0.025,655360000000000,probit_P,23,0.2,0.12061323983790778,0.1897077141511625,0.06909447431325472,False,False,True
3,0.025,655360000000000,probit_P,24,0.2,0.11871621733493343,0.1886724989703018,0.06995628163536838,False,False,True
3,0.025,655360000000000,probit_P,25,0.2,0.11617071977106797,0.18729111087664396,0.071120391105576,False,False,True
3,0.025,655360000000000,probit_P,26,0.2,0.13219054763625548,0.19613727598664732,0.06394672835039183,False,False,True
3,0.025,655360000000000,probit_P,27,0.2,0.12774424408033214,0.19364517617285643,0.06590093209252429,False,False,True
3,0.025,655360000000000,probit_P,28,0.2,0.10706629527355183,0.18242681032921731,0.07536051505566549,False,False,True
3,0.025,655360000000000,probit_P,29,0.2,0.12659548371276963,0.19300565611571946,0.06641017240294983,False,False,True
3,0.025,655360000000000,probit_P,30,0.2,0.11682687464806102,0.1876464743777585,0.07081959972969748,False,False,True
3,0.025,655360000000000,probit_P,31,0.2,0.1295144189958452,0.19463357251653035,0.06511915352068515,False,False,True
3,0.025,655360000000000,probit_P,32,0.2,0.11848091902934199,0.1885441406321114,0.0700632216027694,False,False,True
3,0.025,655360000000000,probit_P,33,0.2,0.13012134770205835,0.19497374658321714,0.06485239888115879,False,False,True
3,0.025,655360000000000,probit_P,34,0.2,0.12994310177391116,0.19487354519945832,0.06493044342554716,False,False,True
3,0.025,655360000000000,probit_P,35,0.2,0.119231434581411,0.18895264490522434,0.06972121032381334,False,False,True
3,0.025,655360000000000,probit_P,36,0.2,0.11225378514003331,0.18518462500487087,0.07293083986483756,False,False,True
3,0.025,655360000000000,probit_P,37,0.2,0.130581479972113,0.19523205786706954,0.06465057789495654,False,False,True
3,0.025,655360000000000,probit_P,38,0.2,0.12231167677906052,0.1906382923278443,0.06832661554878378,False,False,True
3,0.025,655360000000000,probit_P,39,0.2,0.12297159627088539,0.19100120150163136,0.06802960523074597,False,False,True
3,0.025,655360000000000,probit_P,40,0.2,0.12655179271434563,0.19298209200430605,0.06643029928996041,False,False,True
3,0.025,655360000000000,probit_P,41,0.2,0.11530921921613224,0.1868262281808079,0.07151700896467567,False,False,True
3,0.025,655360000000000,probit_P,42,0.2,0.12102709870354211,0.18993374508816796,0.06890664638462585,False,False,True
3,0.025,655360000000000,probit_P,43,0.2,0.11864176948429805,0.188631540223074,0.06998977073877594,False,False,True
3,0.025,655360000000000,probit_P,44,0.2,0.13836013639945943,0.19964312102955029,0.06128298463009085,False,False,True
3,0.025,655360000000000,probit_P,45,0.2,0.11276047587614402,0.18545527380891874,0.07269479793277472,False,False,True
3,0.025,655360000000000,probit_P,46,0.2,0.13223313828130995,0.19616125171889093,0.06392811343758098,False,False,True
3,0.025,655360000000000,probit_P,47,0.2,0.1261053545161605,0.19273327352611486,0.06662791900995435,False,False,True
3,0.025,655360000000000,probit_P,48,0.2,0.1321399033187043,0.1961088012679335,0.06396889794922922,False,False,True
3,0.025,655360000000000,probit_P,49,0.2,0.11702720152170415,0.18775450497255425,0.0707273034508501,False,False,True
3,0.025,655360000000000,probit_P,50,0.2,0.12979797546690963,0.1947922484387537,0.06499427297184407,False,False,True
3,0.025,655360000000000,probit_P,51,0.2,0.11878862350383623,0.18871105368618435,0.06992243018234812,False,False,True
3,0.025,655360000000000,probit_P,52,0.2,0.12032218246684884,0.18954822514180997,0.06922604267496113,False,False,True
3,0.025,655360000000000,probit_P,53,0.2,0.11688148377859398,0.18767585818189803,0.07079437440330405,False,False,True
3,0.025,655360000000000,probit_P,54,0.2,0.12330980959852439,0.1911877414474305,0.06787793184890611,False,False,True
3,0.025,655360000000000,probit_P,55,0.2,0.11859705990622699,0.18860738034528168,0.0700103204390547,False,False,True
3,0.025,655360000000000,probit_P,56,0.2,0.13212071303210282,0.19609792186471847,0.06397720883261565,False,False,True
3,0.025,655360000000000,probit_P,57,0.2,0.13915486833809104,0.20009985170603867,0.060944983367947625,False,True,True
3,0.025,655360000000000,probit_P,58,0.2,0.11930891482348993,0.18899451073036683,0.0696855959068769,False,False,True
3,0.025,655360000000000,probit_P,59,0.2,0.12064035706485843,0.18972210994106242,0.069081752876204,False,False,True
3,0.025,655360000000000,probit_P,60,0.2,0.12551486272848827,0.19240576195173026,0.06689089922324198,False,False,True
3,0.025,655360000000000,probit_P,61,0.2,0.11979713215354043,0.18926127653513886,0.06946414438159842,False,False,True
3,0.025,655360000000000,probit_P,62,0.2,0.11563335597739333,0.18700076677946642,0.0713674108020731,False,False,True
3,0.025,655360000000000,probit_P,63,0.2,0.140459047634385,0.2008494339293792,0.060390386294994214,False,True,True
3,0.025,655360000000000,probit_P,64,0.2,0.12023011997961985,0.18949812691073498,0.06926800693111512,False,False,True
3,0.025,655360000000000,probit_P,65,0.2,0.10538283013633826,0.18153988588646092,0.07615705575012266,False,False,True
3,0.025,655360000000000,probit_P,66,0.2,0.13299905214699664,0.1965934332026436,0.06359438105564696,False,False,True
3,0.025,655360000000000,probit_P,67,0.2,0.11594912886737652,0.18717183551224947,0.07122270664487296,False,False,True
3,0.025,655360000000000,probit_P,68,0.2,0.132865179597766,0.196518138878088,0.063652959280322,False,False,True
3,0.025,655360000000000,probit_P,69,0.2,0.11578335401064682,0.1870820979347872,0.07129874392414037,False,False,True
3,0.025,655360000000000,probit_P,70,0.2,0.12573437819961886,0.19252801772959416,0.0667936395299753,False,False,True
3,0.025,655360000000000,probit_P,71,0.2,0.1114782378981034,0.18477049301859133,0.07329225512048793,False,False,True
3,0.025,655360000000000,probit_P,72,0.2,0.12172110914528611,0.19031455914600148,0.06859345000071537,False,False,True
3,0.025,655360000000000,probit_P,73,0.2,0.1286252772897863,0.1941363871251684,0.06551110983538211,False,False,True
3,0.025,655360000000000,probit_P,74,0.2,0.1102357719307151,0.1841066183319412,0.0738708464012261,False,False,True
3,0.025,655360000000000,probit_P,75,0.2,0.10957864755817187,0.18375735323044357,0.0741787056722717,False,False,True
3,0.025,655360000000000,probit_P,76,0.2,0.13230884188743225,0.1962040734669634,0.06389523157953114,False,False,True
3,0.025,655360000000000,probit_P,77,0.2,0.1238112564036471,0.19146389904373667,0.06765264264008958,False,False,True
3,0.025,655360000000000,probit_P,78,0.2,0.13088108064026827,0.1954003933098633,0.06451931266959504,False,False,True
3,0.025,655360000000000,probit_P,79,0.2,0.11925286510462835,0.188964650449282,0.06971178534465367,False,False,True
3,0.025,655360000000000,probit_P,80,0.2,0.11455037363659948,0.18641657806164075,0.07186620442504127,False,False,True
3,0.025,655360000000000,probit_P,81,0.2,0.1251816856597059,0.19222167601977924,0.06703999036007335,False,False,True
3,0.025,655360000000000,probit_P,82,0.2,0.12239722843231438,0.19068564897278317,0.0682884205404688,False,False,True
3,0.025,655360000000000,probit_P,83,0.2,0.12086609935601994,0.18984584809782912,0.06897974874180918,False,False,True
3,0.025,655360000000000,probit_P,84,0.2,0.12448275335576287,0.19183437967018535,0.06735162631442249,False,False,True
3,0.025,655360000000000,probit_P,85,0.2,0.12936601984507062,0.19455074926820715,0.06518472942313652,False,False,True
3,0.025,655360000000000,probit_P,86,0.2,0.10632094241353901,0.18203351819777008,0.07571257578423107,False,False,True
3,0.025,655360000000000,probit_P,87,0.2,0.10595231740793376,0.18183980248018033,0.07588748507224657,False,False,True
3,0.025,655360000000000,probit_P,88,0.2,0.12922375887199106,0.19447088055133244,0.06524712167934138,False,False,True
3,0.025,655360000000000,probit_P,89,0.2,0.12695583951304135,0.1932058287366341,0.06624998922359276,False,False,True
3,0.025,655360000000000,probit_P,90,0.2,0.12153526398578046,0.19021259001670893,0.06867732603092846,False,False,True
3,0.025,655360000000000,probit_P,91,0.2,0.11405404202238545,0.1861495551608776,0.07209551313849216,False,False,True
3,0.025,655360000000000,probit_P,92,0.2,0.129609050960384,0.1946862091174389,0.06507715815705489,False,False,True
3,0.025,655360000000000,probit_P,93,0.2,0.14693543917456064,0.20460993435532127,0.05767449518076062,False,True,True
3,0.025,655360000000000,probit_P,94,0.2,0.12076374840969939,0.18978935494683702,0.06902560653713763,False,False,True
3,0.025,655360000000000,probit_P,95,0.2,0.11598411837609651,0.1871901004894561,0.0712059821133596,False,False,True
3,0.025,655360000000000,probit_P,96,0.2,0.1114853282584673,0.18477251920400373,0.07328719094553643,False,False,True
3,0.025,655360000000000,probit_P,97,0.2,0.12917648349687033,0.19444484460743622,0.06526836111056589,False,False,True
3,0.025,655360000000000,probit_P,98,0.2,0.11137311392343857,0.18471361395549413,0.07334050003205556,False,False,True
3,0.025,655360000000000,probit_P,99,0.2,0.1327537540770567,0.19645506903145987,0.06370131495440318,False,False,True
3,0.025,655360000000000,probit_P,100,0.2,0.13222474502119946,0.1961564736774677,0.06393172865626823,False,False,True
3,0.025,655360000000000,probit_P,101,0.2,0.1235445738234851,0.19131801175496038,0.06777343793147528,False,False,True
3,0.025,655360000000000,probit_P,102,0.2,0.12747391016231124,0.19349353958569643,0.06601962942338518,False,False,True
3,0.025,655360000000000,probit_P,103,0.2,0.11910797116652194,0.1888850690011511,0.06977709783462915,False,False,True
3,0.025,655360000000000,probit_P,104,0.2,0.1191982318424093,0.1889344099157234,0.06973617807331411,False,False,True
3,0.025,655360000000000,probit_P,105,0.2,0.1315936515069367,0.1958009700529778,0.06420731854604111,False,False,True
3,0.025,655360000000000,probit_P,106,0.2,0.12115469757586333,0.19000336575991722,0.06884866818405388,False,False,True
3,0.025,655360000000000,probit_P,107,0.2,0.12460214530199304,0.19190114790774365,0.06729900260575061,False,False,True
3,0.025,655360000000000,probit_P,108,0.2,0.10076604031621911,0.17912900599439385,0.07836296567817475,False,False,True
3,0.025,655360000000000,probit_P,109,0.2,0.12274022768303716,0.19087411072233973,0.06813388303930257,False,False,True
3,0.025,655360000000000,probit_P,110,0.2,0.11895388076020463,0.18880164731523624,0.06984776655503161,False,False,True
3,0.025,655360000000000,probit_P,111,0.2,0.12499519715893798,0.19211821020105968,0.0671230130421217,False,False,True
3,0.025,655360000000000,probit_P,112,0.2,0.12458554683454709,0.19189218262745505,0.06730663579290797,False,False,True
3,0.025,655360000000000,probit_P,113,0.2,0.11700286862733744,0.18774176299149137,0.07073889436415393,False,False,True
3,0.025,655360000000000,probit_P,114,0.2,0.12320999014765155,0.191132117666437,0.06792212751878546,False,False,True
3,0.025,655360000000000,probit_P,115,0.2,0.12101561554900647,0.1899271066139387,0.06891149106493222,False,False,True
3,0.025,655360000000000,probit_P,116,0.2,0.12356459897334632,0.19132850786859967,0.06776390889525336,False,False,True
3,0.025,655360000000000,probit_P,117,0.2,0.11023253206989492,0.18410517781358648,0.07387264574369157,False,False,True
3,0.025,655360000000000,probit_P,118,0.2,0.11431819346497624,0.18629207462584685,0.07197388116087061,False,False,True
3,0.025,655360000000000,probit_P,119,0.2,0.13174098632275272,0.19588404631992096,0.06414305999716824,False,False,True
3,0.025,655360000000000,probit_P,120,0.2,0.11208832822494008,0.1850956079021337,0.07300727967719361,False,False,True
3,0.025,655360000000000,probit_P,121,0.2,0.118018253660645,0.18829188584141898,0.07027363218077398,False,False,True
3,0.025,655360000000000,probit_P,122,0.2,0.12962462868098684,0.194696097301775,0.06507146862078816,False,False,True
3,0.025,655360000000000,probit_P,123,0.2,0.11666518035240936,0.18755899354377137,0.07089381319136201,False,False,True
3,0.025,655360000000000,probit_P,124,0.2,0.1351464411290263,0.1978102351048293,0.06266379397580302,False,False,True
3,0.025,655360000000000,probit_P,125,0.2,0.11146246629472889,0.18476032891234556,0.07329786261761667,False,False,True
3,0.025,655360000000000,probit_P,126,0.2,0.12291531267543138,0.19097083038717322,0.06805551771174184,False,False,True
3,0.025,655360000000000,probit_P,127,0.2,0.11722765064930457,0.18786342616951618,0.07063577552021161,False,False,True
3,0.025,655360000000000,probit_P,128,0.2,0.11842982030677635,0.18851654270926665,0.07008672240249031,False,False,True
3,0.025,655360000000000,probit_P,129,0.2,0.13200986186127822,0.19603599975216496,0.06402613789088674,False,False,True
3,0.025,655360000000000,probit_P,130,0.2,0.1361182591594734,0.19836245003677772,0.06224419087730432,False,False,True
3,0.025,655360000000000,probit_P,131,0.2,0.13204834297478024,0.1960568387695265,0.06400849579474627,False,False,True
3,0.025,655360000000000,probit_P,132,0.2,0.13972460701139977,0.20042661730265376,0.060702010291253994,False,True,True
3,0.025,655360000000000,probit_P,133,0.2,0.13389848139594518,0.19710210014066748,0.0632036187447223,False,False,True
3,0.025,655360000000000,probit_P,134,0.2,0.11332519972937438,0.18575766577927783,0.07243246604990344,False,False,True
3,0.025,655360000000000,probit_P,135,0.2,0.10922305889168316,0.18356783926298897,0.07434478037130582,False,False,True
3,0.025,655360000000000,probit_P,136,0.2,0.13244681462013552,0.196282280692759,0.06383546607262347,False,False,True
3,0.025,655360000000000,probit_P,137,0.2,0.1258607065504999,0.19259754368382553,0.06673683713332562,False,False,True
3,0.025,655360000000000,probit_P,138,0.2,0.11915929888431959,0.18891349956851794,0.06975420068419835,False,False,True
3,0.025,655360000000000,probit_P,139,0.2,0.11820591397240504,0.18839499474277915,0.07018908077037411,False,False,True
3,0.025,655360000000000,probit_P,140,0.2,0.1248441117605551,0.19203415891766223,0.06719004715710714,False,False,True
3,0.025,655360000000000,probit_P,141,0.2,0.12900539603815125,0.1943489809452365,0.06534358490708525,False,False,True
3,0.025,655360000000000,probit_P,142,0.2,0.12379829341285253,0.19145715458636176,0.06765886117350922,False,False,True
3,0.025,655360000000000,probit_P,143,0.2,0.12149418632048575,0.19018923003549953,0.06869504371501378,False,False,True
3,0.025,655360000000000,probit_P,144,0.2,0.12517186161578636,0.19221592603026932,0.06704406441448296,False,False,True
3,0.025,655360000000000,probit_P,145,0.2,0.12889491976068257,0.19428703869838942,0.06539211893770686,False,False,True
3,0.025,655360000000000,probit_P,146,0.2,0.12154061244615644,0.19021516156753537,0.06867454912137894,False,False,True
3,0.025,655360000000000,probit_P,147,0.2,0.11566591664851228,0.18701825734061966,0.07135234069210739,False,False,True
3,0.025,655360000000000,probit_P,148,0.2,0.11062356096242071,0.18431327821455817,0.07368971725213747,False,False,True
3,0.025,655360000000000,probit_P,149,0.2,0.11696955340018228,0.18772401575818198,0.0707544623579997,False,False,True
3,0.025,655360000000000,probit_P,150,0.2,0.11422750714051266,0.18624307411870455,0.07201556697819189,False,False,True
3,0.025,655360000000000,probit_P,151,0.2,0.11411642980492026,0.1861829735526474,0.07206654374772714,False,False,True
3,0.025,655360000000000,probit_P,152,0.2,0.11170294888495952,0.18489006624674453,0.07318711736178501,False,False,True
3,0.025,655360000000000,probit_P,153,0.2,0.11502310044458369,0.18667169535587746,0.07164859491129377,False,False,True
3,0.025,655360000000000,probit_P,154,0.2,0.1205360954212144,0.18966503810821772,0.06912894268700331,False,False,True
3,0.025,655360000000000,probit_P,155,0.2,0.12618051331906316,0.1927753448324835,0.06659483151342033,False,False,True
3,0.025,655360000000000,probit_P,156,0.2,0.11838002982004564,0.1884889614111519,0.07010893159110626,False,False,True
3,0.025,655360000000000,probit_P,157,0.2,0.12342885278820187,0.1912534333831591,0.06782458059495722,False,False,True
3,0.025,655360000000000,probit_P,158,0.2,0.12111365396757695,0.18998104246032904,0.06886738849275209,False,False,True
3,0.025,655360000000000,probit_P,159,0.2,0.12844542868270697,0.1940358258274283,0.06559039714472131,False,False,True
3,0.025,655360000000000,probit_P,160,0.2,0.12583533079268616,0.19258348781340973,0.06674815702072356,False,False,True
3,0.025,655360000000000,probit_P,161,0.2,0.11397991322698175,0.1861099834961245,0.07213007026914275,False,False,True
3,0.025,655360000000000,probit_P,162,0.2,0.1107216577437225,0.18436561179749777,0.07364395405377527,False,False,True
3,0.025,655360000000000,probit_P,163,0.2,0.11385576348548598,0.18604314131123745,0.07218737782575146,False,False,True
3,0.025,655360000000000,probit_P,164,0.2,0.12729867194258176,0.19339670204578419,0.06609803010320242,False,False,True
3,0.025,655360000000000,probit_P,165,0.2,0.1372341161321935,0.19899938812971601,0.06176527199752252,False,False,True
3,0.025,655360000000000,probit_P,166,0.2,0.12035545819735805,0.18956657515532366,0.06921111695796561,False,False,True
3,0.025,655360000000000,probit_P,167,0.2,0.11981746992247666,0.18927200428106256,0.0694545343585859,False,False,True
3,0.025,655360000000000,probit_P,168,0.2,0.1204020581189072,0.1895913788640159,0.0691893207451087,False,False,True
3,0.025,655360000000000,probit_P,169,0.2,0.12001895542472912,0.18938201426166934,0.06936305883694022,False,False,True
3,0.025,655360000000000,probit_P,170,0.2,0.11520188449278268,0.18676746769671376,0.07156558320393108,False,False,True
3,0.025,655360000000000,probit_P,171,0.2,0.1136211161876084,0.1859174986165651,0.0722963824289567,False,False,True
3,0.025,655360000000000,probit_P,172,0.2,0.13376403181639152,0.19702645057790463,0.06326241876151312,False,False,True
3,0.025,655360000000000,probit_P,173,0.2,0.12873562637969604,0.19419821795335235,0.0654625915736563,False,False,True
3,0.025,655360000000000,probit_P,174,0.2,0.09807484377509235,0.1777365479800173,0.07966170420492497,False,False,True
3,0.025,655360000000000,probit_P,175,0.2,0.1208704911019004,0.18984784868767635,0.06897735758577594,False,False,True
3,0.025,655360000000000,probit_P,176,0.2,0.12213793278929053,0.19054311724532552,0.068405184456035,False,False,True
3,0.025,655360000000000,probit_P,177,0.2,0.13079757206689901,0.195353453068627,0.06455588100172799,False,False,True
3,0.025,655360000000000,probit_P,178,0.2,0.12597380497238153,0.19266003785098929,0.06668623287860775,False,False,True
3,0.025,655360000000000,probit_P,179,0.2,0.1252247700353204,0.1922453763477882,0.06702060631246781,False,False,True
3,0.025,655360000000000,probit_P,180,0.2,0.12031018984170555,0.18954170485146055,0.069231515009755,False,False,True
3,0.025,655360000000000,probit_P,181,0.2,0.11766097001875436,0.18809868919972378,0.07043771918096942,False,False,True
3,0.025,655360000000000,probit_P,182,0.2,0.11499217427490688,0.18665504803969307,0.0716628737647862,False,False,True
3,0.025,655360000000000,probit_P,183,0.2,0.11294368981651198,0.18555410346990092,0.07261041365338894,False,False,True
3,0.025,655360000000000,probit_P,184,0.2,0.12479237135783622,0.1920060280193424,0.0672136566615062,False,False,True
3,0.025,655360000000000,probit_P,185,0.2,0.11375908474055424,0.18599161584594898,0.07223253110539474,False,False,True
3,0.025,655360000000000,probit_P,186,0.2,0.1285229098609783,0.1940787818856593,0.065555872024681,False,False,True
3,0.025,655360000000000,probit_P,187,0.2,0.14383450007578197,0.202801912759197,0.058967412683415044,False,True,True
3,0.025,655360000000000,probit_P,188,0.2,0.11221908447044443,0.18516541457198177,0.07294633010153734,False,False,True
3,0.025,655360000000000,probit_P,189,0.2,0.11080704825628096,0.1844114295258487,0.07360438126956775,False,False,True
3,0.025,655360000000000,probit_P,190,0.2,0.12715211427030038,0.1933152174718752,0.06616310320157481,False,False,True
3,0.025,655360000000000,probit_P,191,0.2,0.11893903419919766,0.1887936911407544,0.06985465694155674,False,False,True
3,0.025,655360000000000,probit_P,192,0.2,0.11355877071418158,0.18588324222237973,0.07232447150819815,False,False,True
3,0.025,655360000000000,probit_P,193,0.2,0.12891515296970696,0.19429865492156417,0.06538350195185721,False,False,True
3,0.025,655360000000000,probit_P,194,0.2,0.12977240237740534,0.1947789583294206,0.06500655595201527,False,False,True
3,0.025,655360000000000,probit_P,195,0.2,0.11438199259566317,0.18632599488354923,0.07194400228788606,False,False,True
3,0.025,655360000000000,probit_P,196,0.2,0.12318481589110669,0.19111889962821704,0.06793408373711035,False,False,True
3,0.025,655360000000000,probit_P,197,0.2,0.11417244883580846,0.1862136290111216,0.07204118017531314,False,False,True
3,0.025,655360000000000,probit_P,198,0.2,0.13198765649997174,0.1960226308075329,0.06403497430756117,False,False,True
3,0.025,655360000000000,probit_P,199,0.2,0.1114217346979372,0.18473893600769925,0.07331720130976205,False,False,True
3,0.025,655360000000000,logistic_Q,0,0.161496634100577,0.12463214079566454,0.19191690087606045,0.06728476008039591,False,True,True
3,0.025,655360000000000,logistic_Q,1,0.161496634100577,0.12472354019530374,0.19196780858451307,0.06724426838920933,False,True,True
3,0.025,655360000000000,logistic_Q,2,0.161496634100577,0.12525474334318204,0.19226144052039468,0.06700669717721264,False,True,True
3,0.025,655360000000000,logistic_Q,3,0.161496634100577,0.13258930802761804,0.1963621468277743,0.06377283880015627,False,True,True
3,0.025,655360000000000,logistic_Q,4,0.161496634100577,0.11261922882315384,0.18537953789068579,0.07276030906753195,False,True,True
3,0.025,655360000000000,logistic_Q,5,0.161496634100577,0.13249681627738852,0.19631007707467496,0.06381326079728644,False,True,True
3,0.025,655360000000000,logistic_Q,6,0.161496634100577,0.11379271068371666,0.1860097903527138,0.07221707966899715,False,True,True
3,0.025,655360000000000,logistic_Q,7,0.161496634100577,0.13529896181502005,0.1978967964565192,0.06259783464149915,False,True,True
3,0.025,655360000000000,logistic_Q,8,0.161496634100577,0.13409437168066585,0.197212781749324,0.06311841006865815,False,True,True
3,0.025,655360000000000,logistic_Q,9,0.161496634100577,0.1382706478772751,0.1995918824017684,0.061321234524493284,False,True,True
3,0.025,655360000000000,logistic_Q,10,0.161496634100577,0.11399333197021005,0.18611757326372097,0.07212424129351092,False,True,True
3,0.025,655360000000000,logistic_Q,11,0.161496634100577,0.11933573124014946,0.18901008849587797,0.06967435725572851,False,True,True
3,0.025,655360000000000,logistic_Q,12,0.161496634100577,0.108627195482763,0.18325283570455064,0.07462564022178764,False,True,True
3,0.025,655360000000000,logistic_Q,13,0.161496634100577,0.13214702769780712,0.19611302082296805,0.06396599312516094,False,True,True
3,0.025,655360000000000,logistic_Q,14,0.161496634100577,0.12485486050753025,0.1920404112978636,0.06718555079033334,False,True,True
3,0.025,655360000000000,logistic_Q,15,0.161496634100577,0.12224019159811567,0.1905993255429132,0.06835913394479753,False,True,True
3,0.025,655360000000000,logistic_Q,16,0.161496634100577,0.11896112192441027,0.1888060227122112,0.06984490078780092,False,True,True
3,0.025,655360000000000,logistic_Q,17,0.161496634100577,0.1178490740777351,0.1882001668191114,0.0703510927413763,False,True,True
3,0.025,655360000000000,logistic_Q,18,0.161496634100577,0.12055011983809355,0.1896729801393493,0.06912286030125575,False,True,True
3,0.025,655360000000000,logistic_Q,19,0.161496634100577,0.11129543152134841,0.18467146922690642,0.073376037705558,False,True,True
3,0.025,655360000000000,logistic_Q,20,0.161496634100577,0.10961735983057763,0.18377776185360795,0.07416040202303031,False,True,True
3,0.025,655360000000000,logistic_Q,21,0.161496634100577,0.12340229671416941,0.19123891102902374,0.06783661431485433,False,True,True
3,0.025,655360000000000,logistic_Q,22,0.161496634100577,0.11044895170907876,0.18422040655924876,0.07377145485017,False,True,True
3,0.025,655360000000000,logistic_Q,23,0.161496634100577,0.12554133886119906,0.1924205819683273,0.06687924310712823,False,True,True
3,0.025,655360000000000,logistic_Q,24,0.161496634100577,0.1279211190481443,0.19374396554884815,0.06582284650070386,False,True,True
3,0.025,655360000000000,logistic_Q,25,0.161496634100577,0.13087890306271405,0.19539871921318175,0.0645198161504677,False,True,True
3,0.025,655360000000000,logistic_Q,26,0.161496634100577,0.12172060057201206,0.1903135649899132,0.06859296441790114,False,True,True
3,0.025,655360000000000,logistic_Q,27,0.161496634100577,0.12765813475713217,0.19359713894192476,0.0659390041847926,False,True,True
3,0.025,655360000000000,logistic_Q,28,0.161496634100577,0.13089954454963848,0.1954109121228471,0.06451136757320863,False,True,True
3,0.025,655360000000000,logistic_Q,29,0.161496634100577,0.13486410950175076,0.1976503174090486,0.06278620790729783,False,True,True
3,0.025,655360000000000,logistic_Q,30,0.161496634100577,0.1341663991837263,0.19725369020765526,0.06308729102392896,False,True,True
3,0.025,655360000000000,logistic_Q,31,0.161496634100577,0.12608137479708426,0.19272005582634594,0.06663868102926168,False,True,True
3,0.025,655360000000000,logistic_Q,32,0.161496634100577,0.10669019877607527,0.18222753064132996,0.07553733186525469,False,True,True
3,0.025,655360000000000,logistic_Q,33,0.161496634100577,0.13255476885560907,0.196342923553199,0.06378815469758992,False,True,True
3,0.025,655360000000000,logistic_Q,34,0.161496634100577,0.11300888669985876,0.185588323653186,0.07257943695332725,False,True,True
3,0.025,655360000000000,logistic_Q,35,0.161496634100577,0.10769302091892402,0.18275851084014083,0.07506548992121681,False,True,True
3,0.025,655360000000000,logistic_Q,36,0.161496634100577,0.129924194633748,0.19486354198049577,0.06493934734674778,False,True,True
3,0.025,655360000000000,logistic_Q,37,0.161496634100577,0.11753872416564798,0.18803189236641715,0.07049316820076917,False,True,True
3,0.025,655360000000000,logistic_Q,38,0.161496634100577,0.12290164298497946,0.19096276257631434,0.06806111959133487,False,True,True
3,0.025,655360000000000,logistic_Q,39,0.161496634100577,0.12304062213586553,0.1910394779961509,0.06799885586028537,False,True,True
3,0.025,655360000000000,logistic_Q,40,0.161496634100577,0.10644175515618848,0.182097690628938,0.07565593547274951,False,True,True
3,0.025,655360000000000,logistic_Q,41,0.161496634100577,0.11406575890501092,0.18615625404302732,0.07209049513801641,False,True,True
3,0.025,655360000000000,logistic_Q,42,0.161496634100577,0.11520499384602484,0.18676961319463414,0.0715646193486093,False,True,True
3,0.025,655360000000000,logistic_Q,43,0.161496634100577,0.11260091527389482,0.1853703218555014,0.07276940658160658,False,True,True
3,0.025,655360000000000,logistic_Q,44,0.161496634100577,0.12935389517059626,0.1945439189636759,0.06519002379307964,False,True,True
3,0.025,655360000000000,logistic_Q,45,0.161496634100577,0.11543633179528834,0.18689462133095885,0.07145828953567052,False,True,True
3,0.025,655360000000000,logistic_Q,46,0.161496634100577,0.125904432071259,0.19262183307272185,0.06671740100146284,False,True,True
3,0.025,655360000000000,logistic_Q,47,0.161496634100577,0.13091836742241425,0.19542133442738963,0.06450296700497538,False,True,True
3,0.025,655360000000000,logistic_Q,48,0.161496634100577,0.09794514502296786,0.1776695007574925,0.07972435573452463,False,True,True
3,0.025,655360000000000,logistic_Q,49,0.161496634100577,0.11997585407261041,0.18935839488983197,0.06938254081722156,False,True,True
3,0.025,655360000000000,logistic_Q,50,0.161496634100577,0.13149208093328213,0.19574388143036625,0.06425180049708412,False,True,True
3,0.025,655360000000000,logistic_Q,51,0.161496634100577,0.09896090890956105,0.17819374916097463,0.07923284025141358,False,True,True
3,0.025,655360000000000,logistic_Q,52,0.161496634100577,0.1276367813960954,0.1935845357634441,0.06594775436734868,False,True,True
3,0.025,655360000000000,logistic_Q,53,0.161496634100577,0.12658338868236713,0.1929989842044415,0.06641559552207438,False,True,True
3,0.025,655360000000000,logistic_Q,54,0.161496634100577,0.12423629230694344,0.1916991427912021,0.06746285048425865,False,True,True
3,0.025,655360000000000,logistic_Q,55,0.161496634100577,0.12044610515826348,0.18961607102426642,0.06916996586600294,False,True,True
3,0.025,655360000000000,logistic_Q,56,0.161496634100577,0.1220755639878644,0.1905082902086519,0.0684327262207875,False,True,True
3,0.025,655360000000000,logistic_Q,57,0.161496634100577,0.12340072673075814,0.19123788355784888,0.06783715682709074,False,True,True
3,0.025,655360000000000,logistic_Q,58,0.161496634100577,0.13297656592380874,0.19658057247366056,0.06360400654985182,False,True,True
3,0.025,655360000000000,logistic_Q,59,0.161496634100577,0.11884416332487652,0.18874189288264148,0.06989772955776496,False,True,True
3,0.025,655360000000000,logistic_Q,60,0.161496634100577,0.11951439488233356,0.1891072154342509,0.06959282055191734,False,True,True
3,0.025,655360000000000,logistic_Q,61,0.161496634100577,0.11206992570091562,0.18508603231980836,0.07301610661889274,False,True,True
3,0.025,655360000000000,logistic_Q,62,0.161496634100577,0.10568815986737079,0.18170098374768873,0.07601282388031794,False,True,True
3,0.025,655360000000000,logistic_Q,63,0.161496634100577,0.12051625146138017,0.1896544758705524,0.06913822440917222,False,True,True
3,0.025,655360000000000,logistic_Q,64,0.161496634100577,0.12666523859365425,0.19304501154049847,0.06637977294684422,False,True,True
3,0.025,655360000000000,logistic_Q,65,0.161496634100577,0.12963600842495604,0.19470204814421882,0.06506603971926278,False,True,True
3,0.025,655360000000000,logistic_Q,66,0.161496634100577,0.11808805108913112,0.1883308437458437,0.07024279265671257,False,True,True
3,0.025,655360000000000,logistic_Q,67,0.161496634100577,0.13252747387692665,0.19632774927806246,0.06380027540113581,False,True,True
3,0.025,655360000000000,logistic_Q,68,0.161496634100577,0.11910735004518008,0.18888510552555138,0.0697777554803713,False,True,True
3,0.025,655360000000000,logistic_Q,69,0.161496634100577,0.12655396304147415,0.19298210035579683,0.06642813731432268,False,True,True
3,0.025,655360000000000,logistic_Q,70,0.161496634100577,0.125434105930399,0.19236095216367394,0.06692684623327494,False,True,True
3,0.025,655360000000000,logistic_Q,71,0.161496634100577,0.1266576352063642,0.19304045184429336,0.06638281663792917,False,True,True
3,0.025,655360000000000,logistic_Q,72,0.161496634100577,0.11756945446841965,0.18804864017090966,0.07047918570249001,False,True,True
3,0.025,655360000000000,logistic_Q,73,0.161496634100577,0.12477916739146638,0.19199832863312788,0.0672191612416615,False,True,True
3,0.025,655360000000000,logistic_Q,74,0.161496634100577,0.13145092203718578,0.19572040069941843,0.06426947866223265,False,True,True
3,0.025,655360000000000,logistic_Q,75,0.161496634100577,0.12140013644113556,0.19013867890785524,0.06873854246671968,False,True,True
3,0.025,655360000000000,logistic_Q,76,0.161496634100577,0.12400088163012929,0.1915684635824998,0.0675675819523705,False,True,True
3,0.025,655360000000000,logistic_Q,77,0.161496634100577,0.13511309104176722,0.19779099954433105,0.06267790850256383,False,True,True
3,0.025,655360000000000,logistic_Q,78,0.161496634100577,0.12384061309730526,0.1914808951518196,0.06764028205451433,False,True,True
3,0.025,655360000000000,logistic_Q,79,0.161496634100577,0.11349116311970286,0.18584696545016777,0.0723558023304649,False,True,True
3,0.025,655360000000000,logistic_Q,80,0.161496634100577,0.13083820722110762,0.19537649727916223,0.06453829005805461,False,True,True
3,0.025,655360000000000,logistic_Q,81,0.161496634100577,0.11893760822629296,0.18879243533280898,0.06985482710651603,False,True,True
3,0.025,655360000000000,logistic_Q,82,0.161496634100577,0.12323745320410295,0.1911479362914293,0.06791048308732633,False,True,True
3,0.025,655360000000000,logistic_Q,83,0.161496634100577,0.11099841852131398,0.18451297935886785,0.07351456083755387,False,True,True
3,0.025,655360000000000,logistic_Q,84,0.161496634100577,0.11709131325309247,0.18778932678351568,0.07069801353042321,False,True,True
3,0.025,655360000000000,logistic_Q,85,0.161496634100577,0.11311147801051558,0.18564359173606243,0.07253211372554685,False,True,True
3,0.025,655360000000000,logistic_Q,86,0.161496634100577,0.12475123432836543,0.19198338322971759,0.06723214890135215,False,True,True
3,0.025,655360000000000,logistic_Q,87,0.161496634100577,0.11136170244695176,0.18470735674058086,0.0733456542936291,False,True,True
3,0.025,655360000000000,logistic_Q,88,0.161496634100577,0.11096163370625645,0.18449381609629295,0.0735321823900365,False,True,True
3,0.025,655360000000000,logistic_Q,89,0.161496634100577,0.10570632101660526,0.18170990955943644,0.07600358854283118,False,True,True
3,0.025,655360000000000,logistic_Q,90,0.161496634100577,0.11748578682594801,0.1880037988170517,0.07051801199110369,False,True,True
3,0.025,655360000000000,logistic_Q,91,0.161496634100577,0.11356421121047622,0.18588610721762855,0.07232189600715233,False,True,True
3,0.025,655360000000000,logistic_Q,92,0.161496634100577,0.1333805328126514,0.19680940844483308,0.06342887563218169,False,True,True
3,0.025,655360000000000,logistic_Q,93,0.161496634100577,0.1301878087062434,0.19501051425349686,0.06482270554725345,False,True,True
3,0.025,655360000000000,logistic_Q,94,0.161496634100577,0.1171207478507732,0.1878056423610895,0.07068489451031629,False,True,True
3,0.025,655360000000000,logistic_Q,95,0.161496634100577,0.12340536421119813,0.19124012036517452,0.06783475615397638,False,True,True
3,0.025,655360000000000,logistic_Q,96,0.161496634100577,0.11245700602740694,0.18529256972395297,0.07283556369654604,False,True,True
3,0.025,655360000000000,logistic_Q,97,0.161496634100577,0.12380793668422951,0.19146212942527757,0.06765419274104806,False,True,True
3,0.025,655360000000000,logistic_Q,98,0.161496634100577,0.11662216221467181,0.1875352809134042,0.0709131186987324,False,True,True
3,0.025,655360000000000,logistic_Q,99,0.161496634100577,0.1168438519944745,0.18765498083834298,0.07081112884386848,False,True,True
3,0.025,655360000000000,logistic_Q,100,0.161496634100577,0.11251183575965634,0.18532240408672362,0.07281056832706728,False,True,True
3,0.025,655360000000000,logistic_Q,101,0.161496634100577,0.12076467997238916,0.18979012174867127,0.06902544177628211,False,True,True
3,0.025,655360000000000,logistic_Q,102,0.161496634100577,0.11544856756609839,0.18690060839742256,0.07145204083132417,False,True,True
3,0.025,655360000000000,logistic_Q,103,0.161496634100577,0.12760410110255904,0.19356680037640356,0.06596269927384452,False,True,True
3,0.025,655360000000000,logistic_Q,104,0.161496634100577,0.11598802202962782,0.1871920914703823,0.07120406944075447,False,True,True
3,0.025,655360000000000,logistic_Q,105,0.161496634100577,0.12397386997863213,0.19155357776351994,0.06757970778488781,False,True,True
3,0.025,655360000000000,logistic_Q,106,0.161496634100577,0.13703067163931681,0.19888335994209871,0.0618526883027819,False,True,True
3,0.025,655360000000000,logistic_Q,107,0.161496634100577,0.11898504080691175,0.18881883344410788,0.06983379263719613,False,True,True
3,0.025,655360000000000,logistic_Q,108,0.161496634100577,0.12335281069080895,0.19121139472155552,0.06785858403074657,False,True,True
3,0.025,655360000000000,logistic_Q,109,0.161496634100577,0.13092621074833904,0.19542491094083386,0.06449870019249482,False,True,True
3,0.025,655360000000000,logistic_Q,110,0.161496634100577,0.11574844180731386,0.18706284860705724,0.07131440679974338,False,True,True
3,0.025,655360000000000,logistic_Q,111,0.161496634100577,0.11301043954106516,0.18558962276722035,0.0725791832261552,False,True,True
3,0.025,655360000000000,logistic_Q,112,0.161496634100577,0.1309730233968771,0.19545199007819458,0.06447896668131747,False,True,True
3,0.025,655360000000000,logistic_Q,113,0.161496634100577,0.11446469849716445,0.18637077950362163,0.07190608100645718,False,True,True
3,0.025,655360000000000,logistic_Q,114,0.161496634100577,0.11952368372535682,0.18911223263013666,0.06958854890477983,False,True,True
3,0.025,655360000000000,logistic_Q,115,0.161496634100577,0.10736826293985935,0.18258648282326206,0.07521821988340271,False,True,True
3,0.025,655360000000000,logistic_Q,116,0.161496634100577,0.10749314370727248,0.18265189580088442,0.07515875209361195,False,True,True
3,0.025,655360000000000,logistic_Q,117,0.161496634100577,0.13619996432762593,0.19840982898835985,0.062209864660733916,False,True,True
3,0.025,655360000000000,logistic_Q,118,0.161496634100577,0.12466615183725771,0.19193662661782634,0.06727047478056863,False,True,True
3,0.025,655360000000000,logistic_Q,119,0.161496634100577,0.13370945495997977,0.19699515864296602,0.06328570368298625,False,True,True
3,0.025,655360000000000,logistic_Q,120,0.161496634100577,0.1388342232010656,0.19991524005379196,0.06108101685272638,False,True,True
3,0.025,655360000000000,logistic_Q,121,0.161496634100577,0.12523642440121757,0.1922515441939997,0.06701511979278213,False,True,True
3,0.025,655360000000000,logistic_Q,122,0.161496634100577,0.12772697139443295,0.19363504024295525,0.0659080688485223,False,True,True
3,0.025,655360000000000,logistic_Q,123,0.161496634100577,0.12309753277509256,0.191070367839635,0.06797283506454244,False,True,True
3,0.025,655360000000000,logistic_Q,124,0.161496634100577,0.12105940070674864,0.18995135963438342,0.06889195892763478,False,True,True
3,0.025,655360000000000,logistic_Q,125,0.161496634100577,0.11349006797491301,0.18584656928343846,0.07235650130852544,False,True,True
3,0.025,655360000000000,logistic_Q,126,0.161496634100577,0.12598704125656757,0.1926679922906801,0.06668095103411253,False,True,True
3,0.025,655360000000000,logistic_Q,127,0.161496634100577,0.12628928861776573,0.19283547601862028,0.06654618740085455,False,True,True
3,0.025,655360000000000,logistic_Q,128,0.161496634100577,0.12675361283000314,0.19309309936973063,0.06633948653972749,False,True,True
3,0.025,655360000000000,logistic_Q,129,0.161496634100577,0.12358691949572836,0.19134027203375187,0.0677533525380235,False,True,True
3,0.025,655360000000000,logistic_Q,130,0.161496634100577,0.12084744860923424,0.18983589595037098,0.06898844734113674,False,True,True
3,0.025,655360000000000,logistic_Q,131,0.161496634100577,0.12498115167958873,0.1921102272007555,0.06712907552116676,False,True,True
3,0.025,655360000000000,logistic_Q,132,0.161496634100577,0.12277379739210531,0.19089223139288403,0.06811843400077872,False,True,True
3,0.025,655360000000000,logistic_Q,133,0.161496634100577,0.12630024096873782,0.19284189052801526,0.06654164955927744,False,True,True
3,0.025,655360000000000,logistic_Q,134,0.161496634100577,0.13332063478211797,0.1967755117590791,0.06345487697696112,False,True,True
3,0.025,655360000000000,logistic_Q,135,0.161496634100577,0.11959445893259446,0.18915088415624287,0.06955642522364841,False,True,True
3,0.025,655360000000000,logistic_Q,136,0.161496634100577,0.12589347814569485,0.19261604083164607,0.06672256268595123,False,True,True
3,0.025,655360000000000,logistic_Q,137,0.161496634100577,0.11642970376093742,0.18743074699253925,0.07100104323160183,False,True,True
3,0.025,655360000000000,logistic_Q,138,0.161496634100577,0.12386140880977692,0.1914913066943537,0.0676298978845768,False,True,True
3,0.025,655360000000000,logistic_Q,139,0.161496634100577,0.11543344258918842,0.18689249911377964,0.07145905652459122,False,True,True
3,0.025,655360000000000,logistic_Q,140,0.161496634100577,0.11576055506809174,0.1870690272089704,0.07130847214087865,False,True,True
3,0.025,655360000000000,logistic_Q,141,0.161496634100577,0.12402181565302212,0.19158030425976208,0.06755848860673996,False,True,True
3,0.025,655360000000000,logistic_Q,142,0.161496634100577,0.10701679393805802,0.18240093071076674,0.07538413677270872,False,True,True
3,0.025,655360000000000,logistic_Q,143,0.161496634100577,0.11919842372148726,0.18893468633254723,0.06973626261105997,False,True,True
3,0.025,655360000000000,logistic_Q,144,0.161496634100577,0.11867592380578518,0.18865036387431972,0.06997444006853454,False,True,True
3,0.025,655360000000000,logistic_Q,145,0.161496634100577,0.13032491683572112,0.19508808066254868,0.06476316382682756,False,True,True
3,0.025,655360000000000,logistic_Q,146,0.161496634100577,0.12205177299091868,0.1904957363184296,0.0684439633275109,False,True,True
3,0.025,655360000000000,logistic_Q,147,0.161496634100577,0.12344757735314976,0.1912634117937289,0.06781583444057915,False,True,True
3,0.025,655360000000000,logistic_Q,148,0.161496634100577,0.1342246198170633,0.1972873778820151,0.06306275806495182,False,True,True
3,0.025,655360000000000,logistic_Q,149,0.161496634100577,0.10973933260235985,0.183842951437734,0.07410361883537414,False,True,True
3,0.025,655360000000000,logistic_Q,150,0.161496634100577,0.10027738986759627,0.17887568581167967,0.07859829594408341,False,True,True
3,0.025,655360000000000,logistic_Q,151,0.161496634100577,0.1083821755469293,0.18312261376095235,0.07474043821402304,False,True,True
3,0.025,655360000000000,logistic_Q,152,0.161496634100577,0.12057589958308224,0.1896869011467449,0.06911100156366268,False,True,True
3,0.025,655360000000000,logistic_Q,153,0.161496634100577,0.1208742616924322,0.18985014085416363,0.06897587916173142,False,True,True
3,0.025,655360000000000,logistic_Q,154,0.161496634100577,0.10873624185125941,0.18330979945243553,0.07457355760117612,False,True,True
3,0.025,655360000000000,logistic_Q,155,0.161496634100577,0.13598891537727564,0.19828939362681142,0.06230047824953577,False,True,True
3,0.025,655360000000000,logistic_Q,156,0.161496634100577,0.1352833241253643,0.1978876273469648,0.06260430322160049,False,True,True
3,0.025,655360000000000,logistic_Q,157,0.161496634100577,0.12207445318932503,0.19050860569989764,0.06843415251057261,False,True,True
3,0.025,655360000000000,logistic_Q,158,0.161496634100577,0.11759462868963727,0.188062163739534,0.07046753504989672,False,True,True
3,0.025,655360000000000,logistic_Q,159,0.161496634100577,0.11545546344872637,0.1869048726646732,0.07144940921594684,False,True,True
3,0.025,655360000000000,logistic_Q,160,0.161496634100577,0.13294877017755496,0.1965648743581841,0.06361610418062913,False,True,True
3,0.025,655360000000000,logistic_Q,161,0.161496634100577,0.13091880265473893,0.19542134824896712,0.06450254559422819,False,True,True
3,0.025,655360000000000,logistic_Q,162,0.161496634100577,0.12203388367516937,0.1904853823445085,0.06845149866933914,False,True,True
3,0.025,655360000000000,logistic_Q,163,0.161496634100577,0.12162519088098994,0.1902616279890766,0.06863643710808665,False,True,True
3,0.025,655360000000000,logistic_Q,164,0.161496634100577,0.1285066885291215,0.1940704144391766,0.0655637259100551,False,True,True
3,0.025,655360000000000,logistic_Q,165,0.161496634100577,0.11596158857728095,0.18717876343326073,0.07121717485597978,False,True,True
3,0.025,655360000000000,logistic_Q,166,0.161496634100577,0.10824976812822057,0.18305234171152412,0.07480257358330356,False,True,True
3,0.025,655360000000000,logistic_Q,167,0.161496634100577,0.12586322886551232,0.19260003845037593,0.06673680958486361,False,True,True
3,0.025,655360000000000,logistic_Q,168,0.161496634100577,0.10895048265273277,0.1834244215881482,0.07447393893541543,False,True,True
3,0.025,655360000000000,logistic_Q,169,0.161496634100577,0.12559935823550494,0.19245286198374206,0.06685350374823712,False,True,True
3,0.025,655360000000000,logistic_Q,170,0.161496634100577,0.13350810626143267,0.1968819172347533,0.06337381097332062,False,True,True
3,0.025,655360000000000,logistic_Q,171,0.161496634100577,0.12074056681756912,0.18977654390621534,0.06903597708864623,False,True,True
3,0.025,655360000000000,logistic_Q,172,0.161496634100577,0.11725307473415963,0.18787725356938806,0.07062417883522842,False,True,True
3,0.025,655360000000000,logistic_Q,173,0.161496634100577,0.12539232281820872,0.19233852930809686,0.06694620648988814,False,True,True
3,0.025,655360000000000,logistic_Q,174,0.161496634100577,0.12464631012198157,0.19192536514335268,0.0672790550213711,False,True,True
3,0.025,655360000000000,logistic_Q,175,0.161496634100577,0.12750709044979902,0.19351226285734602,0.066005172407547,False,True,True
3,0.025,655360000000000,logistic_Q,176,0.161496634100577,0.12865771779641766,0.19415463454547133,0.06549691674905367,False,True,True
3,0.025,655360000000000,logistic_Q,177,0.161496634100577,0.13030985605607126,0.19507944825619938,0.06476959220012812,False,True,True
3,0.025,655360000000000,logistic_Q,178,0.161496634100577,0.1335613320189853,0.19691110788256183,0.06334977586357654,False,True,True
3,0.025,655360000000000,logistic_Q,179,0.161496634100577,0.11158796400038862,0.184827713482195,0.0732397494818064,False,True,True
3,0.025,655360000000000,logistic_Q,180,0.161496634100577,0.11579104059882755,0.18708612542127484,0.07129508482244729,False,True,True
3,0.025,655360000000000,logistic_Q,181,0.161496634100577,0.11624853587145634,0.18733316340213768,0.07108462753068134,False,True,True
3,0.025,655360000000000,logistic_Q,182,0.161496634100577,0.12941761096431587,0.1945792755302705,0.06516166456595462,False,True,True
3,0.025,655360000000000,logistic_Q,183,0.161496634100577,0.12143649943599538,0.19015812304646185,0.06872162361046646,False,True,True
3,0.025,655360000000000,logistic_Q,184,0.161496634100577,0.133154630143695,0.19668127249858952,0.06352664235489452,False,True,True
3,0.025,655360000000000,logistic_Q,185,0.161496634100577,0.1270273388032051,0.19324557564408473,0.06621823684087963,False,True,True
3,0.025,655360000000000,logistic_Q,186,0.161496634100577,0.11854097886811893,0.18857628434769153,0.0700353054795726,False,True,True
3,0.025,655360000000000,logistic_Q,187,0.161496634100577,0.11484326909391884,0.1865746254996603,0.07173135640574146,False,True,True
3,0.025,655360000000000,logistic_Q,188,0.161496634100577,0.11928344600962987,0.18898099463816848,0.06969754862853861,False,True,True
3,0.025,655360000000000,logistic_Q,189,0.161496634100577,0.10083175979410863,0.17916234168766615,0.07833058189355752,False,True,True
3,0.025,655360000000000,logistic_Q,190,0.161496634100577,0.123356246677713,0.19121276475991023,0.06785651808219723,False,True,True
3,0.025,655360000000000,logistic_Q,191,0.161496634100577,0.13708383817267833,0.19891388203515775,0.06183004386247942,False,True,True
3,0.025,655360000000000,logistic_Q,192,0.161496634100577,0.1117748348544007,0.1849281234399226,0.07315328858552189,False,True,True
3,0.025,655360000000000,logistic_Q,193,0.161496634100577,0.12450250598817075,0.19184567016565457,0.06734316417748382,False,True,True
3,0.025,655360000000000,logistic_Q,194,0.161496634100577,0.11942696876618247,0.18906005935183534,0.06963309058565287,False,True,True
3,0.025,655360000000000,logistic_Q,195,0.161496634100577,0.11861926629317743,0.1886197671852758,0.07000050089209836,False,True,True
3,0.025,655360000000000,logistic_Q,196,0.161496634100577,0.11603276104928362,0.18721634066465187,0.07118357961536825,False,True,True
3,0.025,655360000000000,logistic_Q,197,0.161496634100577,0.11311212629275091,0.18564448998210248,0.07253236368935156,False,True,True
3,0.025,655360000000000,logistic_Q,198,0.161496634100577,0.12338564326932688,0.1912293464467214,0.06784370317739452,False,True,True
3,0.025,655360000000000,logistic_Q,199,0.161496634100577,0.12511412723149967,0.19218424011134166,0.06707011287984199,False,True,True
3,0.05,2560000000000,probit_P,0,0.2,0.0966249015851341,0.2229092914163675,0.1262843898312334,False,True,True
3,0.05,2560000000000,probit_P,1,0.2,0.08378292136799997,0.218860413285358,0.13507749191735802,False,True,True
3,0.05,2560000000000,probit_P,2,0.2,0.007896862672844396,0.19861930955577545,0.19072244688293105,False,False,True
3,0.05,2560000000000,probit_P,3,0.2,0.08720633148676943,0.21992076663363752,0.1327144351468681,False,True,True
3,0.05,2560000000000,probit_P,4,0.2,0.11096251028546072,0.22769373058789016,0.11673122030242944,False,True,True
3,0.05,2560000000000,probit_P,5,0.2,0.0421884331796088,0.20703627946518088,0.16484784628557209,False,True,True
3,0.05,2560000000000,probit_P,6,0.2,0.0655050574278151,0.21342723524114632,0.14792217781333122,False,True,True
3,0.05,2560000000000,probit_P,7,0.2,0.06345858899980433,0.21284511099596048,0.14938652199615615,False,True,True
3,0.05,2560000000000,probit_P,8,0.2,0.08323174609882866,0.218695647105618,0.13546390100678934,False,True,True
3,0.05,2560000000000,probit_P,9,0.2,0.07421024476222193,0.21596505162465357,0.14175480686243164,False,True,True
3,0.05,2560000000000,probit_P,10,0.2,0.06055905669081435,0.21202809774886,0.15146904105804565,False,True,True
3,0.05,2560000000000,probit_P,11,0.2,0.047380128967113744,0.20841107295655226,0.1610309439894385,False,True,True
3,0.05,2560000000000,probit_P,12,0.2,0.06827744142424041,0.21423258369558718,0.14595514227134676,False,True,True
3,0.05,2560000000000,probit_P,13,0.2,0.030298669942655898,0.2039938641275314,0.1736951941848755,False,True,True
3,0.05,2560000000000,probit_P,14,0.2,0.0,0.192702446594065,0.192702446594065,False,False,True
3,0.05,2560000000000,probit_P,15,0.2,0.0651916105251445,0.21333006664730753,0.14813845612216303,False,True,True
3,0.05,2560000000000,probit_P,16,0.2,0.08773087441382321,0.22007946014562652,0.1323485857318033,False,True,True
3,0.05,2560000000000,probit_P,17,0.2,0.06727169686880119,0.21393182634462993,0.14666012947582874,False,True,True
3,0.05,2560000000000,probit_P,18,0.2,0.07768434803196878,0.216996540249919,0.13931219221795021,False,True,True
3,0.05,2560000000000,probit_P,19,0.2,0.07259471752208912,0.21549218777081802,0.1428974702487289,False,True,True
3,0.05,2560000000000,probit_P,20,0.2,0.009764878496397789,0.1990557020338341,0.18929082353743631,False,False,True
3,0.05,2560000000000,probit_P,21,0.2,0.08671432502944154,0.21976231666338852,0.13304799163394698,False,True,True
3,0.05,2560000000000,probit_P,22,0.2,0.02545259760911256,0.2027953259673092,0.17734272835819664,False,True,True
3,0.05,2560000000000,probit_P,23,0.2,0.08102305713198554,0.21801082675979377,0.13698776962780823,False,True,True
3,0.05,2560000000000,probit_P,24,0.2,0.02123350187938816,0.20175831294273394,0.18052481106334578,False,True,True
3,0.05,2560000000000,probit_P,25,0.2,0.05472875015163853,0.21040480109296705,0.15567605094132853,False,True,True
3,0.05,2560000000000,probit_P,26,0.2,0.0965946587928605,0.2228992208349343,0.1263045620420738,False,True,True
3,0.05,2560000000000,probit_P,27,0.2,0.06751410192631768,0.21400608473090593,0.14649198280458825,False,True,True
3,0.05,2560000000000,probit_P,28,0.2,0.05462608122572549,0.21037571139392225,0.15574963016819676,False,True,True
3,0.05,2560000000000,probit_P,29,0.2,0.10654415067306383,0.22619127485213175,0.11964712417906792,False,True,True
3,0.05,2560000000000,probit_P,30,0.2,0.05977747108211412,0.21179820895003348,0.15202073786791936,False,True,True
3,0.05,2560000000000,probit_P,31,0.2,0.08189786009525207,0.2182816689545205,0.13638380885926843,False,True,True
3,0.05,2560000000000,probit_P,32,0.2,0.09785684126541933,0.2233132573203569,0.12545641605493757,False,True,True
3,0.05,2560000000000,probit_P,33,0.2,0.03211314579681501,0.2044542597802288,0.17234111398341379,False,True,True
3,0.05,2560000000000,probit_P,34,0.2,0.07805429849205342,0.217111657391027,0.13905735889897358,False,True,True
3,0.05,2560000000000,probit_P,35,0.2,0.08045094591103186,0.2178397028040655,0.13738875689303365,False,True,True
3,0.05,2560000000000,probit_P,36,0.2,0.05186797836428747,0.20961727248046563,0.15774929411617816,False,True,True
3,0.05,2560000000000,probit_P,37,0.2,0.04691998826644772,0.2082896331317753,0.16136964486532757,False,True,True
3,0.05,2560000000000,probit_P,38,0.2,0.07019605662705797,0.21478564085384394,0.14458958422678597,False,True,True
3,0.05,2560000000000,probit_P,39,0.2,0.022771664067739006,0.2021467701068989,0.1793751060391599,False,True,True
3,0.05,2560000000000,probit_P,40,0.2,0.051470205867121865,0.2095101431126613,0.15803993724553944,False,True,True
3,0.05,2560000000000,probit_P,41,0.2,0.09756430113534947,0.2232187961662716,0.12565449503092213,False,True,True
3,0.05,2560000000000,probit_P,42,0.2,0.08574693955142221,0.21946618223123537,0.13371924267981317,False,True,True
3,0.05,2560000000000,probit_P,43,0.2,0.0642078326526569,0.21305445528770223,0.14884662263504533,False,True,True
3,0.05,2560000000000,probit_P,44,0.2,0.05707465328203842,0.21104329854562415,0.15396864526358572,False,True,True
3,0.05,2560000000000,probit_P,45,0.2,0.04541779203353191,0.20789339954579794,0.16247560751226603,False,True,True
3,0.05,2560000000000,probit_P,46,0.2,0.07399590339536144,0.21590216519508576,0.14190626179972432,False,True,True
3,0.05,2560000000000,probit_P,47,0.2,0.06970476713789497,0.21464449892735732,0.14493973178946234,False,True,True
3,0.05,2560000000000,probit_P,48,0.2,0.03703497259545646,0.20570670987168627,0.1686717372762298,False,True,True
3,0.05,2560000000000,probit_P,49,0.2,0.0844776457324391,0.2190737657964732,0.1345961200640341,False,True,True
3,0.05,2560000000000,probit_P,50,0.2,0.028720148653101907,0.20359440806882229,0.17487425941572038,False,True,True
3,0.05,2560000000000,probit_P,51,0.2,0.06343392266342984,0.21283393211161766,0.14940000944818782,False,True,True
3,0.05,2560000000000,probit_P,52,0.2,0.0674798975146138,0.21399479385965103,0.14651489634503723,False,True,True
3,0.05,2560000000000,probit_P,53,0.2,0.06766843549892693,0.21405106925632456,0.14638263375739763,False,True,True
3,0.05,2560000000000,probit_P,54,0.2,0.03638719454649403,0.2055414334310927,0.16915423888459868,False,True,True
3,0.05,2560000000000,probit_P,55,0.2,0.07265989502555803,0.21550598160026918,0.14284608657471115,False,True,True
3,0.05,2560000000000,probit_P,56,0.2,0.07692829335537626,0.21677406109625164,0.13984576774087537,False,True,True
3,0.05,2560000000000,probit_P,57,0.2,0.04059106875371338,0.20662079341384582,0.16602972466013244,False,True,True
3,0.05,2560000000000,probit_P,58,0.2,0.07872064423076108,0.21731411692669306,0.13859347269593197,False,True,True
3,0.05,2560000000000,probit_P,59,0.2,0.08265145743761437,0.2185123219783512,0.13586086454073681,False,True,True
3,0.05,2560000000000,probit_P,60,0.2,0.024390482803776425,0.20253399342033107,0.17814351061655465,False,True,True
3,0.05,2560000000000,probit_P,61,0.2,0.08066722308605817,0.21791369375599,0.13724647066993184,False,True,True
3,0.05,2560000000000,probit_P,62,0.2,0.09439040297707058,0.22219729530176924,0.12780689232469866,False,True,True
3,0.05,2560000000000,probit_P,63,0.2,0.08339421937952868,0.21873736278233824,0.13534314340280956,False,True,True
3,0.05,2560000000000,probit_P,64,0.2,0.06935619840467505,0.2145420285298989,0.14518583012522385,False,True,True
3,0.05,2560000000000,probit_P,65,0.2,0.10831119331524541,0.22678899682736064,0.11847780351211523,False,True,True
3,0.05,2560000000000,probit_P,66,0.2,0.0185074362878766,0.20110845056584437,0.18260101427796777,False,True,True
3,0.05,2560000000000,probit_P,67,0.2,0.051609345847189514,0.20954902570516476,0.15793967985797525,False,True,True
3,0.05,2560000000000,probit_P,68,0.2,0.015495441413421351,0.20039610492239424,0.18490066350897288,False,True,True
3,0.05,2560000000000,probit_P,69,0.2,0.08597719851050778,0.2195383940129682,0.13356119550246043,False,True,True
3,0.05,2560000000000,probit_P,70,0.2,0.0,0.1920323157133122,0.1920323157133122,False,False,True
3,0.05,2560000000000,probit_P,71,0.2,0.043081552789376365,0.20727953358365914,0.16419798079428277,False,True,True
3,0.05,2560000000000,probit_P,72,0.2,0.036779483255464374,0.20563640015733864,0.16885691690187427,False,True,True
3,0.05,2560000000000,probit_P,73,0.2,0.029286846789995713,0.20374219584353914,0.17445534905354343,False,True,True
3,0.05,2560000000000,probit_P,74,0.2,0.05893879212608266,0.21156417248697668,0.15262538036089401,False,True,True
3,0.05,2560000000000,probit_P,75,0.2,0.011058831234275368,0.19935524595134796,0.1882964147170726,False,False,True
3,0.05,2560000000000,probit_P,76,0.2,0.06641660377493508,0.21368974156601767,0.1472731377910826,False,True,True
3,0.05,2560000000000,probit_P,77,0.2,0.07111483537202506,0.21504679548596478,0.14393196011393972,False,True,True
3,0.05,2560000000000,probit_P,78,0.2,0.06698010816118544,0.21385138757492783,0.1468712794137424,False,True,True
3,0.05,2560000000000,probit_P,79,0.2,0.08579534290969615,0.21948131673208726,0.1336859738223911,False,True,True
3,0.05,2560000000000,probit_P,80,0.2,0.05929278576929903,0.21166802570963217,0.15237523994033314,False,True,True
3,0.05,2560000000000,probit_P,81,0.2,0.07275689449602912,0.2155333641153197,0.14277646961929058,False,True,True
3,0.05,2560000000000,probit_P,82,0.2,0.09388304206253939,0.22203143324698338,0.128148391184444,False,True,True
3,0.05,2560000000000,probit_P,83,0.2,0.08141477108722373,0.21813282998166755,0.13671805889444383,False,True,True
3,0.05,2560000000000,probit_P,84,0.2,0.057230615764546244,0.21109983778975067,0.15386922202520442,False,True,True
3,0.05,2560000000000,probit_P,85,0.2,0.04066126290138855,0.20663524983772902,0.16597398693634047,False,True,True
3,0.05,2560000000000,probit_P,86,0.2,0.05841137378940703,0.2114174420015273,0.15300606821212026,False,True,True
3,0.05,2560000000000,probit_P,87,0.2,0.09227248919569453,0.2215164135271897,0.12924392433149517,False,True,True
3,0.05,2560000000000,probit_P,88,0.2,0.03585585951208864,0.2054002996452317,0.16954444013314307,False,True,True
3,0.05,2560000000000,probit_P,89,0.2,0.05301435234695678,0.20993408678922626,0.15691973444226948,False,True,True
3,0.05,2560000000000,probit_P,90,0.2,0.055536804968111975,0.2106161341915701,0.15507932922345813,False,True,True
3,0.05,2560000000000,probit_P,91,0.2,0.09347818711426947,0.22190647826673043,0.12842829115246096,False,True,True
3,0.05,2560000000000,probit_P,92,0.2,0.08937119015951589,0.2206013312003005,0.13123014104078462,False,True,True
3,0.05,2560000000000,probit_P,93,0.2,0.06743839246439753,0.21397961520828723,0.1465412227438897,False,True,True
3,0.05,2560000000000,probit_P,94,0.2,0.04443078584962645,0.20762518659254942,0.16319440074292296,False,True,True
3,0.05,2560000000000,probit_P,95,0.2,0.03669222500954966,0.20561286940347578,0.16892064439392612,False,True,True
3,0.05,2560000000000,probit_P,96,0.2,0.0788950003721286,0.21737337510698584,0.13847837473485725,False,True,True
3,0.05,2560000000000,probit_P,97,0.2,0.06073823328853045,0.21207720181513645,0.151338968526606,False,True,True
3,0.05,2560000000000,probit_P,98,0.2,0.06666661517883687,0.21375986131731045,0.14709324613847358,False,True,True
3,0.05,2560000000000,probit_P,99,0.2,0.11188228105130349,0.2280057070156139,0.11612342596431041,False,True,True
3,0.05,2560000000000,probit_P,100,0.2,0.05728354680708875,0.21111430655227703,0.15383075974518828,False,True,True
3,0.05,2560000000000,probit_P,101,0.2,0.04344176491735746,0.20736161126543756,0.1639198463480801,False,True,True
3,0.05,2560000000000,probit_P,102,0.2,0.04705705053344733,0.2083144244764525,0.16125737394300516,False,True,True
3,0.05,2560000000000,probit_P,103,0.2,0.08865894304253763,0.22037349102364961,0.13171454798111198,False,True,True
3,0.05,2560000000000,probit_P,104,0.2,0.053737854201180324,0.21012702244656029,0.15638916824537996,False,True,True
3,0.05,2560000000000,probit_P,105,0.2,0.032791934221197416,0.204622884602508,0.17183095038131058,False,True,True
3,0.05,2560000000000,probit_P,106,0.2,0.016088561491329645,0.20054595358127209,0.18445739208994244,False,True,True
3,0.05,2560000000000,probit_P,107,0.2,0.007808102333006162,0.198603353106299,0.19079525077329285,False,False,True
3,0.05,2560000000000,probit_P,108,0.2,0.06468007211916538,0.21319208986577887,0.1485120177466135,False,True,True
3,0.05,2560000000000,probit_P,109,0.2,0.05073238731976021,0.20931069336869695,0.15857830604893675,False,True,True
3,0.05,2560000000000,probit_P,110,0.2,0.05221258147691532,0.20971248700521294,0.15749990552829762,False,True,True
3,0.05,2560000000000,probit_P,111,0.2,0.11292694625337363,0.2283702848981628,0.11544333864478917,False,True,True
3,0.05,2560000000000,probit_P,112,0.2,0.09189893583785619,0.22139742402043355,0.12949848818257736,False,True,True
3,0.05,2560000000000,probit_P,113,0.2,0.04935890720809566,0.20894247254787307,0.1595835653397774,False,True,True
3,0.05,2560000000000,probit_P,114,0.2,0.07367333456899244,0.21579830150125057,0.14212496693225812,False,True,True
3,0.05,2560000000000,probit_P,115,0.2,0.07306556205482534,0.21563004881525305,0.1425644867604277,False,True,True
3,0.05,2560000000000,probit_P,116,0.2,0.06768863394949781,0.21404647952177852,0.1463578455722807,False,True,True
3,0.05,2560000000000,probit_P,117,0.2,0.08253307212049188,0.2184781844452373,0.13594511232474543,False,True,True
3,0.05,2560000000000,probit_P,118,0.2,0.11014982416609409,0.227412656853187,0.11726283268709292,False,True,True
3,0.05,2560000000000,probit_P,119,0.2,0.04704540216675268,0.20832550632010388,0.1612801041533512,False,True,True
3,0.05,2560000000000,probit_P,120,0.2,0.05055822727183473,0.2092694546200231,0.15871122734818838,False,True,True
3,0.05,2560000000000,probit_P,121,0.2,0.04513265447966597,0.2078134275560805,0.16268077307641454,False,True,True
3,0.05,2560000000000,probit_P,122,0.2,0.10879312561287985,0.22695140816624365,0.1181582825533638,False,True,True
3,0.05,2560000000000,probit_P,123,0.2,0.07176165074381952,0.2152484151917119,0.14348676444789238,False,True,True
3,0.05,2560000000000,probit_P,124,0.2,0.018287177278472455,0.20105616148188743,0.18276898420341497,False,True,True
3,0.05,2560000000000,probit_P,125,0.2,0.046381130377489976,0.20815971940755584,0.16177858903006587,False,True,True
3,0.05,2560000000000,probit_P,126,0.2,0.08789279123352323,0.22013219507753268,0.13223940384400945,False,True,True
3,0.05,2560000000000,probit_P,127,0.2,0.042148230993151736,0.20702745946175954,0.1648792284686078,False,True,True
3,0.05,2560000000000,probit_P,128,0.2,0.05693923503025833,0.21101058942977052,0.1540713543995122,False,True,True
3,0.05,2560000000000,probit_P,129,0.2,0.023102553791896963,0.2022161977960072,0.17911364400411023,False,True,True
3,0.05,2560000000000,probit_P,130,0.2,0.0626797811940763,0.21261974780633836,0.14993996661226205,False,True,True
3,0.05,2560000000000,probit_P,131,0.2,0.05409446048610311,0.2102231106993851,0.15612865021328198,False,True,True
3,0.05,2560000000000,probit_P,132,0.2,0.07608184038605093,0.21652054622269157,0.14043870583664064,False,True,True
3,0.05,2560000000000,probit_P,133,0.2,0.07514205259822049,0.21623950552748678,0.1410974529292663,False,True,True
3,0.05,2560000000000,probit_P,134,0.2,0.01431451178168941,0.20010977977398714,0.18579526799229773,False,True,True
3,0.05,2560000000000,probit_P,135,0.2,0.045936901264065966,0.2080337949421433,0.16209689367807734,False,True,True
3,0.05,2560000000000,probit_P,136,0.2,0.10718119022837885,0.22639975860041012,0.11921856837203126,False,True,True
3,0.05,2560000000000,probit_P,137,0.2,0.027125700299368116,0.2032050213445063,0.17607932104513818,False,True,True
3,0.05,2560000000000,probit_P,138,0.2,0.06446208055835939,0.21312617402573558,0.1486640934673762,False,True,True
3,0.05,2560000000000,probit_P,139,0.2,0.07675906465886351,0.21672972960558207,0.13997066494671856,False,True,True
3,0.05,2560000000000,probit_P,140,0.2,0.08785930535934361,0.22012757578941616,0.13226827043007255,False,True,True
3,0.05,2560000000000,probit_P,141,0.2,0.05825635695053999,0.21137348117474514,0.15311712422420515,False,True,True
3,0.05,2560000000000,probit_P,142,0.2,0.0,0.19097313848580322,0.19097313848580322,False,False,True
3,0.05,2560000000000,probit_P,143,0.2,0.06841953390016409,0.21427386996182185,0.14585433606165776,False,True,True
3,0.05,2560000000000,probit_P,144,0.2,0.049175481324510384,0.20888726951544506,0.15971178819093468,False,True,True
3,0.05,2560000000000,probit_P,145,0.2,0.05516271099891512,0.21052284330056376,0.15536013230164863,False,True,True
3,0.05,2560000000000,probit_P,146,0.2,0.10216097036913563,0.224731120100791,0.12257014973165536,False,True,True
3,0.05,2560000000000,probit_P,147,0.2,0.07023216924231562,0.2147953688165748,0.14456319957425917,False,True,True
3,0.05,2560000000000,probit_P,148,0.2,0.06969114927434183,0.21463882416194385,0.14494767488760202,False,True,True
3,0.05,2560000000000,probit_P,149,0.2,0.06258078907861353,0.21259919491511914,0.1500184058365056,False,True,True
3,0.05,2560000000000,probit_P,150,0.2,0.07496152803472789,0.21618940586081392,0.14122787782608603,False,True,True
3,0.05,2560000000000,probit_P,151,0.2,0.04256261432580244,0.20713486751179538,0.16457225318599294,False,True,True
3,0.05,2560000000000,probit_P,152,0.2,0.05447691604440397,0.210333606054731,0.15585669001032704,False,True,True
3,0.05,2560000000000,probit_P,153,0.2,0.06202281916857927,0.21243649688626276,0.1504136777176835,False,True,True
3,0.05,2560000000000,probit_P,154,0.2,0.06373199686156267,0.21291628441817723,0.14918428755661456,False,True,True
3,0.05,2560000000000,probit_P,155,0.2,0.0671621649200369,0.21391738415099548,0.14675521923095858,False,True,True
3,0.05,2560000000000,probit_P,156,0.2,0.0635347046312133,0.2128619655596471,0.1493272609284338,False,True,True
3,0.05,2560000000000,probit_P,157,0.2,0.06370831859671516,0.2129114906185085,0.14920317202179334,False,True,True
3,0.05,2560000000000,probit_P,158,0.2,0.0592379526558699,0.2116508162705203,0.1524128636146504,False,True,True
3,0.05,2560000000000,probit_P,159,0.2,0.10612526805400285,0.2260560275227017,0.11993075946869886,False,True,True
3,0.05,2560000000000,probit_P,160,0.2,0.037588444528807885,0.20583919856562555,0.16825075403681766,False,True,True
3,0.05,2560000000000,probit_P,161,0.2,0.03749676679123326,0.20581859207212788,0.16832182528089462,False,True,True
3,0.05,2560000000000,probit_P,162,0.2,0.05550528247957226,0.2106115213696481,0.15510623889007585,False,True,True
3,0.05,2560000000000,probit_P,163,0.2,0.04242412548725022,0.20710140914942882,0.1646772836621786,False,True,True
3,0.05,2560000000000,probit_P,164,0.2,0.10953175736828563,0.22719984956950412,0.11766809220121849,False,True,True
3,0.05,2560000000000,probit_P,165,0.2,0.10623403258453978,0.2260854838840335,0.1198514512994937,False,True,True
3,0.05,2560000000000,probit_P,166,0.2,0.062440144962668975,0.2125564207915051,0.15011627582883613,False,True,True
3,0.05,2560000000000,probit_P,167,0.2,0.09680086269597787,0.22297347360019754,0.12617261090421966,False,True,True
3,0.05,2560000000000,probit_P,168,0.2,0.061853196823896284,0.2123891078919431,0.1505359110680468,False,True,True
3,0.05,2560000000000,probit_P,169,0.2,0.12228546696243642,0.23165565570778968,0.10937018874535326,False,True,True
3,0.05,2560000000000,probit_P,170,0.2,0.06961848995633885,0.2146158894794843,0.14499739952314544,False,True,True
3,0.05,2560000000000,probit_P,171,0.2,0.10366334473693917,0.2252175691931445,0.12155422445620534,False,True,True
3,0.05,2560000000000,probit_P,172,0.2,0.0949594895752241,0.22238049554445977,0.12742100596923567,False,True,True
3,0.05,2560000000000,probit_P,173,0.2,0.09146024817195142,0.2212569124164338,0.12979666424448238,False,True,True
3,0.05,2560000000000,probit_P,174,0.2,0.09324183277892734,0.22182784710024572,0.1285860143213184,False,True,True
3,0.05,2560000000000,probit_P,175,0.2,0.05138812543849308,0.20948772460054033,0.15809959916204724,False,True,True
3,0.05,2560000000000,probit_P,176,0.2,0.08734092943319577,0.21996292906157838,0.13262199962838261,False,True,True
3,0.05,2560000000000,probit_P,177,0.2,0.0726319814068559,0.2154943678222741,0.1428623864154182,False,True,True
3,0.05,2560000000000,probit_P,178,0.2,0.01681534195341927,0.20070510768664396,0.18388976573322469,False,True,True
3,0.05,2560000000000,probit_P,179,0.2,0.11278466746321558,0.22832311537748834,0.11553844791427276,False,True,True
3,0.05,2560000000000,probit_P,180,0.2,0.07805123077683418,0.21711505679412413,0.13906382601728995,False,True,True
3,0.05,2560000000000,probit_P,181,0.2,0.08769562963550426,0.22007532182536776,0.1323796921898635,False,True,True
3,0.05,2560000000000,probit_P,182,0.2,0.06676234068950859,0.21378400714940882,0.14702166645990022,False,True,True
3,0.05,2560000000000,probit_P,183,0.2,0.05631723649843001,0.21083973788251237,0.15452250138408236,False,True,True
3,0.05,2560000000000,probit_P,184,0.2,0.06840516164283705,0.21426593595458748,0.14586077431175043,False,True,True
3,0.05,2560000000000,probit_P,185,0.2,0.10019702538980119,0.22407945169950522,0.12388242630970403,False,True,True
3,0.05,2560000000000,probit_P,186,0.2,0.07556636726267013,0.21636718245379144,0.1408008151911213,False,True,True
3,0.05,2560000000000,probit_P,187,0.2,0.11205891740071816,0.22806880034782873,0.11600988294711057,False,True,True
3,0.05,2560000000000,probit_P,188,0.2,0.010679151335744985,0.19927167753684927,0.18859252620110428,False,False,True
3,0.05,2560000000000,probit_P,189,0.2,0.060950160712287094,0.2121291239923796,0.1511789632800925,False,True,True
3,0.05,2560000000000,probit_P,190,0.2,0.11850935237518306,0.23031295171059418,0.11180359933541112,False,True,True
3,0.05,2560000000000,probit_P,191,0.2,0.07482286006440891,0.21614411160704,0.1413212515426311,False,True,True
3,0.05,2560000000000,probit_P,192,0.2,0.08352363335954599,0.21877619022361056,0.13525255686406457,False,True,True
3,0.05,2560000000000,probit_P,193,0.2,0.08948831985907457,0.2206305874765775,0.13114226761750292,False,True,True
3,0.05,2560000000000,probit_P,194,0.2,0.0907598290869902,0.22104009770149546,0.13028026861450526,False,True,True
3,0.05,2560000000000,probit_P,195,0.2,0.0583093523050397,0.2113936310267855,0.1530842787217458,False,True,True
3,0.05,2560000000000,probit_P,196,0.2,0.05109861956225081,0.20941309003624953,0.15831447047399871,False,True,True
3,0.05,2560000000000,probit_P,197,0.2,0.09844293598356907,0.2235065008152563,0.12506356483168724,False,True,True
3,0.05,2560000000000,probit_P,198,0.2,0.058531995425543326,0.21145144546931904,0.15291945004377572,False,True,True
3,0.05,2560000000000,probit_P,199,0.2,0.023790102372255095,0.20238502766269217,0.17859492529043708,False,True,True
3,0.05,2560000000000,logistic_Q,0,0.161527771881293,0.09804611252990486,0.2233750318874128,0.12532891935750795,False,True,True
3,0.05,2560000000000,logistic_Q,1,0.161527771881293,0.0345226288713088,0.20505221678672547,0.17052958791541667,False,True,True
3,0.05,2560000000000,logistic_Q,2,0.161527771881293,0.07836510561633875,0.21720335411298236,0.1388382484966436,False,True,True
3,0.05,2560000000000,logistic_Q,3,0.161527771881293,0.09432712398640669,0.22217017947491696,0.12784305548851027,False,True,True
3,0.05,2560000000000,logistic_Q,4,0.161527771881293,0.04813008704988275,0.2086093337763657,0.16047924672648295,False,True,True
3,0.05,2560000000000,logistic_Q,5,0.161527771881293,0.0885625106370444,0.22034574300392873,0.13178323236688433,False,True,True
3,0.05,2560000000000,logistic_Q,6,0.161527771881293,0.037811675945320866,0.2059034366101028,0.16809176066478193,False,True,True
3,0.05,2560000000000,logistic_Q,7,0.161527771881293,0.07128998376784801,0.2151046711074851,0.1438146873396371,False,True,True
3,0.05,2560000000000,logistic_Q,8,0.161527771881293,0.05630742306800729,0.2108354377392646,0.15452801467125732,False,True,True
3,0.05,2560000000000,logistic_Q,9,0.161527771881293,0.011850550523611336,0.1995453369176145,0.18769478639400317,False,True,True
3,0.05,2560000000000,logistic_Q,10,0.161527771881293,0.09246489199653707,0.22157640761497543,0.12911151561843837,False,True,True
3,0.05,2560000000000,logistic_Q,11,0.161527771881293,0.049778726189011246,0.20905814254275062,0.15927941635373938,False,True,True
3,0.05,2560000000000,logistic_Q,12,0.161527771881293,0.04326968033807499,0.20731781159885387,0.16404813126077888,False,True,True
3,0.05,2560000000000,logistic_Q,13,0.161527771881293,0.06919459408446571,0.21448753492401768,0.14529294083955197,False,True,True
3,0.05,2560000000000,logistic_Q,14,0.161527771881293,0.0665223117471101,0.21372509968809938,0.1472027879409893,False,True,True
3,0.05,2560000000000,logistic_Q,15,0.161527771881293,0.03983234773245303,0.2064113285906164,0.16657898085816336,False,True,True
3,0.05,2560000000000,logistic_Q,16,0.161527771881293,0.06316540393238512,0.21276539911032094,0.14959999517793582,False,True,True
3,0.05,2560000000000,logistic_Q,17,0.161527771881293,0.09709196233972389,0.22306427403597662,0.12597231169625273,False,True,True
3,0.05,2560000000000,logistic_Q,18,0.161527771881293,0.0881285514983629,0.22020297011366025,0.13207441861529734,False,True,True
3,0.05,2560000000000,logistic_Q,19,0.161527771881293,0.07837610093999131,0.2172081255985543,0.13883202465856298,False,True,True
3,0.05,2560000000000,logistic_Q,20,0.161527771881293,0.0032135855308391137,0.19755519244184927,0.19434160691101016,False,True,True
3,0.05,2560000000000,logistic_Q,21,0.161527771881293,0.11329728935272265,0.2284901433304633,0.11519285397774065,False,True,True
3,0.05,2560000000000,logistic_Q,22,0.161527771881293,0.08028670989927306,0.21779141717877498,0.13750470727950193,False,True,True
3,0.05,2560000000000,logistic_Q,23,0.161527771881293,0.06204127176431973,0.21243816719509667,0.15039689543077694,False,True,True
3,0.05,2560000000000,logistic_Q,24,0.161527771881293,0.05316032905084411,0.20997272632782227,0.15681239727697815,False,True,True
3,0.05,2560000000000,logistic_Q,25,0.161527771881293,0.08933146203827175,0.22058756993383127,0.13125610789555953,False,True,True
3,0.05,2560000000000,logistic_Q,26,0.161527771881293,0.10074144517404932,0.22426174924922943,0.12352030407518011,False,True,True
3,0.05,2560000000000,logistic_Q,27,0.161527771881293,0.07339334404967945,0.21572895843489653,0.14233561438521708,False,True,True
3,0.05,2560000000000,logistic_Q,28,0.161527771881293,0.03953526805864338,0.2063458792190544,0.16681061116041102,False,True,True
3,0.05,2560000000000,logistic_Q,29,0.161527771881293,0.0,0.1963155979830451,0.1963155979830451,False,True,True
3,0.05,2560000000000,logistic_Q,30,0.161527771881293,0.0751586847970025,0.21624811415756673,0.14108942936056423,False,True,True
3,0.05,2560000000000,logistic_Q,31,0.161527771881293,0.058593732281461086,0.21147680527937457,0.15288307299791348,False,True,True
3,0.05,2560000000000,logistic_Q,32,0.161527771881293,0.09710038335347476,0.22307074848258918,0.12597036512911441,False,True,True
3,0.05,2560000000000,logistic_Q,33,0.161527771881293,0.03541284662556643,0.20528129952694152,0.1698684529013751,False,True,True
3,0.05,2560000000000,logistic_Q,34,0.161527771881293,0.052044838322619746,0.20966567128015223,0.1576208329575325,False,True,True
3,0.05,2560000000000,logistic_Q,35,0.161527771881293,0.07189535379963091,0.21527860036594737,0.14338324656631646,False,True,True
3,0.05,2560000000000,logistic_Q,36,0.161527771881293,0.0872849966297492,0.2199422670637332,0.132657270433984,False,True,True
3,0.05,2560000000000,logistic_Q,37,0.161527771881293,0.11006469706250094,0.22738382393844037,0.11731912687593943,False,True,True
3,0.05,2560000000000,logistic_Q,38,0.161527771881293,0.08114093880207046,0.21804599741983616,0.1369050586177657,False,True,True
3,0.05,2560000000000,logistic_Q,39,0.161527771881293,0.03511837886777014,0.20521190971304681,0.17009353084527667,False,True,True
3,0.05,2560000000000,logistic_Q,40,0.161527771881293,0.07465781398439186,0.2160963236338801,0.14143850964948823,False,True,True
3,0.05,2560000000000,logistic_Q,41,0.161527771881293,0.0909651516765499,0.2211008893470281,0.1301357376704782,False,True,True
3,0.05,2560000000000,logistic_Q,42,0.161527771881293,0.006324083755797072,0.19827026024002592,0.19194617648422885,False,True,True
3,0.05,2560000000000,logistic_Q,43,0.161527771881293,0.04491337228997094,0.20775768733932465,0.1628443150493537,False,True,True
3,0.05,2560000000000,logistic_Q,44,0.161527771881293,0.07787019898243758,0.21707014032090183,0.13919994133846425,False,True,True
3,0.05,2560000000000,logistic_Q,45,0.161527771881293,0.05679847412626404,0.21097592512456886,0.15417745099830482,False,True,True
3,0.05,2560000000000,logistic_Q,46,0.161527771881293,0.0167695567332245,0.20070048177407418,0.18393092504084968,False,True,True
3,0.05,2560000000000,logistic_Q,47,0.161527771881293,0.06481776761688096,0.2132328784947194,0.14841511087783843,False,True,True
3,0.05,2560000000000,logistic_Q,48,0.161527771881293,0.0667590144040589,0.21378606200396721,0.1470270475999083,False,True,True
3,0.05,2560000000000,logistic_Q,49,0.161527771881293,0.08938692130965914,0.220601397671301,0.13121447636164185,False,True,True
3,0.05,2560000000000,logistic_Q,50,0.161527771881293,0.04454883045201047,0.20765896491921615,0.16311013446720568,False,True,True
3,0.05,2560000000000,logistic_Q,51,0.161527771881293,0.02557013299940797,0.20282299980039187,0.1772528668009839,False,True,True
3,0.05,2560000000000,logistic_Q,52,0.161527771881293,0.013310798381059752,0.19987437766167426,0.1865635792806145,False,True,True
3,0.05,2560000000000,logistic_Q,53,0.161527771881293,0.07659440985105315,0.216671401892211,0.14007699204115787,False,True,True
3,0.05,2560000000000,logistic_Q,54,0.161527771881293,0.021238733157894707,0.20176407266367652,0.1805253395057818,False,True,True
3,0.05,2560000000000,logistic_Q,55,0.161527771881293,0.08548491404627667,0.2193804843359657,0.13389557028968901,False,True,True
3,0.05,2560000000000,logistic_Q,56,0.161527771881293,0.07883659951733968,0.21735649631413317,0.1385198967967935,False,True,True
3,0.05,2560000000000,logistic_Q,57,0.161527771881293,0.08642191786022013,0.21968011913819424,0.1332582012779741,False,True,True
3,0.05,2560000000000,logistic_Q,58,0.161527771881293,0.0,0.19266047345154225,0.19266047345154225,False,True,True
3,0.05,2560000000000,logistic_Q,59,0.161527771881293,0.09691952164358536,0.22300977855659904,0.12609025691301368,False,True,True
3,0.05,2560000000000,logistic_Q,60,0.161527771881293,0.05845961324561594,0.2114319154962495,0.15297230225063357,False,True,True
3,0.05,2560000000000,logistic_Q,61,0.161527771881293,0.07104733826013404,0.215032126717505,0.14398478845737095,False,True,True
3,0.05,2560000000000,logistic_Q,62,0.161527771881293,0.0,0.19317926705995375,0.19317926705995375,False,True,True
3,0.05,2560000000000,logistic_Q,63,0.161527771881293,0.10002736459888084,0.22402072039156712,0.12399335579268628,False,True,True
3,0.05,2560000000000,logistic_Q,64,0.161527771881293,0.020089197078205168,0.20149019148534608,0.18140099440714091,False,True,True
3,0.05,2560000000000,logistic_Q,65,0.161527771881293,0.057440303327352116,0.21114587093589765,0.15370556760854553,False,True,True
3,0.05,2560000000000,logistic_Q,66,0.161527771881293,0.09370627160312656,0.221971729528759,0.12826545792563243,False,True,True
3,0.05,2560000000000,logistic_Q,67,0.161527771881293,0.08801856928923307,0.22017863683239614,0.13216006754316306,False,True,True
3,0.05,2560000000000,logistic_Q,68,0.161527771881293,0.08027859971816675,0.21779080711041993,0.13751220739225317,False,True,True
3,0.05,2560000000000,logistic_Q,69,0.161527771881293,0.0769965943428268,0.21680242153764517,0.13980582719481838,False,True,True
3,0.05,2560000000000,logistic_Q,70,0.161527771881293,0.1259783467439975,0.23299301255189447,0.10701466580789698,False,True,True
3,0.05,2560000000000,logistic_Q,71,0.161527771881293,0.0726827438848246,0.21551186599527333,0.14282912211044874,False,True,True
3,0.05,2560000000000,logistic_Q,72,0.161527771881293,0.05585211720797506,0.210714918864236,0.15486280165626093,False,True,True
3,0.05,2560000000000,logistic_Q,73,0.161527771881293,0.03286012874134675,0.20464207424007208,0.17178194549872533,False,True,True
3,0.05,2560000000000,logistic_Q,74,0.161527771881293,0.056219368903881795,0.2108080418709391,0.1545886729670573,False,True,True
3,0.05,2560000000000,logistic_Q,75,0.161527771881293,0.07031581869498321,0.2148156078600333,0.14449978916505007,False,True,True
3,0.05,2560000000000,logistic_Q,76,0.161527771881293,0.06334020198722928,0.21280179500956942,0.14946159302234013,False,True,True
3,0.05,2560000000000,logistic_Q,77,0.161527771881293,0.07179629851762481,0.21525942713706459,0.14346312861943977,False,True,True
3,0.05,2560000000000,logistic_Q,78,0.161527771881293,0.0,0.1900807285772107,0.1900807285772107,False,True,True
3,0.05,2560000000000,logistic_Q,79,0.161527771881293,0.061852547400773006,0.21238226571929608,0.15052971831852308,False,True,True
3,0.05,2560000000000,logistic_Q,80,0.161527771881293,0.11403795974121239,0.22875792614660923,0.11471996640539683,False,True,True
3,0.05,2560000000000,logistic_Q,81,0.161527771881293,0.09696809677189577,0.22302157621918883,0.12605347944729306,False,True,True
3,0.05,2560000000000,logistic_Q,82,0.161527771881293,0.06397975960038954,0.2129901994379222,0.14901043983753265,False,True,True
3,0.05,2560000000000,logistic_Q,83,0.161527771881293,0.024451237217107236,0.20254759128793265,0.1780963540708254,False,True,True
3,0.05,2560000000000,logistic_Q,84,0.161527771881293,0.035708533726790836,0.20536396981338562,0.16965543608659478,False,True,True
3,0.05,2560000000000,logistic_Q,85,0.161527771881293,0.06940633310182037,0.2145519374605096,0.14514560435868923,False,True,True
3,0.05,2560000000000,logistic_Q,86,0.161527771881293,0.07895427512815073,0.21738418009460247,0.13842990496645174,False,True,True
3,0.05,2560000000000,logistic_Q,87,0.161527771881293,0.07288421217659519,0.2155764254596646,0.1426922132830694,False,True,True
3,0.05,2560000000000,logistic_Q,88,0.161527771881293,0.08323899232542237,0.21868552574034494,0.13544653341492258,False,True,True
3,0.05,2560000000000,logistic_Q,89,0.161527771881293,0.06375395565188846,0.21292553465562597,0.1491715790037375,False,True,True
3,0.05,2560000000000,logistic_Q,90,0.161527771881293,0.058147093695656904,0.21134397637452573,0.15319688267886883,False,True,True
3,0.05,2560000000000,logistic_Q,91,0.161527771881293,0.03489921577235644,0.20516056889397483,0.1702613531216184,False,True,True
3,0.05,2560000000000,logistic_Q,92,0.161527771881293,0.06300212594756616,0.21271408637895545,0.1497119604313893,False,True,True
3,0.05,2560000000000,logistic_Q,93,0.161527771881293,0.08723379757992089,0.21992937330611428,0.1326955757261934,False,True,True
3,0.05,2560000000000,logistic_Q,94,0.161527771881293,0.08148633281029133,0.21815582182333432,0.136669489013043,False,True,True
3,0.05,2560000000000,logistic_Q,95,0.161527771881293,0.06348726567745155,0.21284872758332096,0.1493614619058694,False,True,True
3,0.05,2560000000000,logistic_Q,96,0.161527771881293,0.0594564895144985,0.2117121090992714,0.1522556195847729,False,True,True
3,0.05,2560000000000,logistic_Q,97,0.161527771881293,0.054397354864050784,0.21030298490927785,0.15590563004522706,False,True,True
3,0.05,2560000000000,logistic_Q,98,0.161527771881293,0.08043243600280475,0.2178355788796461,0.13740314287684136,False,True,True
3,0.05,2560000000000,logistic_Q,99,0.161527771881293,0.07283668609382032,0.21555944922185616,0.14272276312803583,False,True,True
3,0.05,2560000000000,logistic_Q,100,0.161527771881293,0.03438159265705515,0.20503055154871763,0.17064895889166248,False,True,True
3,0.05,2560000000000,logistic_Q,101,0.161527771881293,0.07143967799510187,0.215147372513813,0.14370769451871113,False,True,True
3,0.05,2560000000000,logistic_Q,102,0.161527771881293,0.03693689842650738,0.2056716216832601,0.1687347232567527,False,True,True
3,0.05,2560000000000,logistic_Q,103,0.161527771881293,0.04605721338596963,0.20805627447910324,0.1619990610931336,False,True,True
3,0.05,2560000000000,logistic_Q,104,0.161527771881293,0.09015483819771541,0.22084148211669524,0.13068664391897983,False,True,True
3,0.05,2560000000000,logistic_Q,105,0.161527771881293,0.04945339110897057,0.20896892251604093,0.15951553140707037,False,True,True
3,0.05,2560000000000,logistic_Q,106,0.161527771881293,0.05159561074728203,0.20954687028149566,0.15795125953421363,False,True,True
3,0.05,2560000000000,logistic_Q,107,0.161527771881293,0.07924588906509061,0.21747861513514966,0.13823272607005904,False,True,True
3,0.05,2560000000000,logistic_Q,108,0.161527771881293,0.06059213198646801,0.21203290217054094,0.15144077018407293,False,True,True
3,0.05,2560000000000,logistic_Q,109,0.161527771881293,0.057370392222558464,0.21113460863728112,0.15376421641472265,False,True,True
3,0.05,2560000000000,logistic_Q,110,0.161527771881293,0.08349521975892787,0.21876639334374787,0.13527117358482,False,True,True
3,0.05,2560000000000,logistic_Q,111,0.161527771881293,0.07675232054621872,0.2167221323541072,0.13996981180788848,False,True,True
3,0.05,2560000000000,logistic_Q,112,0.161527771881293,0.029005846631531773,0.20366844449045424,0.17466259785892246,False,True,True
3,0.05,2560000000000,logistic_Q,113,0.161527771881293,0.030503300780280018,0.20404928150292057,0.17354598072264055,False,True,True
3,0.05,2560000000000,logistic_Q,114,0.161527771881293,0.05561809190025535,0.21064620142296403,0.15502810952270868,False,True,True
3,0.05,2560000000000,logistic_Q,115,0.161527771881293,0.060873130293906175,0.21211043504521687,0.1512373047513107,False,True,True
3,0.05,2560000000000,logistic_Q,116,0.161527771881293,0.0942416822024586,0.2221426470813278,0.1279009648788692,False,True,True
3,0.05,2560000000000,logistic_Q,117,0.161527771881293,0.09740784136318653,0.22316615536306822,0.1257583139998817,False,True,True
3,0.05,2560000000000,logistic_Q,118,0.161527771881293,0.08498184118626245,0.2192299246774202,0.13424808349115774,False,True,True
3,0.05,2560000000000,logistic_Q,119,0.161527771881293,0.08716033414835878,0.21990701952052588,0.1327466853721671,False,True,True
3,0.05,2560000000000,logistic_Q,120,0.161527771881293,0.06610709735292458,0.2135936640543037,0.1474865667013791,False,True,True
3,0.05,2560000000000,logistic_Q,121,0.161527771881293,0.042924441941469216,0.20723108700891418,0.16430664506744497,False,True,True
3,0.05,2560000000000,logistic_Q,122,0.161527771881293,0.0798620985304967,0.2176641536158027,0.13780205508530602,False,True,True
3,0.05,2560000000000,logistic_Q,123,0.161527771881293,0.05118131063281339,0.20943434335253136,0.15825303271971797,False,True,True
3,0.05,2560000000000,logistic_Q,124,0.161527771881293,0.0345760059106513,0.2050779164852229,0.1705019105745716,False,True,True
3,0.05,2560000000000,logistic_Q,125,0.161527771881293,0.047288815093930237,0.20837965572612083,0.1610908406321906,False,True,True
3,0.05,2560000000000,logistic_Q,126,0.161527771881293,0.03257047990603745,0.204564054342822,0.17199357443678454,False,True,True
3,0.05,2560000000000,logistic_Q,127,0.161527771881293,0.07880436883693348,0.2173412439867446,0.1385368751498111,False,True,True
3,0.05,2560000000000,logistic_Q,128,0.161527771881293,0.07280930285108078,0.21556100669033845,0.14275170383925767,False,True,True
3,0.05,2560000000000,logistic_Q,129,0.161527771881293,0.04995835504225532,0.20909998263773066,0.15914162759547534,False,True,True
3,0.05,2560000000000,logistic_Q,130,0.161527771881293,0.07875651402350098,0.21733238619002943,0.13857587216652845,False,True,True
3,0.05,2560000000000,logistic_Q,131,0.161527771881293,0.0582196204385354,0.2113696984631781,0.1531500780246427,False,True,True
3,0.05,2560000000000,logistic_Q,132,0.161527771881293,0.0947011637798903,0.22229007864586092,0.12758891486597063,False,True,True
3,0.05,2560000000000,logistic_Q,133,0.161527771881293,0.08689939898159005,0.2198243077788668,0.13292490879727675,False,True,True
3,0.05,2560000000000,logistic_Q,134,0.161527771881293,0.05573273359491676,0.2106852628158019,0.15495252922088515,False,True,True
3,0.05,2560000000000,logistic_Q,135,0.161527771881293,0.06218540671153605,0.21248057923949537,0.15029517252795932,False,True,True
3,0.05,2560000000000,logistic_Q,136,0.161527771881293,0.03535895306347836,0.20527654996227807,0.1699175968987997,False,True,True
3,0.05,2560000000000,logistic_Q,137,0.161527771881293,0.09849612680600384,0.2235258830728289,0.12502975626682505,False,True,True
3,0.05,2560000000000,logistic_Q,138,0.161527771881293,0.08539459683810402,0.2193561403918558,0.13396154355375178,False,True,True
3,0.05,2560000000000,logistic_Q,139,0.161527771881293,0.09238064411685531,0.22155900893461677,0.12917836481776146,False,True,True
3,0.05,2560000000000,logistic_Q,140,0.161527771881293,0.046514970311064496,0.20818655719824025,0.16167158688717576,False,True,True
3,0.05,2560000000000,logistic_Q,141,0.161527771881293,0.10397312086544291,0.22532209529216707,0.12134897442672415,False,True,True
3,0.05,2560000000000,logistic_Q,142,0.161527771881293,0.004586850109878748,0.19786345208050188,0.19327660197062313,False,True,True
3,0.05,2560000000000,logistic_Q,143,0.161527771881293,0.09323878960394377,0.2218303260214492,0.12859153641750543,False,True,True
3,0.05,2560000000000,logistic_Q,144,0.161527771881293,0.08714763308955781,0.21989564473611778,0.13274801164655997,False,True,True
3,0.05,2560000000000,logistic_Q,145,0.161527771881293,0.10434605317379475,0.22545285243419338,0.12110679926039863,False,True,True
3,0.05,2560000000000,logistic_Q,146,0.161527771881293,0.03325606521727836,0.20473954334471328,0.17148347812743492,False,True,True
3,0.05,2560000000000,logistic_Q,147,0.161527771881293,0.06940417253628173,0.21455339321267036,0.14514922067638864,False,True,True
3,0.05,2560000000000,logistic_Q,148,0.161527771881293,0.0575174677457973,0.21117119109732857,0.15365372335153127,False,True,True
3,0.05,2560000000000,logistic_Q,149,0.161527771881293,0.01886982434545792,0.20119567014439,0.18232584579893207,False,True,True
3,0.05,2560000000000,logistic_Q,150,0.161527771881293,0.01968087691972642,0.20139079808528598,0.18170992116555956,False,True,True
3,0.05,2560000000000,logistic_Q,151,0.161527771881293,0.08675803347377314,0.21977582777297455,0.1330177942992014,False,True,True
3,0.05,2560000000000,logistic_Q,152,0.161527771881293,0.09002912710689226,0.22080235675553783,0.13077322964864557,False,True,True
3,0.05,2560000000000,logistic_Q,153,0.161527771881293,0.06233697544111111,0.2125322928409299,0.15019531739981878,False,True,True
3,0.05,2560000000000,logistic_Q,154,0.161527771881293,0.06767574817395478,0.2140568112031056,0.14638106302915083,False,True,True
3,0.05,2560000000000,logistic_Q,155,0.161527771881293,0.026979203921010664,0.2031728926665891,0.17619368874557845,False,True,True
3,0.05,2560000000000,logistic_Q,156,0.161527771881293,0.0864605350318774,0.21968376077954233,0.13322322574766493,False,True,True
3,0.05,2560000000000,logistic_Q,157,0.161527771881293,0.0988883185460796,0.2236479859805504,0.12475966743447081,False,True,True
3,0.05,2560000000000,logistic_Q,158,0.161527771881293,0.04757822436293013,0.20846148956890737,0.16088326520597723,False,True,True
3,0.05,2560000000000,logistic_Q,159,0.161527771881293,0.05305302857241906,0.2099393737667153,0.15688634519429623,False,True,True
3,0.05,2560000000000,logistic_Q,160,0.161527771881293,0.0345234295360935,0.20505589742782693,0.17053246789173343,False,True,True
3,0.05,2560000000000,logistic_Q,161,0.161527771881293,0.11495097824039402,0.22907066767049555,0.11411968943010153,False,True,True
3,0.05,2560000000000,logistic_Q,162,0.161527771881293,0.08778219850457608,0.2200983862103864,0.13231618770581033,False,True,True
3,0.05,2560000000000,logistic_Q,163,0.161527771881293,0.049481162304898185,0.2089710703492495,0.15948990804435131,False,True,True
3,0.05,2560000000000,logistic_Q,164,0.161527771881293,0.07653536367692981,0.21665931698401092,0.1401239533070811,False,True,True
3,0.05,2560000000000,logistic_Q,165,0.161527771881293,0.0900970582729631,0.22082248007158223,0.13072542179861912,False,True,True
3,0.05,2560000000000,logistic_Q,166,0.161527771881293,0.06605184781785861,0.21358003817770127,0.14752819035984266,False,True,True
3,0.05,2560000000000,logistic_Q,167,0.161527771881293,0.09151713424133384,0.22127565414795547,0.12975851990662163,False,True,True
3,0.05,2560000000000,logistic_Q,168,0.161527771881293,0.08619246794673902,0.21959817315169933,0.1334057052049603,False,True,True
3,0.05,2560000000000,logistic_Q,169,0.161527771881293,0.07435120761493652,0.21600780730796076,0.14165659969302424,False,True,True
3,0.05,2560000000000,logistic_Q,170,0.161527771881293,0.0907291278739753,0.22102877989956726,0.13029965202559196,False,True,True
3,0.05,2560000000000,logistic_Q,171,0.161527771881293,0.028540861013398866,0.20355100307741758,0.17501014206401871,False,True,True
3,0.05,2560000000000,logistic_Q,172,0.161527771881293,0.07010798764539627,0.21476164610439386,0.14465365845899758,False,True,True
3,0.05,2560000000000,logistic_Q,173,0.161527771881293,0.05212928798861849,0.2096921571651308,0.1575628691765123,False,True,True
3,0.05,2560000000000,logistic_Q,174,0.161527771881293,0.08561431014503845,0.21942743261754294,0.1338131224725045,False,True,True
3,0.05,2560000000000,logistic_Q,175,0.161527771881293,0.07675816002069252,0.21672032698363247,0.13996216696293995,False,True,True
3,0.05,2560000000000,logistic_Q,176,0.161527771881293,0.06369397922505704,0.2129106602888739,0.14921668106381686,False,True,True
3,0.05,2560000000000,logistic_Q,177,0.161527771881293,0.044484666817079965,0.2076401391181622,0.16315547230108224,False,True,True
3,0.05,2560000000000,logistic_Q,178,0.161527771881293,0.08601605254517214,0.21954921238225727,0.13353315983708514,False,True,True
3,0.05,2560000000000,logistic_Q,179,0.161527771881293,0.07510315514276372,0.21623517450343954,0.14113201936067582,False,True,True
3,0.05,2560000000000,logistic_Q,180,0.161527771881293,0.10397570987152999,0.2253304602786903,0.12135475040716032,False,True,True
3,0.05,2560000000000,logistic_Q,181,0.161527771881293,0.08737826088162287,0.21996803974201196,0.13258977886038908,False,True,True
3,0.05,2560000000000,logistic_Q,182,0.161527771881293,0.05744665745769145,0.21114964890998267,0.15370299145229122,False,True,True
3,0.05,2560000000000,logistic_Q,183,0.161527771881293,0.08715767207370845,0.21990445529067942,0.13274678321697098,False,True,True
3,0.05,2560000000000,logistic_Q,184,0.161527771881293,0.0,0.19580815134572332,0.19580815134572332,False,True,True
3,0.05,2560000000000,logistic_Q,185,0.161527771881293,0.03541003622957323,0.20528385160992063,0.1698738153803474,False,True,True
3,0.05,2560000000000,logistic_Q,186,0.161527771881293,0.02469942274316922,0.20260656235514923,0.17790713961198001,False,True,True
3,0.05,2560000000000,logistic_Q,187,0.161527771881293,0.05640992966013891,0.21087068373254092,0.154460754072402,False,True,True
3,0.05,2560000000000,logistic_Q,188,0.161527771881293,0.09174849294069076,0.22135661062649714,0.12960811768580638,False,True,True
3,0.05,2560000000000,logistic_Q,189,0.161527771881293,0.10425041786718536,0.22542690936449894,0.12117649149731358,False,True,True
3,0.05,2560000000000,logistic_Q,190,0.161527771881293,0.07654547731837397,0.216656542720067,0.14011106540169305,False,True,True
3,0.05,2560000000000,logistic_Q,191,0.161527771881293,0.09654928512321398,0.22288199197748781,0.12633270685427384,False,True,True
3,0.05,2560000000000,logistic_Q,192,0.161527771881293,0.10163404628861838,0.22455852254911446,0.12292447626049607,False,True,True
3,0.05,2560000000000,logistic_Q,193,0.161527771881293,0.0,0.196235202990581,0.196235202990581,False,True,True
3,0.05,2560000000000,logistic_Q,194,0.161527771881293,0.08676833527711014,0.21978514893787926,0.13301681366076912,False,True,True
3,0.05,2560000000000,logistic_Q,195,0.161527771881293,0.026027972996540583,0.20294098613439693,0.17691301313785635,False,True,True
3,0.05,2560000000000,logistic_Q,196,0.161527771881293,0.04592867509208087,0.20802511797065654,0.16209644287857566,False,True,True
3,0.05,2560000000000,logistic_Q,197,0.161527771881293,0.09379217070485818,0.22200119685227332,0.12820902614741514,False,True,True
3,0.05,2560000000000,logistic_Q,198,0.161527771881293,0.07106420026340043,0.21503288687257294,0.1439686866091725,False,True,True
3,0.05,2560000000000,logistic_Q,199,0.161527771881293,0.029763205099832324,0.20386095350698547,0.17409774840715314,False,True,True
3,0.1,10000000000,probit_P,0,0.2,0.0,0.2439338005424338,0.2439338005424338,False,True,True
3,0.1,10000000000,probit_P,1,0.2,0.0,0.23362811208813855,0.23362811208813855,False,True,True
3,0.1,10000000000,probit_P,2,0.2,0.0,0.24889991261048866,0.24889991261048866,False,True,True
3,0.1,10000000000,probit_P,3,0.2,0.0,0.5,0.5,True,True,True
3,0.1,10000000000,probit_P,4,0.2,0.0,0.24582957157386665,0.24582957157386665,False,True,True
3,0.1,10000000000,probit_P,5,0.2,0.0,0.241255097592521,0.241255097592521,False,True,True
3,0.1,10000000000,probit_P,6,0.2,0.0,0.233889960119967,0.233889960119967,False,True,True
3,0.1,10000000000,probit_P,7,0.2,0.0,0.25077694232081726,0.25077694232081726,False,True,True
3,0.1,10000000000,probit_P,8,0.2,0.0,0.25782060717606203,0.25782060717606203,False,True,True
3,0.1,10000000000,probit_P,9,0.2,0.0,0.25256101695731614,0.25256101695731614,False,True,True
3,0.1,10000000000,probit_P,10,0.2,0.0,0.2588280286368684,0.2588280286368684,False,True,True
3,0.1,10000000000,probit_P,11,0.2,0.0,0.2625370730886445,0.2625370730886445,False,True,True
3,0.1,10000000000,probit_P,12,0.2,0.04020108122686833,0.2675167564731401,0.22731567524627178,False,True,True
3,0.1,10000000000,probit_P,13,0.2,0.0,0.24161264158233187,0.24161264158233187,False,True,True
3,0.1,10000000000,probit_P,14,0.2,0.0,0.23459560145832858,0.23459560145832858,False,True,True
3,0.1,10000000000,probit_P,15,0.2,0.0,0.25462674092300863,0.25462674092300863,False,True,True
3,0.1,10000000000,probit_P,16,0.2,0.0012709438557996777,0.26288779596105094,0.26161685210525126,False,True,True
3,0.1,10000000000,probit_P,17,0.2,0.0,0.24326624041937916,0.24326624041937916,False,True,True
3,0.1,10000000000,probit_P,18,0.2,0.0,0.24841593072442375,0.24841593072442375,False,True,True
3,0.1,10000000000,probit_P,19,0.2,0.0,0.24516821126905874,0.24516821126905874,False,True,True
3,0.1,10000000000,probit_P,20,0.2,0.016779811792324795,0.2646056913688672,0.2478258795765424,False,True,True
3,0.1,10000000000,probit_P,21,0.2,0.0,0.2544072142584233,0.2544072142584233,False,True,True
3,0.1,10000000000,probit_P,22,0.2,0.0,0.2356667091268575,0.2356667091268575,False,True,True
3,0.1,10000000000,probit_P,23,0.2,0.0,0.24191446096770952,0.24191446096770952,False,True,True
3,0.1,10000000000,probit_P,24,0.2,0.0,0.5,0.5,True,True,True
3,0.1,10000000000,probit_P,25,0.2,0.0,0.2585075543913702,0.2585075543913702,False,True,True
3,0.1,10000000000,probit_P,26,0.2,0.0,0.24306550730303345,0.24306550730303345,False,True,True
3,0.1,10000000000,probit_P,27,0.2,0.0,0.24830194331469463,0.24830194331469463,False,True,True
3,0.1,10000000000,probit_P,28,0.2,0.0,0.2477908655168667,0.2477908655168667,False,True,True
3,0.1,10000000000,probit_P,29,0.2,0.0,0.25058911072853707,0.25058911072853707,False,True,True
3,0.1,10000000000,probit_P,30,0.2,0.0,0.24612407004802184,0.24612407004802184,False,True,True
3,0.1,10000000000,probit_P,31,0.2,0.0,0.25781222114411184,0.25781222114411184,False,True,True
3,0.1,10000000000,probit_P,32,0.2,0.0,0.23816480553214125,0.23816480553214125,False,True,True
3,0.1,10000000000,probit_P,33,0.2,0.0,0.5,0.5,True,True,True
3,0.1,10000000000,probit_P,34,0.2,0.0,0.24213182478377876,0.24213182478377876,False,True,True
3,0.1,10000000000,probit_P,35,0.2,0.0,0.24313685986716677,0.24313685986716677,False,True,True
3,0.1,10000000000,probit_P,36,0.2,0.0,0.5,0.5,True,True,True
3,0.1,10000000000,probit_P,37,0.2,0.0,0.24959862956707213,0.24959862956707213,False,True,True
3,0.1,10000000000,probit_P,38,0.2,0.0,0.2464438897079851,0.2464438897079851,False,True,True
3,0.1,10000000000,probit_P,39,0.2,0.0,0.2514189340371806,0.2514189340371806,False,True,True
3,0.1,10000000000,probit_P,40,0.2,0.0,0.251350031635739,0.251350031635739,False,True,True
3,0.1,10000000000,probit_P,41,0.2,0.0,0.2562815747216247,0.2562815747216247,False,True,True
3,0.1,10000000000,probit_P,42,0.2,0.0,0.23915810885458177,0.23915810885458177,False,True,True
3,0.1,10000000000,probit_P,43,0.2,0.0,0.5,0.5,True,True,True
3,0.1,10000000000,probit_P,44,0.2,0.0,0.23683202002336273,0.23683202002336273,False,True,True
3,0.1,10000000000,probit_P,45,0.2,0.0,0.5,0.5,True,True,True
3,0.1,10000000000,probit_P,46,0.2,0.0,0.5,0.5,True,True,True
3,0.1,10000000000,probit_P,47,0.2,0.0,0.24344231822795553,0.24344231822795553,False,True,True
3,0.1,10000000000,probit_P,48,0.2,0.0,0.23392573485443968,0.23392573485443968,False,True,True
3,0.1,10000000000,probit_P,49,0.2,0.0,0.25368438024513196,0.25368438024513196,False,True,True
3,0.1,10000000000,probit_P,50,0.2,0.0,0.256777812933908,0.256777812933908,False,True,True
3,0.1,10000000000,probit_P,51,0.2,0.0,0.2510410784058129,0.2510410784058129,False,True,True
3,0.1,10000000000,probit_P,52,0.2,0.0,0.2516554553234117,0.2516554553234117,False,True,True
3,0.1,10000000000,probit_P,53,0.2,0.0,0.25499944387935847,0.25499944387935847,False,True,True
3,0.1,10000000000,probit_P,54,0.2,0.0,0.24984487044372083,0.24984487044372083,False,True,True
3,0.1,10000000000,probit_P,55,0.2,0.0,0.24395378265824885,0.24395378265824885,False,True,True
3,0.1,10000000000,probit_P,56,0.2,0.0,0.235587203129331,0.235587203129331,False,True,True
3,0.1,10000000000,probit_P,57,0.2,0.0,0.24061437347960352,0.24061437347960352,False,True,True
3,0.1,10000000000,probit_P,58,0.2,0.0,0.2466936390806821,0.2466936390806821,False,True,True
3,0.1,10000000000,probit_P,59,0.2,0.0,0.2540305965501465,0.2540305965501465,False,True,True
3,0.1,10000000000,probit_P,60,0.2,0.0,0.23533035988628848,0.23533035988628848,False,True,True
3,0.1,10000000000,probit_P,61,0.2,0.0,0.2496295573820242,0.2496295573820242,False,True,True
3,0.1,10000000000,probit_P,62,0.2,0.0,0.24747820936696668,0.24747820936696668,False,True,True
3,0.1,10000000000,probit_P,63,0.2,0.0,0.25055624819655165,0.25055624819655165,False,True,True
3,0.1,10000000000,probit_P,64,0.2,0.0,0.5,0.5,True,True,True
3,0.1,10000000000,probit_P,65,0.2,0.0,0.2504043452972883,0.2504043452972883,False,True,True
3,0.1,10000000000,probit_P,66,0.2,0.0,0.26037040738899786,0.26037040738899786,False,True,True
3,0.1,10000000000,probit_P,67,0.2,0.0,0.2562330708447122,0.2562330708447122,False,True,True
3,0.1,10000000000,probit_P,68,0.2,0.0,0.2503775507579506,0.2503775507579506,False,True,True
3,0.1,10000000000,probit_P,69,0.2,0.0,0.24818118801901234,0.24818118801901234,False,True,True
3,0.1,10000000000,probit_P,70,0.2,0.0,0.5,0.5,True,True,True
3,0.1,10000000000,probit_P,71,0.2,0.0,0.24743584900030302,0.24743584900030302,False,True,True
3,0.1,10000000000,probit_P,72,0.2,0.0,0.2532815861693549,0.2532815861693549,False,True,True
3,0.1,10000000000,probit_P,73,0.2,0.0,0.24830200591247314,0.24830200591247314,False,True,True
3,0.1,10000000000,probit_P,74,0.2,0.0,0.23901251110834143,0.23901251110834143,False,True,True
3,0.1,10000000000,probit_P,75,0.2,0.0,0.25143391886955546,0.25143391886955546,False,True,True
3,0.1,10000000000,probit_P,76,0.2,0.0,0.2486394568185163,0.2486394568185163,False,True,True
3,0.1,10000000000,probit_P,77,0.2,0.0,0.2500918653380098,0.2500918653380098,False,True,True
3,0.1,10000000000,probit_P,78,0.2,0.0,0.23419778472069663,0.23419778472069663,False,True,True
3,0.1,10000000000,probit_P,79,0.2,0.0,0.2500070018488948,0.2500070018488948,False,True,True
3,0.1,10000000000,probit_P,80,0.2,0.0,0.24151900759113087,0.24151900759113087,False,True,True
3,0.1,10000000000,probit_P,81,0.2,0.0,0.2439785482283432,0.2439785482283432,False,True,True
3,0.1,10000000000,probit_P,82,0.2,0.0,0.2521095660988268,0.2521095660988268,False,True,True
3,0.1,10000000000,probit_P,83,0.2,0.0,0.2469171714476951,0.2469171714476951,False,True,True
3,0.1,10000000000,probit_P,84,0.2,0.0,0.25620887705834067,0.25620887705834067,False,True,True
3,0.1,10000000000,probit_P,85,0.2,0.0,0.24120493842490132,0.24120493842490132,False,True,True
3,0.1,10000000000,probit_P,86,0.2,0.0,0.5,0.5,True,True,True
3,0.1,10000000000,probit_P,87,0.2,0.0,0.25037270599937933,0.25037270599937933,False,True,True
3,0.1,10000000000,probit_P,88,0.2,0.0,0.24227796171888188,0.24227796171888188,False,True,True
3,0.1,10000000000,probit_P,89,0.2,0.0,0.2573737521352448,0.2573737521352448,False,True,True
3,0.1,10000000000,probit_P,90,0.2,0.0,0.24020114686481692,0.24020114686481692,False,True,True
3,0.1,10000000000,probit_P,91,0.2,0.0,0.2433996081476345,0.2433996081476345,False,True,True
3,0.1,10000000000,probit_P,92,0.2,0.004595441544179457,0.26322883861118934,0.2586333970670099,False,True,True
3,0.1,10000000000,probit_P,93,0.2,0.0,0.2612809948854134,0.2612809948854134,False,True,True
3,0.1,10000000000,probit_P,94,0.2,0.0,0.248287449971423,0.248287449971423,False,True,True
3,0.1,10000000000,probit_P,95,0.2,0.0,0.2526213683420343,0.2526213683420343,False,True,True
3,0.1,10000000000,probit_P,96,0.2,0.0,0.5,0.5,True,True,True
3,0.1,10000000000,probit_P,97,0.2,0.0,0.24192575101746427,0.24192575101746427,False,True,True
3,0.1,10000000000,probit_P,98,0.2,0.0,0.25938262103159593,0.25938262103159593,False,True,True
3,0.1,10000000000,probit_P,99,0.2,0.0,0.24430210608933844,0.24430210608933844,False,True,True
3,0.1,10000000000,probit_P,100,0.2,0.0,0.249223248864409,0.249223248864409,False,True,True
3,0.1,10000000000,probit_P,101,0.2,0.0,0.2512028966765998,0.2512028966765998,False,True,True
3,0.1,10000000000,probit_P,102,0.2,0.0,0.2501530134479406,0.2501530134479406,False,True,True
3,0.1,10000000000,probit_P,103,0.2,0.0,0.5,0.5,True,True,True
3,0.1,10000000000,probit_P,104,0.2,0.0,0.5,0.5,True,True,True
3,0.1,10000000000,probit_P,105,0.2,0.0,0.5,0.5,True,True,True
3,0.1,10000000000,probit_P,106,0.2,0.0,0.25503243941934883,0.25503243941934883,False,True,True
3,0.1,10000000000,probit_P,107,0.2,0.0,0.2600381793764625,0.2600381793764625,False,True,True
3,0.1,10000000000,probit_P,108,0.2,0.0,0.23472387808993572,0.23472387808993572,False,True,True
3,0.1,10000000000,probit_P,109,0.2,0.0,0.2547226916472688,0.2547226916472688,False,True,True
3,0.1,10000000000,probit_P,110,0.2,0.0,0.23978314841616344,0.23978314841616344,False,True,True
3,0.1,10000000000,probit_P,111,0.2,0.0,0.24746979768294514,0.24746979768294514,False,True,True
3,0.1,10000000000,probit_P,112,0.2,0.0,0.244853395188336,0.244853395188336,False,True,True
3,0.1,10000000000,probit_P,113,0.2,0.0,0.5,0.5,True,True,True
3,0.1,10000000000,probit_P,114,0.2,0.05763496715701044,0.2697887625485791,0.21215379539156864,False,True,True
3,0.1,10000000000,probit_P,115,0.2,0.0,0.2551074119212354,0.2551074119212354,False,True,True
3,0.1,10000000000,probit_P,116,0.2,0.0,0.24955331411124898,0.24955331411124898,False,True,True
3,0.1,10000000000,probit_P,117,0.2,0.0,0.24062394146070681,0.24062394146070681,False,True,True
3,0.1,10000000000,probit_P,118,0.2,0.0,0.25955432759079056,0.25955432759079056,False,True,True
3,0.1,10000000000,probit_P,119,0.2,0.0,0.2602316143775718,0.2602316143775718,False,True,True
3,0.1,10000000000,probit_P,120,0.2,0.0,0.2571789212532101,0.2571789212532101,False,True,True
3,0.1,10000000000,probit_P,121,0.2,0.0,0.2503635847894171,0.2503635847894171,False,True,True
3,0.1,10000000000,probit_P,122,0.2,0.0,0.2496117404140195,0.2496117404140195,False,True,True
3,0.1,10000000000,probit_P,123,0.2,0.0,0.24385134902990502,0.24385134902990502,False,True,True
3,0.1,10000000000,probit_P,124,0.2,0.0,0.25378429008507963,0.25378429008507963,False,True,True
3,0.1,10000000000,probit_P,125,0.2,0.0,0.24319143779578145,0.24319143779578145,False,True,True
3,0.1,10000000000,probit_P,126,0.2,0.0,0.251146438958005,0.251146438958005,False,True,True
3,0.1,10000000000,probit_P,127,0.2,0.0,0.5,0.5,True,True,True
3,0.1,10000000000,probit_P,128,0.2,0.0,0.24947536876640308,0.24947536876640308,False,True,True
3,0.1,10000000000,probit_P,129,0.2,0.0,0.24830275077895736,0.24830275077895736,False,True,True
3,0.1,10000000000,probit_P,130,0.2,0.05489637372861417,0.26940412579273054,0.21450775206411637,False,True,True
3,0.1,10000000000,probit_P,131,0.2,0.0,0.24546112587558772,0.24546112587558772,False,True,True
3,0.1,10000000000,probit_P,132,0.2,0.0,0.24753125071161203,0.24753125071161203,False,True,True
3,0.1,10000000000,probit_P,133,0.2,0.0,0.5,0.5,True,True,True
3,0.1,10000000000,probit_P,134,0.2,0.0,0.25420767794859234,0.25420767794859234,False,True,True
3,0.1,10000000000,probit_P,135,0.2,0.0,0.2601918544910482,0.2601918544910482,False,True,True
3,0.1,10000000000,probit_P,136,0.2,0.0,0.24419187695525463,0.24419187695525463,False,True,True
3,0.1,10000000000,probit_P,137,0.2,0.0,0.24530216694688645,0.24530216694688645,False,True,True
3,0.1,10000000000,probit_P,138,0.2,0.0,0.24719741395208283,0.24719741395208283,False,True,True
3,0.1,10000000000,probit_P,139,0.2,0.0,0.241714474286725,0.241714474286725,False,True,True
3,0.1,10000000000,probit_P,140,0.2,0.0,0.2509087181742735,0.2509087181742735,False,True,True
3,0.1,10000000000,probit_P,141,0.2,0.0,0.5,0.5,True,True,True
3,0.1,10000000000,probit_P,142,0.2,0.0,0.24256707281845397,0.24256707281845397,False,True,True
3,0.1,10000000000,probit_P,143,0.2,0.0,0.25878596877227616,0.25878596877227616,False,True,True
3,0.1,10000000000,probit_P,144,0.2,0.0,0.25589360709555997,0.25589360709555997,False,True,True
3,0.1,10000000000,probit_P,145,0.2,0.0,0.25710374304189887,0.25710374304189887,False,True,True
3,0.1,10000000000,probit_P,146,0.2,0.0010386708999426397,0.2628641673371961,0.26182549643725345,False,True,True
3,0.1,10000000000,probit_P,147,0.2,0.0,0.5,0.5,True,True,True
3,0.1,10000000000,probit_P,148,0.2,0.0,0.24604686068128584,0.24604686068128584,False,True,True
3,0.1,10000000000,probit_P,149,0.2,0.0,0.2595790791005848,0.2595790791005848,False,True,True
3,0.1,10000000000,probit_P,150,0.2,0.0,0.24875782483375136,0.24875782483375136,False,True,True
3,0.1,10000000000,probit_P,151,0.2,0.0,0.2340425408298995,0.2340425408298995,False,True,True
3,0.1,10000000000,probit_P,152,0.2,0.0,0.23988884410668848,0.23988884410668848,False,True,True
3,0.1,10000000000,probit_P,153,0.2,0.0,0.24110778847649428,0.24110778847649428,False,True,True
3,0.1,10000000000,probit_P,154,0.2,0.0,0.2531878776404296,0.2531878776404296,False,True,True
3,0.1,10000000000,probit_P,155,0.2,0.0,0.2578882974479473,0.2578882974479473,False,True,True
3,0.1,10000000000,probit_P,156,0.2,0.0,0.25590990793576895,0.25590990793576895,False,True,True
3,0.1,10000000000,probit_P,157,0.2,0.0,0.2558596705822537,0.2558596705822537,False,True,True
3,0.1,10000000000,probit_P,158,0.2,0.0,0.25157911501276786,0.25157911501276786,False,True,True
3,0.1,10000000000,probit_P,159,0.2,0.0,0.24921083276410277,0.24921083276410277,False,True,True
3,0.1,10000000000,probit_P,160,0.2,0.0,0.2521260026007326,0.2521260026007326,False,True,True
3,0.1,10000000000,probit_P,161,0.2,0.0,0.2567353679012007,0.2567353679012007,False,True,True
3,0.1,10000000000,probit_P,162,0.2,0.0,0.23117005744945018,0.23117005744945018,False,True,True
3,0.1,10000000000,probit_P,163,0.2,0.0,0.2359620522487031,0.2359620522487031,False,True,True
3,0.1,10000000000,probit_P,164,0.2,0.0,0.23072330582391015,0.23072330582391015,False,True,True
3,0.1,10000000000,probit_P,165,0.2,0.0,0.23078660718331545,0.23078660718331545,False,True,True
3,0.1,10000000000,probit_P,166,0.2,0.0,0.26175206641606286,0.26175206641606286,False,True,True
3,0.1,10000000000,probit_P,167,0.2,0.0,0.2507511999741633,0.2507511999741633,False,True,True
3,0.1,10000000000,probit_P,168,0.2,0.0,0.24598156869775661,0.24598156869775661,False,True,True
3,0.1,10000000000,probit_P,169,0.2,0.0,0.24234759452066645,0.24234759452066645,False,True,True
3,0.1,10000000000,probit_P,170,0.2,0.0,0.23108244039728948,0.23108244039728948,False,True,True
3,0.1,10000000000,probit_P,171,0.2,0.0,0.23465377037086182,0.23465377037086182,False,True,True
3,0.1,10000000000,probit_P,172,0.2,0.0,0.24500938072114964,0.24500938072114964,False,True,True
3,0.1,10000000000,probit_P,173,0.2,0.0,0.24566249844347404,0.24566249844347404,False,True,True
3,0.1,10000000000,probit_P,174,0.2,0.0,0.254590898917278,0.254590898917278,False,True,True
3,0.1,10000000000,probit_P,175,0.2,0.0,0.2327593174201235,0.2327593174201235,False,True,True
3,0.1,10000000000,probit_P,176,0.2,0.0,0.24554793392626417,0.24554793392626417,False,True,True
3,0.1,10000000000,probit_P,177,0.2,0.0,0.23667571222009903,0.23667571222009903,False,True,True
3,0.1,10000000000,probit_P,178,0.2,0.0,0.2549176881466,0.2549176881466,False,True,True
3,0.1,10000000000,probit_P,179,0.2,0.0,0.24109374613172468,0.24109374613172468,False,True,True
3,0.1,10000000000,probit_P,180,0.2,0.0,0.23588029595594195,0.23588029595594195,False,True,True
3,0.1,10000000000,probit_P,181,0.2,0.0,0.23868781830983832,0.23868781830983832,False,True,True
3,0.1,10000000000,probit_P,182,0.2,0.0,0.2423078239043851,0.2423078239043851,False,True,True
3,0.1,10000000000,probit_P,183,0.2,0.0,0.23081537403596464,0.23081537403596464,False,True,True
3,0.1,10000000000,probit_P,184,0.2,0.0,0.24226369769902045,0.24226369769902045,False,True,True
3,0.1,10000000000,probit_P,185,0.2,0.0,0.2506545977299564,0.2506545977299564,False,True,True
3,0.1,10000000000,probit_P,186,0.2,0.0,0.24223433356987195,0.24223433356987195,False,True,True
3,0.1,10000000000,probit_P,187,0.2,0.0,0.24258912506206082,0.24258912506206082,False,True,True
3,0.1,10000000000,probit_P,188,0.2,0.0,0.261881588812357,0.261881588812357,False,True,True
3,0.1,10000000000,probit_P,189,0.2,0.0,0.5,0.5,True,True,True
3,0.1,10000000000,probit_P,190,0.2,0.0,0.24422133113151379,0.24422133113151379,False,True,True
3,0.1,10000000000,probit_P,191,0.2,0.0,0.241565685328536,0.241565685328536,False,True,True
3,0.1,10000000000,probit_P,192,0.2,0.0,0.2476592270825737,0.2476592270825737,False,True,True
3,0.1,10000000000,probit_P,193,0.2,0.0,0.24834379612679075,0.24834379612679075,False,True,True
3,0.1,10000000000,probit_P,194,0.2,0.0,0.24419317227378068,0.24419317227378068,False,True,True
3,0.1,10000000000,probit_P,195,0.2,0.0,0.24081585344242,0.24081585344242,False,True,True
3,0.1,10000000000,probit_P,196,0.2,0.0,0.2528225124941369,0.2528225124941369,False,True,True
3,0.1,10000000000,probit_P,197,0.2,0.0,0.23777546568254593,0.23777546568254593,False,True,True
3,0.1,10000000000,probit_P,198,0.2,0.0,0.2625566363169783,0.2625566363169783,False,True,True
3,0.1,10000000000,probit_P,199,0.2,0.0,0.2362104483825746,0.2362104483825746,False,True,True
3,0.1,10000000000,logistic_Q,0,0.161652099617555,0.0,0.5,0.5,True,True,True
3,0.1,10000000000,logistic_Q,1,0.161652099617555,0.0,0.25058326171620693,0.25058326171620693,False,True,True
3,0.1,10000000000,logistic_Q,2,0.161652099617555,0.0,0.2384318179358183,0.2384318179358183,False,True,True
3,0.1,10000000000,logistic_Q,3,0.161652099617555,0.0,0.2517886736308124,0.2517886736308124,False,True,True
3,0.1,10000000000,logistic_Q,4,0.161652099617555,0.0,0.24485960445835114,0.24485960445835114,False,True,True
3,0.1,10000000000,logistic_Q,5,0.161652099617555,0.0,0.2563444904598781,0.2563444904598781,False,True,True
3,0.1,10000000000,logistic_Q,6,0.161652099617555,0.0,0.2583129879868814,0.2583129879868814,False,True,True
3,0.1,10000000000,logistic_Q,7,0.161652099617555,0.0,0.2402463227955013,0.2402463227955013,False,True,True
3,0.1,10000000000,logistic_Q,8,0.161652099617555,0.0,0.5,0.5,True,True,True
3,0.1,10000000000,logistic_Q,9,0.161652099617555,0.0,0.25620712676780316,0.25620712676780316,False,True,True
3,0.1,10000000000,logistic_Q,10,0.161652099617555,0.0,0.24387225299121001,0.24387225299121001,False,True,True
3,0.1,10000000000,logistic_Q,11,0.161652099617555,0.0,0.23633731660891572,0.23633731660891572,False,True,True
3,0.1,10000000000,logistic_Q,12,0.161652099617555,0.0,0.24665598483670942,0.24665598483670942,False,True,True
3,0.1,10000000000,logistic_Q,13,0.161652099617555,0.0,0.25263441840372736,0.25263441840372736,False,True,True
3,0.1,10000000000,logistic_Q,14,0.161652099617555,0.0,0.23472709964952815,0.23472709964952815,False,True,True
3,0.1,10000000000,logistic_Q,15,0.161652099617555,0.0,0.24666603026627132,0.24666603026627132,False,True,True
3,0.1,10000000000,logistic_Q,16,0.161652099617555,0.0,0.24413605609862882,0.24413605609862882,False,True,True
3,0.1,10000000000,logistic_Q,17,0.161652099617555,0.0,0.25146666333986234,0.25146666333986234,False,True,True
3,0.1,10000000000,logistic_Q,18,0.161652099617555,0.0,0.24582094924792103,0.24582094924792103,False,True,True
3,0.1,10000000000,logistic_Q,19,0.161652099617555,0.0,0.2536312323144152,0.2536312323144152,False,True,True
3,0.1,10000000000,logistic_Q,20,0.161652099617555,0.0,0.252115658842272,0.252115658842272,False,True,True
3,0.1,10000000000,logistic_Q,21,0.161652099617555,0.0,0.24792685839292145,0.24792685839292145,False,True,True
3,0.1,10000000000,logistic_Q,22,0.161652099617555,0.0,0.24816027615013175,0.24816027615013175,False,True,True
3,0.1,10000000000,logistic_Q,23,0.161652099617555,0.0,0.24498403411989672,0.24498403411989672,False,True,True
3,0.1,10000000000,logistic_Q,24,0.161652099617555,0.0,0.25479437385212944,0.25479437385212944,False,True,True
3,0.1,10000000000,logistic_Q,25,0.161652099617555,0.0,0.24994874176160037,0.24994874176160037,False,True,True
3,0.1,10000000000,logistic_Q,26,0.161652099617555,0.0,0.24577191412433513,0.24577191412433513,False,True,True
3,0.1,10000000000,logistic_Q,27,0.161652099617555,0.0,0.2555709629432539,0.2555709629432539,False,True,True
3,0.1,10000000000,logistic_Q,28,0.161652099617555,0.0,0.250571873504317,0.250571873504317,False,True,True
3,0.1,10000000000,logistic_Q,29,0.161652099617555,0.0,0.24727096681239202,0.24727096681239202,False,True,True
3,0.1,10000000000,logistic_Q,30,0.161652099617555,0.0,0.2378764981931974,0.2378764981931974,False,True,True
3,0.1,10000000000,logistic_Q,31,0.161652099617555,0.0,0.24539939499202656,0.24539939499202656,False,True,True
3,0.1,10000000000,logistic_Q,32,0.161652099617555,0.0,0.5,0.5,True,True,True
3,0.1,10000000000,logistic_Q,33,0.161652099617555,0.0,0.23164724519172158,0.23164724519172158,False,True,True
3,0.1,10000000000,logistic_Q,34,0.161652099617555,0.0,0.5,0.5,True,True,True
3,0.1,10000000000,logistic_Q,35,0.161652099617555,0.0,0.5,0.5,True,True,True
3,0.1,10000000000,logistic_Q,36,0.161652099617555,0.0,0.5,0.5,True,True,True
3,0.1,10000000000,logistic_Q,37,0.161652099617555,0.0,0.25209006786646826,0.25209006786646826,False,True,True
3,0.1,10000000000,logistic_Q,38,0.161652099617555,0.0,0.23265859637182484,0.23265859637182484,False,True,True
3,0.1,10000000000,logistic_Q,39,0.161652099617555,0.0,0.2340221065805304,0.2340221065805304,False,True,True
3,0.1,10000000000,logistic_Q,40,0.161652099617555,0.0,0.25141460760470025,0.25141460760470025,False,True,True
3,0.1,10000000000,logistic_Q,41,0.161652099617555,0.0,0.25506171153359886,0.25506171153359886,False,True,True
3,0.1,10000000000,logistic_Q,42,0.161652099617555,0.0,0.2523430675008794,0.2523430675008794,False,True,True
3,0.1,10000000000,logistic_Q,43,0.161652099617555,0.0,0.2338733021514564,0.2338733021514564,False,True,True
3,0.1,10000000000,logistic_Q,44,0.161652099617555,0.0,0.5,0.5,True,True,True
3,0.1,10000000000,logistic_Q,45,0.161652099617555,0.03270909302125058,0.2665089691656395,0.2337998761443889,False,True,True
3,0.1,10000000000,logistic_Q,46,0.161652099617555,0.0,0.25440274728054874,0.25440274728054874,False,True,True
3,0.1,10000000000,logistic_Q,47,0.161652099617555,0.0,0.24059070916712472,0.24059070916712472,False,True,True
3,0.1,10000000000,logistic_Q,48,0.161652099617555,0.0,0.2529091494880238,0.2529091494880238,False,True,True
3,0.1,10000000000,logistic_Q,49,0.161652099617555,0.0,0.24705351870659464,0.24705351870659464,False,True,True
3,0.1,10000000000,logistic_Q,50,0.161652099617555,0.0,0.25599206314502965,0.25599206314502965,False,True,True
3,0.1,10000000000,logistic_Q,51,0.161652099617555,0.0,0.26047687590034163,0.26047687590034163,False,True,True
3,0.1,10000000000,logistic_Q,52,0.161652099617555,0.0,0.255327036613603,0.255327036613603,False,True,True
3,0.1,10000000000,logistic_Q,53,0.161652099617555,0.0,0.25138214340725573,0.25138214340725573,False,True,True
3,0.1,10000000000,logistic_Q,54,0.161652099617555,0.0,0.2566239716406896,0.2566239716406896,False,True,True
3,0.1,10000000000,logistic_Q,55,0.161652099617555,0.0,0.24957471141035936,0.24957471141035936,False,True,True
3,0.1,10000000000,logistic_Q,56,0.161652099617555,0.0,0.24596071642682188,0.24596071642682188,False,True,True
3,0.1,10000000000,logistic_Q,57,0.161652099617555,0.0,0.5,0.5,True,True,True
3,0.1,10000000000,logistic_Q,58,0.161652099617555,0.0,0.23578306979314412,0.23578306979314412,False,True,True
3,0.1,10000000000,logistic_Q,59,0.161652099617555,0.0,0.24817401913158516,0.24817401913158516,False,True,True
3,0.1,10000000000,logistic_Q,60,0.161652099617555,0.0,0.25262739237712184,0.25262739237712184,False,True,True
3,0.1,10000000000,logistic_Q,61,0.161652099617555,0.0,0.2397726294668881,0.2397726294668881,False,True,True
3,0.1,10000000000,logistic_Q,62,0.161652099617555,0.0,0.2398951603832048,0.2398951603832048,False,True,True
3,0.1,10000000000,logistic_Q,63,0.161652099617555,0.0,0.2348466332065378,0.2348466332065378,False,True,True
3,0.1,10000000000,logistic_Q,64,0.161652099617555,0.0,0.24744442050871002,0.24744442050871002,False,True,True
3,0.1,10000000000,logistic_Q,65,0.161652099617555,0.0,0.23911183061269659,0.23911183061269659,False,True,True
3,0.1,10000000000,logistic_Q,66,0.161652099617555,0.0,0.5,0.5,True,True,True
3,0.1,10000000000,logistic_Q,67,0.161652099617555,0.0,0.2402669556448827,0.2402669556448827,False,True,True
3,0.1,10000000000,logistic_Q,68,0.161652099617555,0.0,0.24991223063941964,0.24991223063941964,False,True,True
3,0.1,10000000000,logistic_Q,69,0.161652099617555,0.0,0.2546026952591045,0.2546026952591045,False,True,True
3,0.1,10000000000,logistic_Q,70,0.161652099617555,0.0,0.2461578087022564,0.2461578087022564,False,True,True
3,0.1,10000000000,logistic_Q,71,0.161652099617555,0.0,0.25238871411721164,0.25238871411721164,False,True,True
3,0.1,10000000000,logistic_Q,72,0.161652099617555,0.0,0.24951482033697953,0.24951482033697953,False,True,True
3,0.1,10000000000,logistic_Q,73,0.161652099617555,0.0,0.24760142720000688,0.24760142720000688,False,True,True
3,0.1,10000000000,logistic_Q,74,0.161652099617555,0.0,0.25104411322072645,0.25104411322072645,False,True,True
3,0.1,10000000000,logistic_Q,75,0.161652099617555,0.0,0.2588547118770066,0.2588547118770066,False,True,True
3,0.1,10000000000,logistic_Q,76,0.161652099617555,0.0,0.25322518773748703,0.25322518773748703,False,True,True
3,0.1,10000000000,logistic_Q,77,0.161652099617555,0.0,0.23227908859466595,0.23227908859466595,False,True,True
3,0.1,10000000000,logistic_Q,78,0.161652099617555,0.012622497689173284,0.26413238183701493,0.25150988414784164,False,True,True
3,0.1,10000000000,logistic_Q,79,0.161652099617555,0.0,0.2407592613362246,0.2407592613362246,False,True,True
3,0.1,10000000000,logistic_Q,80,0.161652099617555,0.0,0.25129976539282023,0.25129976539282023,False,True,True
3,0.1,10000000000,logistic_Q,81,0.161652099617555,0.0,0.26077130662491443,0.26077130662491443,False,True,True
3,0.1,10000000000,logistic_Q,82,0.161652099617555,0.0,0.2540881446404971,0.2540881446404971,False,True,True
3,0.1,10000000000,logistic_Q,83,0.161652099617555,0.0,0.2543550193137294,0.2543550193137294,False,True,True
3,0.1,10000000000,logistic_Q,84,0.161652099617555,0.0,0.24392526929796265,0.24392526929796265,False,True,True
3,0.1,10000000000,logistic_Q,85,0.161652099617555,0.0,0.2443308217245978,0.2443308217245978,False,True,True
3,0.1,10000000000,logistic_Q,86,0.161652099617555,0.0,0.24163401271054286,0.24163401271054286,False,True,True
3,0.1,10000000000,logistic_Q,87,0.161652099617555,0.0048858074424506515,0.263335472479266,0.2584496650368153,False,True,True
3,0.1,10000000000,logistic_Q,88,0.161652099617555,0.0,0.2380110881320323,0.2380110881320323,False,True,True
3,0.1,10000000000,logistic_Q,89,0.161652099617555,0.0,0.2577837814063335,0.2577837814063335,False,True,True
3,0.1,10000000000,logistic_Q,90,0.161652099617555,0.0,0.26013028656864146,0.26013028656864146,False,True,True
3,0.1,10000000000,logistic_Q,91,0.161652099617555,0.0,0.242814277972159,0.242814277972159,False,True,True
3,0.1,10000000000,logistic_Q,92,0.161652099617555,0.0,0.2572262762369926,0.2572262762369926,False,True,True
3,0.1,10000000000,logistic_Q,93,0.161652099617555,0.0,0.2512888002297828,0.2512888002297828,False,True,True
3,0.1,10000000000,logistic_Q,94,0.161652099617555,0.0,0.24448344090250473,0.24448344090250473,False,True,True
3,0.1,10000000000,logistic_Q,95,0.161652099617555,0.0,0.25536883383558445,0.25536883383558445,False,True,True
3,0.1,10000000000,logistic_Q,96,0.161652099617555,0.0,0.25175157149953764,0.25175157149953764,False,True,True
3,0.1,10000000000,logistic_Q,97,0.161652099617555,0.0,0.24671450772256714,0.24671450772256714,False,True,True
3,0.1,10000000000,logistic_Q,98,0.161652099617555,0.0,0.5,0.5,True,True,True
3,0.1,10000000000,logistic_Q,99,0.161652099617555,0.0,0.24328314017050168,0.24328314017050168,False,True,True
3,0.1,10000000000,logistic_Q,100,0.161652099617555,0.0,0.24509542642623716,0.24509542642623716,False,True,True
3,0.1,10000000000,logistic_Q,101,0.161652099617555,0.0,0.5,0.5,True,True,True
3,0.1,10000000000,logistic_Q,102,0.161652099617555,0.0,0.2532674158136226,0.2532674158136226,False,True,True
3,0.1,10000000000,logistic_Q,103,0.161652099617555,0.0,0.2537846025439168,0.2537846025439168,False,True,True
3,0.1,10000000000,logistic_Q,104,0.161652099617555,0.0,0.5,0.5,True,True,True
3,0.1,10000000000,logistic_Q,105,0.161652099617555,0.0,0.25840901010323236,0.25840901010323236,False,True,True
3,0.1,10000000000,logistic_Q,106,0.161652099617555,0.0,0.25897531562601955,0.25897531562601955,False,True,True
3,0.1,10000000000,logistic_Q,107,0.161652099617555,0.0,0.24624575513280078,0.24624575513280078,False,True,True
3,0.1,10000000000,logistic_Q,108,0.161652099617555,0.0,0.24426677435963418,0.24426677435963418,False,True,True
3,0.1,10000000000,logistic_Q,109,0.161652099617555,0.0,0.2464043276734269,0.2464043276734269,False,True,True
3,0.1,10000000000,logistic_Q,110,0.161652099617555,0.0,0.24752075401585782,0.24752075401585782,False,True,True
3,0.1,10000000000,logistic_Q,111,0.161652099617555,0.0,0.244460369935528,0.244460369935528,False,True,True
3,0.1,10000000000,logistic_Q,112,0.161652099617555,0.0,0.24580739264071538,0.24580739264071538,False,True,True
3,0.1,10000000000,logistic_Q,113,0.161652099617555,0.0,0.2575692057878434,0.2575692057878434,False,True,True
3,0.1,10000000000,logistic_Q,114,0.161652099617555,0.0,0.24712737986648464,0.24712737986648464,False,True,True
3,0.1,10000000000,logistic_Q,115,0.161652099617555,0.0,0.24494333131062435,0.24494333131062435,False,True,True
3,0.1,10000000000,logistic_Q,116,0.161652099617555,0.0,0.2468413590241163,0.2468413590241163,False,True,True
3,0.1,10000000000,logistic_Q,117,0.161652099617555,0.0,0.24827166113110288,0.24827166113110288,False,True,True
3,0.1,10000000000,logistic_Q,118,0.161652099617555,0.0,0.25142602579848516,0.25142602579848516,False,True,True
3,0.1,10000000000,logistic_Q,119,0.161652099617555,0.0,0.24809960446967422,0.24809960446967422,False,True,True
3,0.1,10000000000,logistic_Q,120,0.161652099617555,0.0,0.24224662270394964,0.24224662270394964,False,True,True
3,0.1,10000000000,logistic_Q,121,0.161652099617555,0.0,0.252983854681141,0.252983854681141,False,True,True
3,0.1,10000000000,logistic_Q,122,0.161652099617555,0.0,0.5,0.5,True,True,True
3,0.1,10000000000,logistic_Q,123,0.161652099617555,0.0,0.5,0.5,True,True,True
3,0.1,10000000000,logistic_Q,124,0.161652099617555,0.0,0.25730487532021806,0.25730487532021806,False,True,True
3,0.1,10000000000,logistic_Q,125,0.161652099617555,0.0,0.5,0.5,True,True,True
3,0.1,10000000000,logistic_Q,126,0.161652099617555,0.0,0.25163403747934787,0.25163403747934787,False,True,True
3,0.1,10000000000,logistic_Q,127,0.161652099617555,0.0,0.24203144833269247,0.24203144833269247,False,True,True
3,0.1,10000000000,logistic_Q,128,0.161652099617555,0.0,0.2435061402646534,0.2435061402646534,False,True,True
3,0.1,10000000000,logistic_Q,129,0.161652099617555,0.0,0.2372391050332281,0.2372391050332281,False,True,True
3,0.1,10000000000,logistic_Q,130,0.161652099617555,0.0,0.24128343662635016,0.24128343662635016,False,True,True
3,0.1,10000000000,logistic_Q,131,0.161652099617555,0.029195164347979585,0.2660620254884787,0.2368668611404991,False,True,True
3,0.1,10000000000,logistic_Q,132,0.161652099617555,0.0,0.25347578141317145,0.25347578141317145,False,True,True
3,0.1,10000000000,logistic_Q,133,0.161652099617555,0.0,0.24750882511865413,0.24750882511865413,False,True,True
3,0.1,10000000000,logistic_Q,134,0.161652099617555,0.0,0.23348731437621978,0.23348731437621978,False,True,True
3,0.1,10000000000,logistic_Q,135,0.161652099617555,0.0,0.24180646339071332,0.24180646339071332,False,True,True
3,0.1,10000000000,logistic_Q,136,0.161652099617555,0.0,0.25613364782144954,0.25613364782144954,False,True,True
3,0.1,10000000000,logistic_Q,137,0.161652099617555,0.0,0.2555554006742461,0.2555554006742461,False,True,True
3,0.1,10000000000,logistic_Q,138,0.161652099617555,0.0,0.24022466907818113,0.24022466907818113,False,True,True
3,0.1,10000000000,logistic_Q,139,0.161652099617555,0.0,0.2460399557138393,0.2460399557138393,False,True,True
3,0.1,10000000000,logistic_Q,140,0.161652099617555,0.0,0.25056618705785005,0.25056618705785005,False,True,True
3,0.1,10000000000,logistic_Q,141,0.161652099617555,0.0,0.2456763015361617,0.2456763015361617,False,True,True
3,0.1,10000000000,logistic_Q,142,0.161652099617555,0.0,0.2528455688353862,0.2528455688353862,False,True,True
3,0.1,10000000000,logistic_Q,143,0.161652099617555,0.021742958420895353,0.26512726196857483,0.24338430354767948,False,True,True
3,0.1,10000000000,logistic_Q,144,0.161652099617555,0.0,0.2397712000221064,0.2397712000221064,False,True,True
3,0.1,10000000000,logistic_Q,145,0.161652099617555,0.0,0.5,0.5,True,True,True
3,0.1,10000000000,logistic_Q,146,0.161652099617555,0.0,0.2405390472171356,0.2405390472171356,False,True,True
3,0.1,10000000000,logistic_Q,147,0.161652099617555,0.0,0.2541839819966952,0.2541839819966952,False,True,True
3,0.1,10000000000,logistic_Q,148,0.161652099617555,0.0,0.23435424808064864,0.23435424808064864,False,True,True
3,0.1,10000000000,logistic_Q,149,0.161652099617555,0.0,0.25058422955962634,0.25058422955962634,False,True,True
3,0.1,10000000000,logistic_Q,150,0.161652099617555,0.0,0.23624349027063496,0.23624349027063496,False,True,True
3,0.1,10000000000,logistic_Q,151,0.161652099617555,0.0,0.2566742273459762,0.2566742273459762,False,True,True
3,0.1,10000000000,logistic_Q,152,0.161652099617555,0.0,0.2477864587843876,0.2477864587843876,False,True,True
3,0.1,10000000000,logistic_Q,153,0.161652099617555,0.0,0.25194928771001357,0.25194928771001357,False,True,True
3,0.1,10000000000,logistic_Q,154,0.161652099617555,0.0,0.2600936792152484,0.2600936792152484,False,True,True
3,0.1,10000000000,logistic_Q,155,0.161652099617555,0.0,0.23912551576653984,0.23912551576653984,False,True,True
3,0.1,10000000000,logistic_Q,156,0.161652099617555,0.021349649596280607,0.26511771913052495,0.24376806953424435,False,True,True
3,0.1,10000000000,logistic_Q,157,0.161652099617555,0.0,0.5,0.5,True,True,True
3,0.1,10000000000,logistic_Q,158,0.161652099617555,0.0,0.24222467483708937,0.24222467483708937,False,True,True
3,0.1,10000000000,logistic_Q,159,0.161652099617555,0.0,0.24979601743719299,0.24979601743719299,False,True,True
3,0.1,10000000000,logistic_Q,160,0.161652099617555,0.0,0.25125373109746646,0.25125373109746646,False,True,True
3,0.1,10000000000,logistic_Q,161,0.161652099617555,0.0,0.2368966673489057,0.2368966673489057,False,True,True
3,0.1,10000000000,logistic_Q,162,0.161652099617555,0.0,0.2527009122195434,0.2527009122195434,False,True,True
3,0.1,10000000000,logistic_Q,163,0.161652099617555,0.0,0.2614293320096145,0.2614293320096145,False,True,True
3,0.1,10000000000,logistic_Q,164,0.161652099617555,0.0,0.26144937537013135,0.26144937537013135,False,True,True
3,0.1,10000000000,logistic_Q,165,0.161652099617555,0.0,0.24300649333905955,0.24300649333905955,False,True,True
3,0.1,10000000000,logistic_Q,166,0.161652099617555,0.0,0.24181445383218436,0.24181445383218436,False,True,True
3,0.1,10000000000,logistic_Q,167,0.161652099617555,0.0,0.2469500437493653,0.2469500437493653,False,True,True
3,0.1,10000000000,logistic_Q,168,0.161652099617555,0.0,0.2423821365330865,0.2423821365330865,False,True,True
3,0.1,10000000000,logistic_Q,169,0.161652099617555,0.0,0.23757961972570024,0.23757961972570024,False,True,True
3,0.1,10000000000,logistic_Q,170,0.161652099617555,0.0,0.5,0.5,True,True,True
3,0.1,10000000000,logistic_Q,171,0.161652099617555,0.0,0.25350134179726697,0.25350134179726697,False,True,True
3,0.1,10000000000,logistic_Q,172,0.161652099617555,0.0,0.24630621875940178,0.24630621875940178,False,True,True
3,0.1,10000000000,logistic_Q,173,0.161652099617555,0.0,0.5,0.5,True,True,True
3,0.1,10000000000,logistic_Q,174,0.161652099617555,0.0,0.24319889185561305,0.24319889185561305,False,True,True
3,0.1,10000000000,logistic_Q,175,0.161652099617555,0.0,0.23175569096905563,0.23175569096905563,False,True,True
3,0.1,10000000000,logistic_Q,176,0.161652099617555,0.0,0.5,0.5,True,True,True
3,0.1,10000000000,logistic_Q,177,0.161652099617555,0.0,0.24919259925369946,0.24919259925369946,False,True,True
3,0.1,10000000000,logistic_Q,178,0.161652099617555,0.0,0.24688390599828597,0.24688390599828597,False,True,True
3,0.1,10000000000,logistic_Q,179,0.161652099617555,0.02485990583127068,0.2655549507661429,0.2406950449348722,False,True,True
3,0.1,10000000000,logistic_Q,180,0.161652099617555,0.0,0.25305074439708153,0.25305074439708153,False,True,True
3,0.1,10000000000,logistic_Q,181,0.161652099617555,0.0,0.25533980162540393,0.25533980162540393,False,True,True
3,0.1,10000000000,logistic_Q,182,0.161652099617555,0.0,0.25696377332443276,0.25696377332443276,False,True,True
3,0.1,10000000000,logistic_Q,183,0.161652099617555,0.0,0.5,0.5,True,True,True
3,0.1,10000000000,logistic_Q,184,0.161652099617555,0.011654247297451348,0.26408865786417424,0.2524344105667229,False,True,True
3,0.1,10000000000,logistic_Q,185,0.161652099617555,0.0,0.2545871994830725,0.2545871994830725,False,True,True
3,0.1,10000000000,logistic_Q,186,0.161652099617555,0.016430386217561654,0.2645165302372927,0.24808614401973106,False,True,True
3,0.1,10000000000,logistic_Q,187,0.161652099617555,0.0,0.5,0.5,True,True,True
3,0.1,10000000000,logistic_Q,188,0.161652099617555,0.0,0.24098794805269513,0.24098794805269513,False,True,True
3,0.1,10000000000,logistic_Q,189,0.161652099617555,0.0,0.23144758794602543,0.23144758794602543,False,True,True
3,0.1,10000000000,logistic_Q,190,0.161652099617555,0.0,0.2535226074348049,0.2535226074348049,False,True,True
3,0.1,10000000000,logistic_Q,191,0.161652099617555,0.0,0.24760661367409553,0.24760661367409553,False,True,True
3,0.1,10000000000,logistic_Q,192,0.161652099617555,0.0,0.24854387248605075,0.24854387248605075,False,True,True
3,0.1,10000000000,logistic_Q,193,0.161652099617555,0.0,0.5,0.5,True,True,True
3,0.1,10000000000,logistic_Q,194,0.161652099617555,0.0,0.2508470047390892,0.2508470047390892,False,True,True
3,0.1,10000000000,logistic_Q,195,0.161652099617555,0.0,0.2346663470802055,0.2346663470802055,False,True,True
3,0.1,10000000000,logistic_Q,196,0.161652099617555,0.0,0.23541626898126056,0.23541626898126056,False,True,True
3,0.1,10000000000,logistic_Q,197,0.161652099617555,0.0,0.5,0.5,True,True,True
3,0.1,10000000000,logistic_Q,198,0.161652099617555,0.0,0.24717477664699827,0.24717477664699827,False,True,True
3,0.1,10000000000,logistic_Q,199,0.161652099617555,0.021495163179798826,0.2651635323413193,0.24366836916152046,False,True,True
3,0.2,39062500,probit_P,0,0.2,0.0,0.5,0.5,True,True,True
3,0.2,39062500,probit_P,1,0.2,0.0,0.5,0.5,True,True,True
3,0.2,39062500,probit_P,2,0.2,0.0,0.5,0.5,True,True,True
3,0.2,39062500,probit_P,3,0.2,0.0,0.5,0.5,True,True,True
3,0.2,39062500,probit_P,4,0.2,0.0,0.5,0.5,True,True,True
3,0.2,39062500,probit_P,5,0.2,0.0,0.5,0.5,True,True,True
3,0.2,39062500,probit_P,6,0.2,0.0,0.5,0.5,True,True,True
3,0.2,39062500,probit_P,7,0.2,0.0,0.5,0.5,True,True,True
3,0.2,39062500,probit_P,8,0.2,0.0,0.5,0.5,True,True,True
3,0.2,39062500,probit_P,9,0.2,0.0,0.5,0.5,True,True,True
3,0.2,39062500,probit_P,10,0.2,0.0,0.5,0.5,True,True,True
3,0.2,39062500,probit_P,11,0.2,0.0,0.5,0.5,True,True,True
3,0.2,39062500,probit_P,12,0.2,0.0,0.5,0.5,True,True,True
3,0.2,39062500,probit_P,13,0.2,0.0,0.5,0.5,True,True,True
3,0.2,39062500,probit_P,14,0.2,0.0,0.5,0.5,True,True,True
3,0.2,39062500,probit_P,15,0.2,0.0,0.5,0.5,True,True,True
3,0.2,39062500,probit_P,16,0.2,0.0,0.5,0.5,True,True,True
3,0.2,39062500,probit_P,17,0.2,0.0,0.5,0.5,True,True,True
3,0.2,39062500,probit_P,18,0.2,0.0,0.5,0.5,True,True,True
3,0.2,39062500,probit_P,19,0.2,0.0,0.5,0.5,True,True,True
3,0.2,39062500,probit_P,20,0.2,0.0,0.5,0.5,True,True,True
3,0.2,39062500,probit_P,21,0.2,0.0,0.5,0.5,True,True,True
3,0.2,39062500,probit_P,22,0.2,0.0,0.5,0.5,True,True,True
3,0.2,39062500,probit_P,23,0.2,0.0,0.5,0.5,True,True,True
3,0.2,39062500,probit_P,24,0.2,0.0,0.5,0.5,True,True,True
3,0.2,39062500,probit_P,25,0.2,0.0,0.5,0.5,True,True,True
3,0.2,39062500,probit_P,26,0.2,0.0,0.5,0.5,True,True,True
3,0.2,39062500,probit_P,27,0.2,0.0,0.5,0.5,True,True,True
3,0.2,39062500,probit_P,28,0.2,0.0,0.5,0.5,True,True,True
3,0.2,39062500,probit_P,29,0.2,0.0,0.5,0.5,True,True,True
3,0.2,39062500,probit_P,30,0.2,0.0,0.5,0.5,True,True,True
3,0.2,39062500,probit_P,31,0.2,0.0,0.5,0.5,True,True,True
3,0.2,39062500,probit_P,32,0.2,0.0,0.5,0.5,True,True,True
3,0.2,39062500,probit_P,33,0.2,0.0,0.5,0.5,True,True,True
3,0.2,39062500,probit_P,34,0.2,0.0,0.5,0.5,True,True,True
3,0.2,39062500,probit_P,35,0.2,0.0,0.5,0.5,True,True,True
3,0.2,39062500,probit_P,36,0.2,0.0,0.5,0.5,True,True,True
3,0.2,39062500,probit_P,37,0.2,0.0,0.5,0.5,True,True,True
3,0.2,39062500,probit_P,38,0.2,0.0,0.5,0.5,True,True,True
3,0.2,39062500,probit_P,39,0.2,0.0,0.5,0.5,True,True,True
3,0.2,39062500,probit_P,40,0.2,0.0,0.5,0.5,True,True,True
3,0.2,39062500,probit_P,41,0.2,0.0,0.5,0.5,True,True,True
3,0.2,39062500,probit_P,42,0.2,0.0,0.5,0.5,True,True,True
3,0.2,39062500,probit_P,43,0.2,0.0,0.5,0.5,True,True,True
3,0.2,39062500,probit_P,44,0.2,0.0,0.5,0.5,True,True,True
3,0.2,39062500,probit_P,45,0.2,0.0,0.5,0.5,True,True,True
3,0.2,39062500,probit_P,46,0.2,0.0,0.5,0.5,True,True,True
3,0.2,39062500,probit_P,47,0.2,0.0,0.5,0.5,True,True,True
3,0.2,39062500,probit_P,48,0.2,0.0,0.5,0.5,True,True,True
3,0.2,39062500,probit_P,49,0.2,0.0,0.5,0.5,True,True,True
3,0.2,39062500,probit_P,50,0.2,0.0,0.5,0.5,True,True,True
3,0.2,39062500,probit_P,51,0.2,0.0,0.5,0.5,True,True,True
3,0.2,39062500,probit_P,52,0.2,0.0,0.5,0.5,True,True,True
3,0.2,39062500,probit_P,53,0.2,0.0,0.5,0.5,True,True,True
3,0.2,39062500,probit_P,54,0.2,0.0,0.5,0.5,True,True,True
3,0.2,39062500,probit_P,55,0.2,0.0,0.5,0.5,True,True,True
3,0.2,39062500,probit_P,56,0.2,0.0,0.5,0.5,True,True,True
3,0.2,39062500,probit_P,57,0.2,0.0,0.5,0.5,True,True,True
3,0.2,39062500,probit_P,58,0.2,0.0,0.5,0.5,True,True,True
3,0.2,39062500,probit_P,59,0.2,0.0,0.5,0.5,True,True,True
3,0.2,39062500,probit_P,60,0.2,0.0,0.5,0.5,True,True,True
3,0.2,39062500,probit_P,61,0.2,0.0,0.5,0.5,True,True,True
3,0.2,39062500,probit_P,62,0.2,0.0,0.5,0.5,True,True,True
3,0.2,39062500,probit_P,63,0.2,0.0,0.5,0.5,True,True,True
3,0.2,39062500,probit_P,64,0.2,0.0,0.5,0.5,True,True,True
3,0.2,39062500,probit_P,65,0.2,0.0,0.5,0.5,True,True,True
3,0.2,39062500,probit_P,66,0.2,0.0,0.5,0.5,True,True,True
3,0.2,39062500,probit_P,67,0.2,0.0,0.5,0.5,True,True,True
3,0.2,39062500,probit_P,68,0.2,0.0,0.5,0.5,True,True,True
3,0.2,39062500,probit_P,69,0.2,0.0,0.5,0.5,True,True,True
3,0.2,39062500,probit_P,70,0.2,0.0,0.5,0.5,True,True,True
3,0.2,39062500,probit_P,71,0.2,0.0,0.5,0.5,True,True,True
3,0.2,39062500,probit_P,72,0.2,0.0,0.5,0.5,True,True,True
3,0.2,39062500,probit_P,73,0.2,0.0,0.5,0.5,True,True,True
3,0.2,39062500,probit_P,74,0.2,0.0,0.5,0.5,True,True,True
3,0.2,39062500,probit_P,75,0.2,0.0,0.5,0.5,True,True,True
3,0.2,39062500,probit_P,76,0.2,0.0,0.5,0.5,True,True,True
3,0.2,39062500,probit_P,77,0.2,0.0,0.5,0.5,True,True,True
3,0.2,39062500,probit_P,78,0.2,0.0,0.5,0.5,True,True,True
3,0.2,39062500,probit_P,79,0.2,0.0,0.5,0.5,True,True,True
3,0.2,39062500,probit_P,80,0.2,0.0,0.5,0.5,True,True,True
3,0.2,39062500,probit_P,81,0.2,0.0,0.5,0.5,True,True,True
3,0.2,39062500,probit_P,82,0.2,0.0,0.5,0.5,True,True,True
3,0.2,39062500,probit_P,83,0.2,0.0,0.5,0.5,True,True,True
3,0.2,39062500,probit_P,84,0.2,0.0,0.5,0.5,True,True,True
3,0.2,39062500,probit_P,85,0.2,0.0,0.5,0.5,True,True,True
3,0.2,39062500,probit_P,86,0.2,0.0,0.5,0.5,True,True,True
3,0.2,39062500,probit_P,87,0.2,0.0,0.5,0.5,True,True,True
3,0.2,39062500,probit_P,88,0.2,0.0,0.5,0.5,True,True,True
3,0.2,39062500,probit_P,89,0.2,0.0,0.5,0.5,True,True,True
3,0.2,39062500,probit_P,90,0.2,0.0,0.5,0.5,True,True,True
3,0.2,39062500,probit_P,91,0.2,0.0,0.5,0.5,True,True,True
3,0.2,39062500,probit_P,92,0.2,0.0,0.5,0.5,True,True,True
3,0.2,39062500,probit_P,93,0.2,0.0,0.5,0.5,True,True,True
3,0.2,39062500,probit_P,94,0.2,0.0,0.5,0.5,True,True,True
3,0.2,39062500,probit_P,95,0.2,0.0,0.5,0.5,True,True,True
3,0.2,39062500,probit_P,96,0.2,0.0,0.5,0.5,True,True,True
3,0.2,39062500,probit_P,97,0.2,0.0,0.5,0.5,True,True,True
3,0.2,39062500,probit_P,98,0.2,0.0,0.5,0.5,True,True,True
3,0.2,39062500,probit_P,99,0.2,0.0,0.5,0.5,True,True,True
3,0.2,39062500,probit_P,100,0.2,0.0,0.5,0.5,True,True,True
3,0.2,39062500,probit_P,101,0.2,0.0,0.5,0.5,True,True,True
3,0.2,39062500,probit_P,102,0.2,0.0,0.5,0.5,True,True,True
3,0.2,39062500,probit_P,103,0.2,0.0,0.5,0.5,True,True,True
3,0.2,39062500,probit_P,104,0.2,0.0,0.5,0.5,True,True,True
3,0.2,39062500,probit_P,105,0.2,0.0,0.5,0.5,True,True,True
3,0.2,39062500,probit_P,106,0.2,0.0,0.5,0.5,True,True,True
3,0.2,39062500,probit_P,107,0.2,0.0,0.5,0.5,True,True,True
3,0.2,39062500,probit_P,108,0.2,0.0,0.5,0.5,True,True,True
3,0.2,39062500,probit_P,109,0.2,0.0,0.5,0.5,True,True,True
3,0.2,39062500,probit_P,110,0.2,0.0,0.5,0.5,True,True,True
3,0.2,39062500,probit_P,111,0.2,0.0,0.5,0.5,True,True,True
3,0.2,39062500,probit_P,112,0.2,0.0,0.31297041583802776,0.31297041583802776,False,True,True
3,0.2,39062500,probit_P,113,0.2,0.0,0.5,0.5,True,True,True
3,0.2,39062500,probit_P,114,0.2,0.0,0.5,0.5,True,True,True
3,0.2,39062500,probit_P,115,0.2,0.0,0.5,0.5,True,True,True
3,0.2,39062500,probit_P,116,0.2,0.0,0.5,0.5,True,True,True
3,0.2,39062500,probit_P,117,0.2,0.0,0.5,0.5,True,True,True
3,0.2,39062500,probit_P,118,0.2,0.0,0.5,0.5,True,True,True
3,0.2,39062500,probit_P,119,0.2,0.0,0.5,0.5,True,True,True
3,0.2,39062500,probit_P,120,0.2,0.0,0.5,0.5,True,True,True
3,0.2,39062500,probit_P,121,0.2,0.0,0.3109997451205604,0.3109997451205604,False,True,True
3,0.2,39062500,probit_P,122,0.2,0.0,0.5,0.5,True,True,True
3,0.2,39062500,probit_P,123,0.2,0.0,0.5,0.5,True,True,True
3,0.2,39062500,probit_P,124,0.2,0.0,0.5,0.5,True,True,True
3,0.2,39062500,probit_P,125,0.2,0.0,0.5,0.5,True,True,True
3,0.2,39062500,probit_P,126,0.2,0.0,0.5,0.5,True,True,True
3,0.2,39062500,probit_P,127,0.2,0.0,0.5,0.5,True,True,True
3,0.2,39062500,probit_P,128,0.2,0.0,0.5,0.5,True,True,True
3,0.2,39062500,probit_P,129,0.2,0.0,0.5,0.5,True,True,True
3,0.2,39062500,probit_P,130,0.2,0.0,0.5,0.5,True,True,True
3,0.2,39062500,probit_P,131,0.2,0.0,0.5,0.5,True,True,True
3,0.2,39062500,probit_P,132,0.2,0.0,0.5,0.5,True,True,True
3,0.2,39062500,probit_P,133,0.2,0.0,0.5,0.5,True,True,True
3,0.2,39062500,probit_P,134,0.2,0.0,0.3111740694082511,0.3111740694082511,False,True,True
3,0.2,39062500,probit_P,135,0.2,0.0,0.5,0.5,True,True,True
3,0.2,39062500,probit_P,136,0.2,0.0,0.5,0.5,True,True,True
3,0.2,39062500,probit_P,137,0.2,0.0,0.5,0.5,True,True,True
3,0.2,39062500,probit_P,138,0.2,0.0,0.5,0.5,True,True,True
3,0.2,39062500,probit_P,139,0.2,0.0,0.5,0.5,True,True,True
3,0.2,39062500,probit_P,140,0.2,0.0,0.5,0.5,True,True,True
3,0.2,39062500,probit_P,141,0.2,0.0,0.5,0.5,True,True,True
3,0.2,39062500,probit_P,142,0.2,0.0,0.5,0.5,True,True,True
3,0.2,39062500,probit_P,143,0.2,0.0,0.5,0.5,True,True,True
3,0.2,39062500,probit_P,144,0.2,0.0,0.5,0.5,True,True,True
3,0.2,39062500,probit_P,145,0.2,0.0,0.5,0.5,True,True,True
3,0.2,39062500,probit_P,146,0.2,0.0,0.5,0.5,True,True,True
3,0.2,39062500,probit_P,147,0.2,0.0,0.5,0.5,True,True,True
3,0.2,39062500,probit_P,148,0.2,0.0,0.5,0.5,True,True,True
3,0.2,39062500,probit_P,149,0.2,0.0,0.5,0.5,True,True,True
3,0.2,39062500,probit_P,150,0.2,0.0,0.5,0.5,True,True,True
3,0.2,39062500,probit_P,151,0.2,0.0,0.5,0.5,True,True,True
3,0.2,39062500,probit_P,152,0.2,0.0,0.5,0.5,True,True,True
3,0.2,39062500,probit_P,153,0.2,0.0,0.5,0.5,True,True,True
3,0.2,39062500,probit_P,154,0.2,0.0,0.5,0.5,True,True,True
3,0.2,39062500,probit_P,155,0.2,0.0,0.5,0.5,True,True,True
3,0.2,39062500,probit_P,156,0.2,0.0,0.5,0.5,True,True,True
3,0.2,39062500,probit_P,157,0.2,0.0,0.5,0.5,True,True,True
3,0.2,39062500,probit_P,158,0.2,0.0,0.5,0.5,True,True,True
3,0.2,39062500,probit_P,159,0.2,0.0,0.5,0.5,True,True,True
3,0.2,39062500,probit_P,160,0.2,0.0,0.5,0.5,True,True,True
3,0.2,39062500,probit_P,161,0.2,0.0,0.5,0.5,True,True,True
3,0.2,39062500,probit_P,162,0.2,0.0,0.5,0.5,True,True,True
3,0.2,39062500,probit_P,163,0.2,0.0,0.5,0.5,True,True,True
3,0.2,39062500,probit_P,164,0.2,0.0,0.5,0.5,True,True,True
3,0.2,39062500,probit_P,165,0.2,0.0,0.5,0.5,True,True,True
3,0.2,39062500,probit_P,166,0.2,0.0,0.5,0.5,True,True,True
3,0.2,39062500,probit_P,167,0.2,0.0,0.5,0.5,True,True,True
3,0.2,39062500,probit_P,168,0.2,0.0,0.5,0.5,True,True,True
3,0.2,39062500,probit_P,169,0.2,0.0,0.5,0.5,True,True,True
3,0.2,39062500,probit_P,170,0.2,0.0,0.5,0.5,True,True,True
3,0.2,39062500,probit_P,171,0.2,0.0,0.5,0.5,True,True,True
3,0.2,39062500,probit_P,172,0.2,0.0,0.5,0.5,True,True,True
3,0.2,39062500,probit_P,173,0.2,0.0,0.5,0.5,True,True,True
3,0.2,39062500,probit_P,174,0.2,0.0,0.5,0.5,True,True,True
3,0.2,39062500,probit_P,175,0.2,0.0,0.3129903879426924,0.3129903879426924,False,True,True
3,0.2,39062500,probit_P,176,0.2,0.0,0.5,0.5,True,True,True
3,0.2,39062500,probit_P,177,0.2,0.0,0.5,0.5,True,True,True
3,0.2,39062500,probit_P,178,0.2,0.0,0.5,0.5,True,True,True
3,0.2,39062500,probit_P,179,0.2,0.0,0.5,0.5,True,True,True
3,0.2,39062500,probit_P,180,0.2,0.0,0.5,0.5,True,True,True
3,0.2,39062500,probit_P,181,0.2,0.0,0.5,0.5,True,True,True
3,0.2,39062500,probit_P,182,0.2,0.0,0.5,0.5,True,True,True
3,0.2,39062500,probit_P,183,0.2,0.0,0.5,0.5,True,True,True
3,0.2,39062500,probit_P,184,0.2,0.0,0.5,0.5,True,True,True
3,0.2,39062500,probit_P,185,0.2,0.0,0.5,0.5,True,True,True
3,0.2,39062500,probit_P,186,0.2,0.0,0.5,0.5,True,True,True
3,0.2,39062500,probit_P,187,0.2,0.0,0.5,0.5,True,True,True
3,0.2,39062500,probit_P,188,0.2,0.0,0.5,0.5,True,True,True
3,0.2,39062500,probit_P,189,0.2,0.0,0.5,0.5,True,True,True
3,0.2,39062500,probit_P,190,0.2,0.0,0.5,0.5,True,True,True
3,0.2,39062500,probit_P,191,0.2,0.0,0.5,0.5,True,True,True
3,0.2,39062500,probit_P,192,0.2,0.0,0.5,0.5,True,True,True
3,0.2,39062500,probit_P,193,0.2,0.0,0.5,0.5,True,True,True
3,0.2,39062500,probit_P,194,0.2,0.0,0.5,0.5,True,True,True
3,0.2,39062500,probit_P,195,0.2,0.0,0.5,0.5,True,True,True
3,0.2,39062500,probit_P,196,0.2,0.0,0.5,0.5,True,True,True
3,0.2,39062500,probit_P,197,0.2,0.0,0.5,0.5,True,True,True
3,0.2,39062500,probit_P,198,0.2,0.0,0.5,0.5,True,True,True
3,0.2,39062500,probit_P,199,0.2,0.0,0.5,0.5,True,True,True
3,0.2,39062500,logistic_Q,0,0.162145850102163,0.0,0.5,0.5,True,True,True
3,0.2,39062500,logistic_Q,1,0.162145850102163,0.0,0.3102297594464637,0.3102297594464637,False,True,True
3,0.2,39062500,logistic_Q,2,0.162145850102163,0.0,0.5,0.5,True,True,True
3,0.2,39062500,logistic_Q,3,0.162145850102163,0.0,0.5,0.5,True,True,True
3,0.2,39062500,logistic_Q,4,0.162145850102163,0.0,0.5,0.5,True,True,True
3,0.2,39062500,logistic_Q,5,0.162145850102163,0.0,0.5,0.5,True,True,True
3,0.2,39062500,logistic_Q,6,0.162145850102163,0.0,0.5,0.5,True,True,True
3,0.2,39062500,logistic_Q,7,0.162145850102163,0.0,0.5,0.5,True,True,True
3,0.2,39062500,logistic_Q,8,0.162145850102163,0.0,0.5,0.5,True,True,True
3,0.2,39062500,logistic_Q,9,0.162145850102163,0.0,0.5,0.5,True,True,True
3,0.2,39062500,logistic_Q,10,0.162145850102163,0.0,0.5,0.5,True,True,True
3,0.2,39062500,logistic_Q,11,0.162145850102163,0.0,0.5,0.5,True,True,True
3,0.2,39062500,logistic_Q,12,0.162145850102163,0.0,0.5,0.5,True,True,True
3,0.2,39062500,logistic_Q,13,0.162145850102163,0.0,0.5,0.5,True,True,True
3,0.2,39062500,logistic_Q,14,0.162145850102163,0.0,0.5,0.5,True,True,True
3,0.2,39062500,logistic_Q,15,0.162145850102163,0.0,0.5,0.5,True,True,True
3,0.2,39062500,logistic_Q,16,0.162145850102163,0.0,0.5,0.5,True,True,True
3,0.2,39062500,logistic_Q,17,0.162145850102163,0.0,0.5,0.5,True,True,True
3,0.2,39062500,logistic_Q,18,0.162145850102163,0.0,0.5,0.5,True,True,True
3,0.2,39062500,logistic_Q,19,0.162145850102163,0.0,0.5,0.5,True,True,True
3,0.2,39062500,logistic_Q,20,0.162145850102163,0.0,0.5,0.5,True,True,True
3,0.2,39062500,logistic_Q,21,0.162145850102163,0.0,0.5,0.5,True,True,True
3,0.2,39062500,logistic_Q,22,0.162145850102163,0.0,0.5,0.5,True,True,True
3,0.2,39062500,logistic_Q,23,0.162145850102163,0.0,0.5,0.5,True,True,True
3,0.2,39062500,logistic_Q,24,0.162145850102163,0.0,0.5,0.5,True,True,True
3,0.2,39062500,logistic_Q,25,0.162145850102163,0.0,0.5,0.5,True,True,True
3,0.2,39062500,logistic_Q,26,0.162145850102163,0.0,0.5,0.5,True,True,True
3,0.2,39062500,logistic_Q,27,0.162145850102163,0.0,0.5,0.5,True,True,True
3,0.2,39062500,logistic_Q,28,0.162145850102163,0.0,0.5,0.5,True,True,True
3,0.2,39062500,logistic_Q,29,0.162145850102163,0.0,0.5,0.5,True,True,True
3,0.2,39062500,logistic_Q,30,0.162145850102163,0.0,0.5,0.5,True,True,True
3,0.2,39062500,logistic_Q,31,0.162145850102163,0.0,0.5,0.5,True,True,True
3,0.2,39062500,logistic_Q,32,0.162145850102163,0.0,0.5,0.5,True,True,True
3,0.2,39062500,logistic_Q,33,0.162145850102163,0.0,0.5,0.5,True,True,True
3,0.2,39062500,logistic_Q,34,0.162145850102163,0.0,0.5,0.5,True,True,True
3,0.2,39062500,logistic_Q,35,0.162145850102163,0.0,0.5,0.5,True,True,True
3,0.2,39062500,logistic_Q,36,0.162145850102163,0.0,0.5,0.5,True,True,True
3,0.2,39062500,logistic_Q,37,0.162145850102163,0.0,0.5,0.5,True,True,True
3,0.2,39062500,logistic_Q,38,0.162145850102163,0.0,0.5,0.5,True,True,True
3,0.2,39062500,logistic_Q,39,0.162145850102163,0.0,0.5,0.5,True,True,True
3,0.2,39062500,logistic_Q,40,0.162145850102163,0.0,0.5,0.5,True,True,True
3,0.2,39062500,logistic_Q,41,0.162145850102163,0.0,0.5,0.5,True,True,True
3,0.2,39062500,logistic_Q,42,0.162145850102163,0.0,0.5,0.5,True,True,True
3,0.2,39062500,logistic_Q,43,0.162145850102163,0.0,0.5,0.5,True,True,True
3,0.2,39062500,logistic_Q,44,0.162145850102163,0.0,0.5,0.5,True,True,True
3,0.2,39062500,logistic_Q,45,0.162145850102163,0.0,0.5,0.5,True,True,True
3,0.2,39062500,logistic_Q,46,0.162145850102163,0.0,0.5,0.5,True,True,True
3,0.2,39062500,logistic_Q,47,0.162145850102163,0.0,0.5,0.5,True,True,True
3,0.2,39062500,logistic_Q,48,0.162145850102163,0.0,0.5,0.5,True,True,True
3,0.2,39062500,logistic_Q,49,0.162145850102163,0.0,0.5,0.5,True,True,True
3,0.2,39062500,logistic_Q,50,0.162145850102163,0.0,0.5,0.5,True,True,True
3,0.2,39062500,logistic_Q,51,0.162145850102163,0.0,0.5,0.5,True,True,True
3,0.2,39062500,logistic_Q,52,0.162145850102163,0.0,0.5,0.5,True,True,True
3,0.2,39062500,logistic_Q,53,0.162145850102163,0.0,0.5,0.5,True,True,True
3,0.2,39062500,logistic_Q,54,0.162145850102163,0.0,0.5,0.5,True,True,True
3,0.2,39062500,logistic_Q,55,0.162145850102163,0.0,0.5,0.5,True,True,True
3,0.2,39062500,logistic_Q,56,0.162145850102163,0.0,0.5,0.5,True,True,True
3,0.2,39062500,logistic_Q,57,0.162145850102163,0.0,0.5,0.5,True,True,True
3,0.2,39062500,logistic_Q,58,0.162145850102163,0.0,0.5,0.5,True,True,True
3,0.2,39062500,logistic_Q,59,0.162145850102163,0.0,0.5,0.5,True,True,True
3,0.2,39062500,logistic_Q,60,0.162145850102163,0.0,0.5,0.5,True,True,True
3,0.2,39062500,logistic_Q,61,0.162145850102163,0.0,0.5,0.5,True,True,True
3,0.2,39062500,logistic_Q,62,0.162145850102163,0.0,0.5,0.5,True,True,True
3,0.2,39062500,logistic_Q,63,0.162145850102163,0.0,0.5,0.5,True,True,True
3,0.2,39062500,logistic_Q,64,0.162145850102163,0.0,0.5,0.5,True,True,True
3,0.2,39062500,logistic_Q,65,0.162145850102163,0.0,0.5,0.5,True,True,True
3,0.2,39062500,logistic_Q,66,0.162145850102163,0.0,0.5,0.5,True,True,True
3,0.2,39062500,logistic_Q,67,0.162145850102163,0.0,0.5,0.5,True,True,True
3,0.2,39062500,logistic_Q,68,0.162145850102163,0.0,0.5,0.5,True,True,True
3,0.2,39062500,logistic_Q,69,0.162145850102163,0.0,0.5,0.5,True,True,True
3,0.2,39062500,logistic_Q,70,0.162145850102163,0.0,0.5,0.5,True,True,True
3,0.2,39062500,logistic_Q,71,0.162145850102163,0.0,0.5,0.5,True,True,True
3,0.2,39062500,logistic_Q,72,0.162145850102163,0.0,0.5,0.5,True,True,True
3,0.2,39062500,logistic_Q,73,0.162145850102163,0.0,0.5,0.5,True,True,True
3,0.2,39062500,logistic_Q,74,0.162145850102163,0.0,0.5,0.5,True,True,True
3,0.2,39062500,logistic_Q,75,0.162145850102163,0.0,0.5,0.5,True,True,True
3,0.2,39062500,logistic_Q,76,0.162145850102163,0.0,0.5,0.5,True,True,True
3,0.2,39062500,logistic_Q,77,0.162145850102163,0.0,0.5,0.5,True,True,True
3,0.2,39062500,logistic_Q,78,0.162145850102163,0.0,0.5,0.5,True,True,True
3,0.2,39062500,logistic_Q,79,0.162145850102163,0.0,0.5,0.5,True,True,True
3,0.2,39062500,logistic_Q,80,0.162145850102163,0.0,0.5,0.5,True,True,True
3,0.2,39062500,logistic_Q,81,0.162145850102163,0.0,0.5,0.5,True,True,True
3,0.2,39062500,logistic_Q,82,0.162145850102163,0.0,0.5,0.5,True,True,True
3,0.2,39062500,logistic_Q,83,0.162145850102163,0.0,0.5,0.5,True,True,True
3,0.2,39062500,logistic_Q,84,0.162145850102163,0.0,0.5,0.5,True,True,True
3,0.2,39062500,logistic_Q,85,0.162145850102163,0.0,0.5,0.5,True,True,True
3,0.2,39062500,logistic_Q,86,0.162145850102163,0.0,0.5,0.5,True,True,True
3,0.2,39062500,logistic_Q,87,0.162145850102163,0.0,0.5,0.5,True,True,True
3,0.2,39062500,logistic_Q,88,0.162145850102163,0.0,0.5,0.5,True,True,True
3,0.2,39062500,logistic_Q,89,0.162145850102163,0.0,0.5,0.5,True,True,True
3,0.2,39062500,logistic_Q,90,0.162145850102163,0.0,0.5,0.5,True,True,True
3,0.2,39062500,logistic_Q,91,0.162145850102163,0.0,0.5,0.5,True,True,True
3,0.2,39062500,logistic_Q,92,0.162145850102163,0.0,0.5,0.5,True,True,True
3,0.2,39062500,logistic_Q,93,0.162145850102163,0.0,0.5,0.5,True,True,True
3,0.2,39062500,logistic_Q,94,0.162145850102163,0.0,0.5,0.5,True,True,True
3,0.2,39062500,logistic_Q,95,0.162145850102163,0.0,0.5,0.5,True,True,True
3,0.2,39062500,logistic_Q,96,0.162145850102163,0.0,0.5,0.5,True,True,True
3,0.2,39062500,logistic_Q,97,0.162145850102163,0.0,0.5,0.5,True,True,True
3,0.2,39062500,logistic_Q,98,0.162145850102163,0.0,0.5,0.5,True,True,True
3,0.2,39062500,logistic_Q,99,0.162145850102163,0.0,0.5,0.5,True,True,True
3,0.2,39062500,logistic_Q,100,0.162145850102163,0.0,0.5,0.5,True,True,True
3,0.2,39062500,logistic_Q,101,0.162145850102163,0.0,0.5,0.5,True,True,True
3,0.2,39062500,logistic_Q,102,0.162145850102163,0.0,0.5,0.5,True,True,True
3,0.2,39062500,logistic_Q,103,0.162145850102163,0.0,0.5,0.5,True,True,True
3,0.2,39062500,logistic_Q,104,0.162145850102163,0.0,0.5,0.5,True,True,True
3,0.2,39062500,logistic_Q,105,0.162145850102163,0.0,0.5,0.5,True,True,True
3,0.2,39062500,logistic_Q,106,0.162145850102163,0.0,0.5,0.5,True,True,True
3,0.2,39062500,logistic_Q,107,0.162145850102163,0.0,0.5,0.5,True,True,True
3,0.2,39062500,logistic_Q,108,0.162145850102163,0.0,0.5,0.5,True,True,True
3,0.2,39062500,logistic_Q,109,0.162145850102163,0.0,0.5,0.5,True,True,True
3,0.2,39062500,logistic_Q,110,0.162145850102163,0.0,0.5,0.5,True,True,True
3,0.2,39062500,logistic_Q,111,0.162145850102163,0.0,0.5,0.5,True,True,True
3,0.2,39062500,logistic_Q,112,0.162145850102163,0.0,0.5,0.5,True,True,True
3,0.2,39062500,logistic_Q,113,0.162145850102163,0.0,0.5,0.5,True,True,True
3,0.2,39062500,logistic_Q,114,0.162145850102163,0.0,0.5,0.5,True,True,True
3,0.2,39062500,logistic_Q,115,0.162145850102163,0.0,0.5,0.5,True,True,True
3,0.2,39062500,logistic_Q,116,0.162145850102163,0.0,0.5,0.5,True,True,True
3,0.2,39062500,logistic_Q,117,0.162145850102163,0.0,0.5,0.5,True,True,True
3,0.2,39062500,logistic_Q,118,0.162145850102163,0.0,0.5,0.5,True,True,True
3,0.2,39062500,logistic_Q,119,0.162145850102163,0.0,0.5,0.5,True,True,True
3,0.2,39062500,logistic_Q,120,0.162145850102163,0.0,0.5,0.5,True,True,True
3,0.2,39062500,logistic_Q,121,0.162145850102163,0.0,0.5,0.5,True,True,True
3,0.2,39062500,logistic_Q,122,0.162145850102163,0.0,0.5,0.5,True,True,True
3,0.2,39062500,logistic_Q,123,0.162145850102163,0.0,0.5,0.5,True,True,True
3,0.2,39062500,logistic_Q,124,0.162145850102163,0.0,0.5,0.5,True,True,True
3,0.2,39062500,logistic_Q,125,0.162145850102163,0.0,0.5,0.5,True,True,True
3,0.2,39062500,logistic_Q,126,0.162145850102163,0.0,0.5,0.5,True,True,True
3,0.2,39062500,logistic_Q,127,0.162145850102163,0.0,0.5,0.5,True,True,True
3,0.2,39062500,logistic_Q,128,0.162145850102163,0.0,0.5,0.5,True,True,True
3,0.2,39062500,logistic_Q,129,0.162145850102163,0.0,0.5,0.5,True,True,True
3,0.2,39062500,logistic_Q,130,0.162145850102163,0.0,0.5,0.5,True,True,True
3,0.2,39062500,logistic_Q,131,0.162145850102163,0.0,0.5,0.5,True,True,True
3,0.2,39062500,logistic_Q,132,0.162145850102163,0.0,0.5,0.5,True,True,True
3,0.2,39062500,logistic_Q,133,0.162145850102163,0.0,0.5,0.5,True,True,True
3,0.2,39062500,logistic_Q,134,0.162145850102163,0.0,0.5,0.5,True,True,True
3,0.2,39062500,logistic_Q,135,0.162145850102163,0.0,0.5,0.5,True,True,True
3,0.2,39062500,logistic_Q,136,0.162145850102163,0.0,0.5,0.5,True,True,True
3,0.2,39062500,logistic_Q,137,0.162145850102163,0.0,0.5,0.5,True,True,True
3,0.2,39062500,logistic_Q,138,0.162145850102163,0.0,0.5,0.5,True,True,True
3,0.2,39062500,logistic_Q,139,0.162145850102163,0.0,0.5,0.5,True,True,True
3,0.2,39062500,logistic_Q,140,0.162145850102163,0.0,0.5,0.5,True,True,True
3,0.2,39062500,logistic_Q,141,0.162145850102163,0.0,0.5,0.5,True,True,True
3,0.2,39062500,logistic_Q,142,0.162145850102163,0.0,0.5,0.5,True,True,True
3,0.2,39062500,logistic_Q,143,0.162145850102163,0.0,0.31052475744730546,0.31052475744730546,False,True,True
3,0.2,39062500,logistic_Q,144,0.162145850102163,0.0,0.5,0.5,True,True,True
3,0.2,39062500,logistic_Q,145,0.162145850102163,0.0,0.5,0.5,True,True,True
3,0.2,39062500,logistic_Q,146,0.162145850102163,0.0,0.5,0.5,True,True,True
3,0.2,39062500,logistic_Q,147,0.162145850102163,0.0,0.5,0.5,True,True,True
3,0.2,39062500,logistic_Q,148,0.162145850102163,0.0,0.5,0.5,True,True,True
3,0.2,39062500,logistic_Q,149,0.162145850102163,0.0,0.5,0.5,True,True,True
3,0.2,39062500,logistic_Q,150,0.162145850102163,0.0,0.5,0.5,True,True,True
3,0.2,39062500,logistic_Q,151,0.162145850102163,0.0,0.5,0.5,True,True,True
3,0.2,39062500,logistic_Q,152,0.162145850102163,0.0,0.5,0.5,True,True,True
3,0.2,39062500,logistic_Q,153,0.162145850102163,0.0,0.5,0.5,True,True,True
3,0.2,39062500,logistic_Q,154,0.162145850102163,0.0,0.5,0.5,True,True,True
3,0.2,39062500,logistic_Q,155,0.162145850102163,0.0,0.5,0.5,True,True,True
3,0.2,39062500,logistic_Q,156,0.162145850102163,0.0,0.5,0.5,True,True,True
3,0.2,39062500,logistic_Q,157,0.162145850102163,0.0,0.5,0.5,True,True,True
3,0.2,39062500,logistic_Q,158,0.162145850102163,0.0,0.5,0.5,True,True,True
3,0.2,39062500,logistic_Q,159,0.162145850102163,0.0,0.5,0.5,True,True,True
3,0.2,39062500,logistic_Q,160,0.162145850102163,0.0,0.5,0.5,True,True,True
3,0.2,39062500,logistic_Q,161,0.162145850102163,0.0,0.5,0.5,True,True,True
3,0.2,39062500,logistic_Q,162,0.162145850102163,0.0,0.5,0.5,True,True,True
3,0.2,39062500,logistic_Q,163,0.162145850102163,0.0,0.5,0.5,True,True,True
3,0.2,39062500,logistic_Q,164,0.162145850102163,0.0,0.5,0.5,True,True,True
3,0.2,39062500,logistic_Q,165,0.162145850102163,0.0,0.5,0.5,True,True,True
3,0.2,39062500,logistic_Q,166,0.162145850102163,0.0,0.5,0.5,True,True,True
3,0.2,39062500,logistic_Q,167,0.162145850102163,0.0,0.5,0.5,True,True,True
3,0.2,39062500,logistic_Q,168,0.162145850102163,0.0,0.5,0.5,True,True,True
3,0.2,39062500,logistic_Q,169,0.162145850102163,0.0,0.5,0.5,True,True,True
3,0.2,39062500,logistic_Q,170,0.162145850102163,0.0,0.5,0.5,True,True,True
3,0.2,39062500,logistic_Q,171,0.162145850102163,0.0,0.5,0.5,True,True,True
3,0.2,39062500,logistic_Q,172,0.162145850102163,0.0,0.5,0.5,True,True,True
3,0.2,39062500,logistic_Q,173,0.162145850102163,0.0,0.5,0.5,True,True,True
3,0.2,39062500,logistic_Q,174,0.162145850102163,0.0,0.5,0.5,True,True,True
3,0.2,39062500,logistic_Q,175,0.162145850102163,0.0,0.5,0.5,True,True,True
3,0.2,39062500,logistic_Q,176,0.162145850102163,0.0,0.5,0.5,True,True,True
3,0.2,39062500,logistic_Q,177,0.162145850102163,0.0,0.5,0.5,True,True,True
3,0.2,39062500,logistic_Q,178,0.162145850102163,0.0,0.5,0.5,True,True,True
3,0.2,39062500,logistic_Q,179,0.162145850102163,0.0,0.5,0.5,True,True,True
3,0.2,39062500,logistic_Q,180,0.162145850102163,0.0,0.30945639667913327,0.30945639667913327,False,True,True
3,0.2,39062500,logistic_Q,181,0.162145850102163,0.0,0.5,0.5,True,True,True
3,0.2,39062500,logistic_Q,182,0.162145850102163,0.0,0.5,0.5,True,True,True
3,0.2,39062500,logistic_Q,183,0.162145850102163,0.0,0.5,0.5,True,True,True
3,0.2,39062500,logistic_Q,184,0.162145850102163,0.0,0.5,0.5,True,True,True
3,0.2,39062500,logistic_Q,185,0.162145850102163,0.0,0.5,0.5,True,True,True
3,0.2,39062500,logistic_Q,186,0.162145850102163,0.0,0.5,0.5,True,True,True
3,0.2,39062500,logistic_Q,187,0.162145850102163,0.0,0.5,0.5,True,True,True
3,0.2,39062500,logistic_Q,188,0.162145850102163,0.0,0.5,0.5,True,True,True
3,0.2,39062500,logistic_Q,189,0.162145850102163,0.0,0.5,0.5,True,True,True
3,0.2,39062500,logistic_Q,190,0.162145850102163,0.0,0.5,0.5,True,True,True
3,0.2,39062500,logistic_Q,191,0.162145850102163,0.0,0.5,0.5,True,True,True
3,0.2,39062500,logistic_Q,192,0.162145850102163,0.0,0.5,0.5,True,True,True
3,0.2,39062500,logistic_Q,193,0.162145850102163,0.0,0.5,0.5,True,True,True
3,0.2,39062500,logistic_Q,194,0.162145850102163,0.0,0.5,0.5,True,True,True
3,0.2,39062500,logistic_Q,195,0.162145850102163,0.0,0.5,0.5,True,True,True
3,0.2,39062500,logistic_Q,196,0.162145850102163,0.0,0.5,0.5,True,True,True
3,0.2,39062500,logistic_Q,197,0.162145850102163,0.0,0.5,0.5,True,True,True
3,0.2,39062500,logistic_Q,198,0.162145850102163,0.0,0.5,0.5,True,True,True
3,0.2,39062500,logistic_Q,199,0.162145850102163,0.0,0.5,0.5,True,True,True
4,0.025,655360000000000,probit_P,0,0.2,0.14601968134262444,0.1689957686166093,0.02297608727398487,False,False,True
4,0.025,655360000000000,probit_P,1,0.2,0.15195840840282626,0.17386649510832414,0.021908086705497876,False,False,True
4,0.025,655360000000000,probit_P,2,0.2,0.15019806452601858,0.17241962627017282,0.02222156174415424,False,False,True
4,0.025,655360000000000,probit_P,3,0.2,0.15445501180353455,0.17592348488000642,0.021468473076471872,False,False,True
4,0.025,655360000000000,probit_P,4,0.2,0.1525517709437429,0.17435490610764465,0.021803135163901755,False,False,True
4,0.025,655360000000000,probit_P,5,0.2,0.15023465282293175,0.17244979315864528,0.022215140335713535,False,False,True
4,0.025,655360000000000,probit_P,6,0.2,0.15368959322965042,0.1752921601013095,0.021602566871659068,False,False,True
4,0.025,655360000000000,probit_P,7,0.2,0.14681193403505105,0.16964381364251357,0.022831879607462524,False,False,True
4,0.025,655360000000000,probit_P,8,0.2,0.14927029584001805,0.1716582599763508,0.02238796413633276,False,False,True
4,0.025,655360000000000,probit_P,9,0.2,0.15024951779063683,0.1724618071545756,0.022212289363938764,False,False,True
4,0.025,655360000000000,probit_P,10,0.2,0.1462838420749727,0.16921175155774243,0.022927909482769737,False,False,True
4,0.025,655360000000000,probit_P,11,0.2,0.15246984294270022,0.1742874096515361,0.02181756670883589,False,False,True
4,0.025,655360000000000,probit_P,12,0.2,0.146408624038445,0.16931426276077344,0.022905638722328425,False,False,True
4,0.025,655360000000000,probit_P,13,0.2,0.1504326391819364,0.17261237196954204,0.022179732787605655,False,False,True
4,0.025,655360000000000,probit_P,14,0.2,0.15103206548068382,0.1731049180061685,0.022072852525484687,False,False,True
4,0.025,655360000000000,probit_P,15,0.2,0.14923910814156388,0.17163260770513544,0.02239349956357156,False,False,True
4,0.025,655360000000000,probit_P,16,0.2,0.1528391984481816,0.17459170841497457,0.021752509966792954,False,False,True
4,0.025,655360000000000,probit_P,17,0.2,0.15156144037837105,0.173540118416236,0.021978678037864963,False,False,True
4,0.025,655360000000000,probit_P,18,0.2,0.14839461478138305,0.170940066557693,0.022545451776309955,False,False,True
4,0.025,655360000000000,probit_P,19,0.2,0.14873493518972525,0.1712191674450737,0.022484232255348457,False,False,True
4,0.025,655360000000000,probit_P,20,0.2,0.15009342707039192,0.17233380698544548,0.022240379915053565,False,False,True
4,0.025,655360000000000,probit_P,21,0.2,0.1495751369313536,0.17190815003211607,0.022333013100762467,False,False,True
4,0.025,655360000000000,probit_P,22,0.2,0.1507160491558328,0.17284513495774462,0.022129085801911808,False,False,True
4,0.025,655360000000000,probit_P,23,0.2,0.15410069041419555,0.17563100358316142,0.021530313168965864,False,False,True
4,0.025,655360000000000,probit_P,24,0.2,0.14685834514837715,0.16968199451697924,0.022823649368602095,False,False,True
4,0.025,655360000000000,probit_P,25,0.2,0.15027808038749002,0.17248554461867477,0.022207464231184748,False,False,True
4,0.025,655360000000000,probit_P,26,0.2,0.1552826753182035,0.17660653709798896,0.021323861779785458,False,False,True
4,0.025,655360000000000,probit_P,27,0.2,0.15190668670616525,0.1738242816274927,0.021917594921327443,False,False,True
4,0.025,655360000000000,probit_P,28,0.2,0.14961790259103913,0.17194339091253175,0.022325488321492615,False,False,True
4,0.025,655360000000000,probit_P,29,0.2,0.1503821255527658,0.1725706837175372,0.022188558164771388,False,False,True
4,0.025,655360000000000,probit_P,30,0.2,0.1477426432369332,0.1704060210462272,0.022663377809294005,False,False,True
4,0.025,655360000000000,probit_P,31,0.2,0.1497147750033847,0.17202273894172376,0.02230796393833906,False,False,True
4,0.025,655360000000000,probit_P,32,0.2,0.15004906445123123,0.17229731010479837,0.022248245653567145,False,False,True
4,0.025,655360000000000,probit_P,33,0.2,0.1458824106065872,0.16888381419914905,0.023001403592561864,False,False,True
4,0.025,655360000000000,probit_P,34,0.2,0.14665131109305174,0.16951261304165993,0.022861301948608193,False,False,True
4,0.025,655360000000000,probit_P,35,0.2,0.14745046742266138,0.17016659474579188,0.022716127323130497,False,False,True
4,0.025,655360000000000,probit_P,36,0.2,0.14761760327826873,0.17030356114286777,0.022685957864599038,False,False,True
4,0.025,655360000000000,probit_P,37,0.2,0.14848198489158349,0.17101154978831168,0.022529564896728194,False,False,True
4,0.025,655360000000000,probit_P,38,0.2,0.15086423159508006,0.1729669295219829,0.022102697926902837,False,False,True
4,0.025,655360000000000,probit_P,39,0.2,0.15004304047885225,0.1722924534070318,0.022249412928179557,False,False,True
4,0.025,655360000000000,probit_P,40,0.2,0.15617171402342572,0.17734066480041932,0.0211689507769936,False,False,True
4,0.025,655360000000000,probit_P,41,0.2,0.15019583453068325,0.17241777430325617,0.02222193977257292,False,False,True
4,0.025,655360000000000,probit_P,42,0.2,0.1498758087748987,0.1721551416829249,0.022279332908026195,False,False,True
4,0.025,655360000000000,probit_P,43,0.2,0.15004442962047315,0.17229369594530147,0.02224926632482832,False,False,True
4,0.025,655360000000000,probit_P,44,0.2,0.14952249211951485,0.17186501157285794,0.02234251945334309,False,False,True
4,0.025,655360000000000,probit_P,45,0.2,0.1480392339141442,0.17064898507257198,0.022609751158427782,False,False,True
4,0.025,655360000000000,probit_P,46,0.2,0.1477374160335937,0.17040170317843412,0.022664287144840423,False,False,True
4,0.025,655360000000000,probit_P,47,0.2,0.1465156384599885,0.16940135257373456,0.02288571411374607,False,False,True
4,0.025,655360000000000,probit_P,48,0.2,0.14705823859228617,0.16984544958593273,0.022787210993646556,False,False,True
4,0.025,655360000000000,probit_P,49,0.2,0.1508882234946033,0.17298653717792917,0.022098313683325876,False,False,True
4,0.025,655360000000000,probit_P,50,0.2,0.15252030511561226,0.1743292830851354,0.021808977969523136,False,False,True
4,0.025,655360000000000,probit_P,51,0.2,0.15109907861822408,0.17315999894701095,0.02206092032878687,False,False,True
4,0.025,655360000000000,probit_P,52,0.2,0.15106852975060558,0.17313485252387234,0.022066322773266756,False,False,True
4,0.025,655360000000000,probit_P,53,0.2,0.14916770382481642,0.17157414461170706,0.022406440786890636,False,False,True
4,0.025,655360000000000,probit_P,54,0.2,0.15138357404841013,0.17339390850474423,0.022010334456334102,False,False,True
4,0.025,655360000000000,probit_P,55,0.2,0.1472416084853297,0.16999544443781955,0.022753835952489865,False,False,True
4,0.025,655360000000000,probit_P,56,0.2,0.14806210422365557,0.17066762384693113,0.02260551962327556,False,False,True
4,0.025,655360000000000,probit_P,57,0.2,0.15084331449437055,0.17294980473227262,0.022106490237902066,False,False,True
4,0.025,655360000000000,probit_P,58,0.2,0.1476633043671724,0.17034088095965072,0.02267757659247832,False,False,True
4,0.025,655360000000000,probit_P,59,0.2,0.15263775748007258,0.17442571218375214,0.021787954703679557,False,False,True
4,0.025,655360000000000,probit_P,60,0.2,0.14998288034548835,0.17224311527247416,0.02226023492698581,False,False,True
4,0.025,655360000000000,probit_P,61,0.2,0.14657156093190665,0.16944720111460632,0.022875640182699664,False,False,True
4,0.025,655360000000000,probit_P,62,0.2,0.14995409510083646,0.17221929460278346,0.022265199501946997,False,False,True
4,0.025,655360000000000,probit_P,63,0.2,0.1523940339493341,0.17422493585815496,0.021830901908820866,False,False,True
4,0.025,655360000000000,probit_P,64,0.2,0.14797134167795328,0.1705932867322929,0.02262194505433962,False,False,True
4,0.025,655360000000000,probit_P,65,0.2,0.1468987792119949,0.1697149641535271,0.022816184941532203,False,False,True
4,0.025,655360000000000,probit_P,66,0.2,0.15290933753320068,0.17464951507739035,0.021740177544189665,False,False,True
4,0.025,655360000000000,probit_P,67,0.2,0.14994984240835946,0.1722160750385231,0.02226623263016364,False,False,True
4,0.025,655360000000000,probit_P,68,0.2,0.15131363346678217,0.17333613174935336,0.02202249828257119,False,False,True
4,0.025,655360000000000,probit_P,69,0.2,0.14915837268780002,0.17156622922599934,0.022407856538199322,False,False,True
4,0.025,655360000000000,probit_P,70,0.2,0.14917046400274925,0.17157640134168434,0.02240593733893509,False,False,True
4,0.025,655360000000000,probit_P,71,0.2,0.1512198295150387,0.1732592575983708,0.02203942808333209,False,False,True
4,0.025,655360000000000,probit_P,72,0.2,0.15030483658595922,0.1725073021967763,0.022202465610817068,False,False,True
4,0.025,655360000000000,probit_P,73,0.2,0.1499095305623493,0.17218276609221123,0.022273235529861934,False,False,True
4,0.025,655360000000000,probit_P,74,0.2,0.1484799065885652,0.1710099208730056,0.022530014284440403,False,False,True
4,0.025,655360000000000,probit_P,75,0.2,0.1482826419045905,0.17084833363474794,0.022565691730157433,False,False,True
4,0.025,655360000000000,probit_P,76,0.2,0.14595048671070682,0.16893929950686998,0.02298881279616316,False,False,True
4,0.025,655360000000000,probit_P,77,0.2,0.14449743517682734,0.16775241986916778,0.02325498469234044,False,False,True
4,0.025,655360000000000,probit_P,78,0.2,0.14889731301631998,0.17135231669352385,0.022455003677203877,False,False,True
4,0.025,655360000000000,probit_P,79,0.2,0.14913288988792145,0.17154534531706228,0.022412455429140832,False,False,True
4,0.025,655360000000000,probit_P,80,0.2,0.15006512549222983,0.17231032742349123,0.022245201931261394,False,False,True
4,0.025,655360000000000,probit_P,81,0.2,0.14594726414865006,0.16893670318395487,0.022989439035304815,False,False,True
4,0.025,655360000000000,probit_P,82,0.2,0.14952584489110543,0.1718677106153918,0.02234186572428637,False,False,True
4,0.025,655360000000000,probit_P,83,0.2,0.15207686729486225,0.17396439895120253,0.021887531656340276,False,False,True
4,0.025,655360000000000,probit_P,84,0.2,0.1485263402317275,0.1710480431910224,0.022521702959294898,False,False,True
4,0.025,655360000000000,probit_P,85,0.2,0.15011758729370428,0.17235346913251703,0.022235881838812754,False,False,True
4,0.025,655360000000000,probit_P,86,0.2,0.14886229830268866,0.17132356106608038,0.02246126276339172,False,False,True
4,0.025,655360000000000,probit_P,87,0.2,0.15334512814995171,0.17500827433941513,0.02166314618946341,False,False,True
4,0.025,655360000000000,probit_P,88,0.2,0.1516139569930437,0.17358320650544884,0.021969249512405142,False,False,True
4,0.025,655360000000000,probit_P,89,0.2,0.14622816640110547,0.16916638162310127,0.022938215221995795,False,False,True
4,0.025,655360000000000,probit_P,90,0.2,0.14979551031570415,0.17208901885778816,0.022293508542084006,False,False,True
4,0.025,655360000000000,probit_P,91,0.2,0.1514510097051185,0.1734491070554729,0.021998097350354406,False,False,True
4,0.025,655360000000000,probit_P,92,0.2,0.15054895534743207,0.1727077964224768,0.022158841075044733,False,False,True
4,0.025,655360000000000,probit_P,93,0.2,0.14952423479643656,0.1718665832923748,0.022342348495938247,False,False,True
4,0.025,655360000000000,probit_P,94,0.2,0.14933249992950443,0.17170925782121288,0.022376757891708454,False,False,True
4,0.025,655360000000000,probit_P,95,0.2,0.152567332473379,0.17436786645954394,0.02180053398616494,False,False,True
4,0.025,655360000000000,probit_P,96,0.2,0.1500106067915029,0.1722656693746656,0.022255062583162677,False,False,True
4,0.025,655360000000000,probit_P,97,0.2,0.1543208828032741,0.17581273340055703,0.021491850597282924,False,False,True
4,0.025,655360000000000,probit_P,98,0.2,0.1500399382739273,0.17228994920446583,0.022250010930538522,False,False,True
4,0.025,655360000000000,probit_P,99,0.2,0.1477820418895412,0.1704382008988341,0.02265615900929291,False,False,True
4,0.025,655360000000000,probit_P,100,0.2,0.1490109485550022,0.17144529382887613,0.022434345273873946,False,False,True
4,0.025,655360000000000,probit_P,101,0.2,0.15059146789735978,0.17274271149453824,0.02215124359717846,False,False,True
4,0.025,655360000000000,probit_P,102,0.2,0.15246141954356857,0.17428067791758284,0.021819258374014272,False,False,True
4,0.025,655360000000000,probit_P,103,0.2,0.14955860356845552,0.17189454890963202,0.0223359453411765,False,False,True
4,0.025,655360000000000,probit_P,104,0.2,0.15096115614068945,0.17304661968645163,0.022085463545762185,False,False,True
4,0.025,655360000000000,probit_P,105,0.2,0.1461799937336934,0.1691270122044473,0.02294701847075392,False,False,True
4,0.025,655360000000000,probit_P,106,0.2,0.14895636476108165,0.17140058169486838,0.02244421693378673,False,False,True
4,0.025,655360000000000,probit_P,107,0.2,0.15304599000758157,0.17476189485077892,0.021715904843197353,False,False,True
4,0.025,655360000000000,probit_P,108,0.2,0.1473536302744619,0.17008735179061313,0.022733721516151217,False,False,True
4,0.025,655360000000000,probit_P,109,0.2,0.14527785415004052,0.16838946050070858,0.023111606350668057,False,False,True
4,0.025,655360000000000,probit_P,110,0.2,0.15059770735995526,0.17274796429323896,0.022150256933283707,False,False,True
4,0.025,655360000000000,probit_P,111,0.2,0.1524356789271365,0.17425932360606716,0.021823644678930665,False,False,True
4,0.025,655360000000000,probit_P,112,0.2,0.14875413358485196,0.17123468762453103,0.02248055403967908,False,False,True
4,0.025,655360000000000,probit_P,113,0.2,0.15015460471780773,0.17238402880662324,0.022229424088815508,False,False,True
4,0.025,655360000000000,probit_P,114,0.2,0.1489084666358111,0.1713612648587619,0.02245279822295082,False,False,True
4,0.025,655360000000000,probit_P,115,0.2,0.14644887021781905,0.16934677927167197,0.022897909053852916,False,False,True
4,0.025,655360000000000,probit_P,116,0.2,0.15195703615749617,0.17386556563545386,0.021908529477957683,False,False,True
4,0.025,655360000000000,probit_P,117,0.2,0.15236179594054716,0.17419853515715478,0.021836739216607615,False,False,True
4,0.025,655360000000000,probit_P,118,0.2,0.14853324187386752,0.17105369855289598,0.022520456679028467,False,False,True
4,0.025,655360000000000,probit_P,119,0.2,0.15238196811418064,0.1742150973044031,0.021833129190222456,False,False,True
4,0.025,655360000000000,probit_P,120,0.2,0.14949936012842918,0.1718460519686701,0.022346691840240906,False,False,True
4,0.025,655360000000000,probit_P,121,0.2,0.151893404328087,0.1738131524385782,0.02191974811049119,False,False,True
4,0.025,655360000000000,probit_P,122,0.2,0.15189889526894035,0.17381763652581067,0.021918741256870322,False,False,True
4,0.025,655360000000000,probit_P,123,0.2,0.15144179465945412,0.17344175507316528,0.02199996041371116,False,False,True
4,0.025,655360000000000,probit_P,124,0.2,0.15144469573512281,0.17344410312557673,0.021999407390453918,False,False,True
4,0.025,655360000000000,probit_P,125,0.2,0.15211282914814872,0.17399353331845574,0.02188070417030702,False,False,True
4,0.025,655360000000000,probit_P,126,0.2,0.1503916504047767,0.17257856564444501,0.022186915239668314,False,False,True
4,0.025,655360000000000,probit_P,127,0.2,0.1506308636737662,0.17277498347312054,0.022144119799354323,False,False,True
4,0.025,655360000000000,probit_P,128,0.2,0.15192994739122795,0.17384328240305702,0.02191333501182907,False,False,True
4,0.025,655360000000000,probit_P,129,0.2,0.15028600858575397,0.17249195308926085,0.02220594450350688,False,False,True
4,0.025,655360000000000,probit_P,130,0.2,0.1500848576463541,0.17232668207174762,0.02224182442539352,False,False,True
4,0.025,655360000000000,probit_P,131,0.2,0.1495943642465642,0.17192390691180565,0.022329542665241453,False,False,True
4,0.025,655360000000000,probit_P,132,0.2,0.14906995421713132,0.17149351957694975,0.02242356535981843,False,False,True
4,0.025,655360000000000,probit_P,133,0.2,0.15266069387558662,0.1744446146131174,0.02178392073753077,False,False,True
4,0.025,655360000000000,probit_P,134,0.2,0.14811079209503847,0.1707074448373106,0.022596652742272128,False,False,True
4,0.025,655360000000000,probit_P,135,0.2,0.15356920947509917,0.1751931192967583,0.021623909821659126,False,False,True
4,0.025,655360000000000,probit_P,136,0.2,0.14846949115814378,0.17100142184763056,0.02253193068948678,False,False,True
4,0.025,655360000000000,probit_P,137,0.2,0.14705791658009126,0.16984518995424452,0.02278727337415326,False,False,True
4,0.025,655360000000000,probit_P,138,0.2,0.14939988615304123,0.17176459295983448,0.022364706806793255,False,False,True
4,0.025,655360000000000,probit_P,139,0.2,0.1499784756330294,0.1722392575787977,0.022260781945768304,False,False,True
4,0.025,655360000000000,probit_P,140,0.2,0.14551202630449572,0.16858090672800513,0.023068880423509408,False,False,True
4,0.025,655360000000000,probit_P,141,0.2,0.1491817015384445,0.17158558946374225,0.02240388792529774,False,False,True
4,0.025,655360000000000,probit_P,142,0.2,0.1490030748010609,0.17143893492424234,0.02243586012318144,False,False,True
4,0.025,655360000000000,probit_P,143,0.2,0.14974741844239248,0.17204953438636073,0.022302115943968248,False,False,True
4,0.025,655360000000000,probit_P,144,0.2,0.14798890903376022,0.17060753934580752,0.022618630312047305,False,False,True
4,0.025,655360000000000,probit_P,145,0.2,0.1537911601511811,0.17537584791899435,0.02158468776781325,False,False,True
4,0.025,655360000000000,probit_P,146,0.2,0.1466374239114634,0.16950122099494247,0.022863797083479076,False,False,True
4,0.025,655360000000000,probit_P,147,0.2,0.1448240197722232,0.168018901465406,0.02319488169318279,False,False,True
4,0.025,655360000000000,probit_P,148,0.2,0.15249420877961944,0.1743074829696205,0.021813274190001064,False,False,True
4,0.025,655360000000000,probit_P,149,0.2,0.15142613343185213,0.1734289712160103,0.02200283778415818,False,False,True
4,0.025,655360000000000,probit_P,150,0.2,0.1501604985198569,0.17238873092573181,0.022228232405874904,False,False,True
4,0.025,655360000000000,probit_P,151,0.2,0.14413706448581137,0.16745817605188756,0.02332111156607619,False,False,True
4,0.025,655360000000000,probit_P,152,0.2,0.15287615519407666,0.1746220498862585,0.021745894692181855,False,False,True
4,0.025,655360000000000,probit_P,153,0.2,0.1467801426515119,0.1696180667214388,0.022837924069926907,False,False,True
4,0.025,655360000000000,probit_P,154,0.2,0.1542879435961475,0.17578566905991277,0.02149772546376527,False,False,True
4,0.025,655360000000000,probit_P,155,0.2,0.14979886198303183,0.17209199592654978,0.02229313394351795,False,False,True
4,0.025,655360000000000,probit_P,156,0.2,0.14900121390261056,0.17143739297850535,0.02243617907589479,False,False,True
4,0.025,655360000000000,probit_P,157,0.2,0.14561570574724964,0.16866587470653632,0.023050168959286688,False,False,True
4,0.025,655360000000000,probit_P,158,0.2,0.1456615909589905,0.16870315012135462,0.02304155916236411,False,False,True
4,0.025,655360000000000,probit_P,159,0.2,0.14982429941256653,0.17211269635766735,0.02228839694510082,False,False,True
4,0.025,655360000000000,probit_P,160,0.2,0.1496075795197115,0.17193481414298695,0.02232723462327546,False,False,True
4,0.025,655360000000000,probit_P,161,0.2,0.15041008873524264,0.17259371689807462,0.02218362816283198,False,False,True
4,0.025,655360000000000,probit_P,162,0.2,0.14935938784156594,0.17173137379251813,0.02237198595095219,False,False,True
4,0.025,655360000000000,probit_P,163,0.2,0.14650875579882622,0.1693957470620469,0.02288699126322069,False,False,True
4,0.025,655360000000000,probit_P,164,0.2,0.15149321755600537,0.17348406755375362,0.021990849997748252,False,False,True
4,0.025,655360000000000,probit_P,165,0.2,0.14784293580023306,0.17048796226289298,0.022645026462659923,False,False,True
4,0.025,655360000000000,probit_P,166,0.2,0.14531312776223043,0.16841855980036957,0.02310543203813914,False,False,True
4,0.025,655360000000000,probit_P,167,0.2,0.15339068290980107,0.17504586513206472,0.021655182222263647,False,False,True
4,0.025,655360000000000,probit_P,168,0.2,0.1484465318052936,0.1709827802150265,0.022536248409732895,False,False,True
4,0.025,655360000000000,probit_P,169,0.2,0.150897226790692,0.17299413271101838,0.02209690592032637,False,False,True
4,0.025,655360000000000,probit_P,170,0.2,0.15025355354223402,0.17246521449286895,0.022211660950634926,False,False,True
4,0.025,655360000000000,probit_P,171,0.2,0.146360772830546,0.1692748691078006,0.022914096277254603,False,False,True
4,0.025,655360000000000,probit_P,172,0.2,0.14861532644673098,0.17112092474696938,0.022505598300238405,False,False,True
4,0.025,655360000000000,probit_P,173,0.2,0.1491155781337531,0.17153135916598133,0.022415781032228244,False,False,True
4,0.025,655360000000000,probit_P,174,0.2,0.14928832261679448,0.17167312359488895,0.022384800978094477,False,False,True
4,0.025,655360000000000,probit_P,175,0.2,0.15110851311531026,0.17316757904992974,0.02205906593461948,False,False,True
4,0.025,655360000000000,probit_P,176,0.2,0.1500247219746314,0.172277247852973,0.02225252587834159,False,False,True
4,0.025,655360000000000,probit_P,177,0.2,0.1518554163636629,0.17378181456699465,0.021926398203331754,False,False,True
4,0.025,655360000000000,probit_P,178,0.2,0.14657389346086247,0.16944912989938787,0.022875236438525404,False,False,True
4,0.025,655360000000000,probit_P,179,0.2,0.14913476532451103,0.17154698451147515,0.022412219186964122,False,False,True
4,0.025,655360000000000,probit_P,180,0.2,0.15151834021076294,0.17350468072238767,0.021986340511624736,False,False,True
4,0.025,655360000000000,probit_P,181,0.2,0.14856383997138145,0.17107879293094336,0.022514952959561907,False,False,True
4,0.025,655360000000000,probit_P,182,0.2,0.14932524658107138,0.1717032708015253,0.02237802422045393,False,False,True
4,0.025,655360000000000,probit_P,183,0.2,0.1475861500128396,0.17027770997057307,0.022691559957733476,False,False,True
4,0.025,655360000000000,probit_P,184,0.2,0.15064034331840737,0.17278299258487512,0.02214264926646775,False,False,True
4,0.025,655360000000000,probit_P,185,0.2,0.14481132440607297,0.16800868336303237,0.023197358956959402,False,False,True
4,0.025,655360000000000,probit_P,186,0.2,0.15103772366867496,0.17310939131132042,0.022071667642645454,False,False,True
4,0.025,655360000000000,probit_P,187,0.2,0.14890849739611794,0.17136150028628622,0.022453002890168272,False,False,True
4,0.025,655360000000000,probit_P,188,0.2,0.15038670427630013,0.17257463829584607,0.02218793401954594,False,False,True
4,0.025,655360000000000,probit_P,189,0.2,0.15033980442561562,0.17253606191472282,0.022196257489107196,False,False,True
4,0.025,655360000000000,probit_P,190,0.2,0.1488297997329971,0.17129671568294585,0.022466915949948763,False,False,True
4,0.025,655360000000000,probit_P,191,0.2,0.1468619398537253,0.16968483652811073,0.022822896674385418,False,False,True
4,0.025,655360000000000,probit_P,192,0.2,0.1494218887222199,0.1717826094569665,0.022360720734746597,False,False,True
4,0.025,655360000000000,probit_P,193,0.2,0.1489326330977982,0.17138128152345306,0.02244864842565486,False,False,True
4,0.025,655360000000000,probit_P,194,0.2,0.14966691090412043,0.17198341270440787,0.022316501800287436,False,False,True
4,0.025,655360000000000,probit_P,195,0.2,0.1492969398894522,0.17168011450833026,0.022383174618878066,False,False,True
4,0.025,655360000000000,probit_P,196,0.2,0.14942106645044412,0.17178176765814007,0.022360701207695954,False,False,True
4,0.025,655360000000000,probit_P,197,0.2,0.15178236199024403,0.17372185727480516,0.021939495284561128,False,False,True
4,0.025,655360000000000,probit_P,198,0.2,0.15414512283126286,0.17566778928621762,0.021522666454954764,False,False,True
4,0.025,655360000000000,probit_P,199,0.2,0.14545139032823495,0.16853143945936344,0.02308004913112849,False,False,True
4,0.025,655360000000000,logistic_Q,0,0.161509090766791,0.15355620873075448,0.1751824019664272,0.02162619323567272,False,True,True
4,0.025,655360000000000,logistic_Q,1,0.161509090766791,0.1474003846320051,0.17012554964688692,0.02272516501488181,False,True,True
4,0.025,655360000000000,logistic_Q,2,0.161509090766791,0.1485361400048431,0.17105600730191356,0.02251986729707045,False,True,True
4,0.025,655360000000000,logistic_Q,3,0.161509090766791,0.14802105609845728,0.17063385980064555,0.022612803702188267,False,True,True
4,0.025,655360000000000,logistic_Q,4,0.161509090766791,0.1473526891731033,0.17008649916085322,0.02273380998774993,False,True,True
4,0.025,655360000000000,logistic_Q,5,0.161509090766791,0.151285676737626,0.17331335479946136,0.022027678061835365,False,True,True
4,0.025,655360000000000,logistic_Q,6,0.161509090766791,0.15190076363617339,0.1738191173794304,0.021918353743257013,False,True,True
4,0.025,655360000000000,logistic_Q,7,0.161509090766791,0.15028172049216104,0.17248817424145285,0.02220645374929181,False,True,True
4,0.025,655360000000000,logistic_Q,8,0.161509090766791,0.14935503651902104,0.17172774738092184,0.02237271086190079,False,True,True
4,0.025,655360000000000,logistic_Q,9,0.161509090766791,0.14756300750770074,0.17025869260275706,0.022695685095056317,False,True,True
4,0.025,655360000000000,logistic_Q,10,0.161509090766791,0.1515975422497125,0.17356982688178585,0.021972284632073347,False,True,True
4,0.025,655360000000000,logistic_Q,11,0.161509090766791,0.1511357404441161,0.1731902179657161,0.022054477521600002,False,True,True
4,0.025,655360000000000,logistic_Q,12,0.161509090766791,0.1545112177197261,0.175969705435363,0.02145848771563691,False,True,True
4,0.025,655360000000000,logistic_Q,13,0.161509090766791,0.14830300267704427,0.17086496617821562,0.022561963501171345,False,True,True
4,0.025,655360000000000,logistic_Q,14,0.161509090766791,0.1505534055908529,0.1727116208136371,0.022158215222784217,False,True,True
4,0.025,655360000000000,logistic_Q,15,0.161509090766791,0.14671063740219248,0.16956099185371226,0.022850354451519783,False,True,True
4,0.025,655360000000000,logistic_Q,16,0.161509090766791,0.15253744488548437,0.1743429980658348,0.021805553180350434,False,True,True
4,0.025,655360000000000,logistic_Q,17,0.161509090766791,0.1520994841439416,0.17398274455501073,0.02188326041106914,False,True,True
4,0.025,655360000000000,logistic_Q,18,0.161509090766791,0.14961319167121012,0.1719394717117672,0.02232628004055709,False,True,True
4,0.025,655360000000000,logistic_Q,19,0.161509090766791,0.14873038296567814,0.1712152853272501,0.022484902361571968,False,True,True
4,0.025,655360000000000,logistic_Q,20,0.161509090766791,0.14988844822193403,0.17216550802701402,0.02227705980507999,False,True,True
4,0.025,655360000000000,logistic_Q,21,0.161509090766791,0.14814360353110756,0.17073451786101568,0.02259091432990812,False,True,True
4,0.025,655360000000000,logistic_Q,22,0.161509090766791,0.1469344358631403,0.16974419972594823,0.02280976386280792,False,True,True
4,0.025,655360000000000,logistic_Q,23,0.161509090766791,0.14718746165871138,0.16995133107615035,0.022763869417438964,False,True,True
4,0.025,655360000000000,logistic_Q,24,0.161509090766791,0.15547821746900292,0.17676783314435374,0.021289615675350815,False,True,True
4,0.025,655360000000000,logistic_Q,25,0.161509090766791,0.1491044301034023,0.17152191877251666,0.02241748866911436,False,True,True
4,0.025,655360000000000,logistic_Q,26,0.161509090766791,0.1504782786110067,0.1726497605068798,0.02217148189587309,False,True,True
4,0.025,655360000000000,logistic_Q,27,0.161509090766791,0.1485524419061579,0.17106951245850965,0.022517070552351748,False,True,True
4,0.025,655360000000000,logistic_Q,28,0.161509090766791,0.14864728420987067,0.17114724576095292,0.022499961551082248,False,True,True
4,0.025,655360000000000,logistic_Q,29,0.161509090766791,0.15134174164146308,0.1733595005579434,0.022017758916480334,False,True,True
4,0.025,655360000000000,logistic_Q,30,0.161509090766791,0.15007161648445194,0.17231593900704256,0.02224432252259062,False,True,True
4,0.025,655360000000000,logistic_Q,31,0.161509090766791,0.1476877587325141,0.17036078154203033,0.02267302280951622,False,True,True
4,0.025,655360000000000,logistic_Q,32,0.161509090766791,0.1523308188386186,0.17417298133474185,0.021842162496123252,False,True,True
4,0.025,655360000000000,logistic_Q,33,0.161509090766791,0.14502960017617655,0.1681869076269759,0.023157307450799358,False,True,True
4,0.025,655360000000000,logistic_Q,34,0.161509090766791,0.14543099161772288,0.16851482482090685,0.023083833203183968,False,True,True
4,0.025,655360000000000,logistic_Q,35,0.161509090766791,0.1505208881831388,0.17268493609263297,0.022164047909494167,False,True,True
4,0.025,655360000000000,logistic_Q,36,0.161509090766791,0.15088273991916434,0.17298208100553342,0.022099341086369073,False,True,True
4,0.025,655360000000000,logistic_Q,37,0.161509090766791,0.15280135994237576,0.17456037022446869,0.021759010282092928,False,True,True
4,0.025,655360000000000,logistic_Q,38,0.161509090766791,0.14824621039987962,0.17081861670194598,0.02257240630206636,False,True,True
4,0.025,655360000000000,logistic_Q,39,0.161509090766791,0.1477363560581274,0.17040077871278492,0.022664422654657512,False,True,True
4,0.025,655360000000000,logistic_Q,40,0.161509090766791,0.15381490559576116,0.1753955960475036,0.021580690451742435,False,True,True
4,0.025,655360000000000,logistic_Q,41,0.161509090766791,0.15003942106494794,0.17228937155988677,0.02224995049493883,False,True,True
4,0.025,655360000000000,logistic_Q,42,0.161509090766791,0.15344063183584633,0.1750870381610441,0.021646406325197765,False,True,True
4,0.025,655360000000000,logistic_Q,43,0.161509090766791,0.1488788466672334,0.1713370654879438,0.02245821882071042,False,True,True
4,0.025,655360000000000,logistic_Q,44,0.161509090766791,0.150015129503769,0.17226949083695808,0.022254361333189088,False,True,True
4,0.025,655360000000000,logistic_Q,45,0.161509090766791,0.15118115245984243,0.17322752241823053,0.0220463699583881,False,True,True
4,0.025,655360000000000,logistic_Q,46,0.161509090766791,0.14943508324667643,0.17179325967373932,0.022358176427062892,False,True,True
4,0.025,655360000000000,logistic_Q,47,0.161509090766791,0.1509376458482079,0.1730274021434941,0.0220897562952862,False,True,True
4,0.025,655360000000000,logistic_Q,48,0.161509090766791,0.14775654083412737,0.17041699722358594,0.022660456389458572,False,True,True
4,0.025,655360000000000,logistic_Q,49,0.161509090766791,0.1491292528929628,0.17154220971319367,0.022412956820230867,False,True,True
4,0.025,655360000000000,logistic_Q,50,0.161509090766791,0.14748720595120496,0.17019675196996797,0.022709546018763016,False,True,True
4,0.025,655360000000000,logistic_Q,51,0.161509090766791,0.1508919651745056,0.17298961380761146,0.02209764863310587,False,True,True
4,0.025,655360000000000,logistic_Q,52,0.161509090766791,0.15077001558864422,0.17288954431584552,0.0221195287272013,False,True,True
4,0.025,655360000000000,logistic_Q,53,0.161509090766791,0.14779255997996665,0.1704467696423841,0.022654209662417435,False,True,True
4,0.025,655360000000000,logistic_Q,54,0.161509090766791,0.14894362978241998,0.17139007316496918,0.022446443382549197,False,True,True
4,0.025,655360000000000,logistic_Q,55,0.161509090766791,0.1483599318074823,0.17091162148852068,0.022551689681038378,False,True,True
4,0.025,655360000000000,logistic_Q,56,0.161509090766791,0.14854610970623788,0.17106425994583985,0.022518150239601964,False,True,True
4,0.025,655360000000000,logistic_Q,57,0.161509090766791,0.14841934528476397,0.1709603658088168,0.022541020524052824,False,True,True
4,0.025,655360000000000,logistic_Q,58,0.161509090766791,0.15197086876663146,0.17387682336566262,0.021905954599031163,False,True,True
4,0.025,655360000000000,logistic_Q,59,0.161509090766791,0.15069651468109663,0.17282908764993588,0.022132572968839248,False,True,True
4,0.025,655360000000000,logistic_Q,60,0.161509090766791,0.14846201917775698,0.17099540211961506,0.022533382941858082,False,True,True
4,0.025,655360000000000,logistic_Q,61,0.161509090766791,0.15233543476320016,0.17417681424390336,0.021841379480703194,False,True,True
4,0.025,655360000000000,logistic_Q,62,0.161509090766791,0.14983893541330806,0.17212462321502764,0.022285687801719578,False,True,True
4,0.025,655360000000000,logistic_Q,63,0.161509090766791,0.1534040137364735,0.17505699381792172,0.021652980081448225,False,True,True
4,0.025,655360000000000,logistic_Q,64,0.161509090766791,0.14977884983758888,0.17207535720612505,0.022296507368536167,False,True,True
4,0.025,655360000000000,logistic_Q,65,0.161509090766791,0.14779477396635105,0.17044841881372697,0.02265364484737592,False,True,True
4,0.025,655360000000000,logistic_Q,66,0.161509090766791,0.14892045631106476,0.17137122001101535,0.022450763699950582,False,True,True
4,0.025,655360000000000,logistic_Q,67,0.161509090766791,0.1487433311691964,0.17122588180414539,0.022482550634948972,False,True,True
4,0.025,655360000000000,logistic_Q,68,0.161509090766791,0.1491183415781286,0.1715336331636173,0.022415291585488717,False,True,True
4,0.025,655360000000000,logistic_Q,69,0.161509090766791,0.14794182468499828,0.17056905976760844,0.022627235082610164,False,True,True
4,0.025,655360000000000,logistic_Q,70,0.161509090766791,0.1526736218639707,0.1744552867621456,0.0217816648981749,False,True,True
4,0.025,655360000000000,logistic_Q,71,0.161509090766791,0.15142749474248535,0.17342989968527617,0.02200240494279082,False,True,True
4,0.025,655360000000000,logistic_Q,72,0.161509090766791,0.15010589208436437,0.17234394628322053,0.02223805419885616,False,True,True
4,0.025,655360000000000,logistic_Q,73,0.161509090766791,0.15146413452058238,0.17346010365034908,0.0219959691297667,False,True,True
4,0.025,655360000000000,logistic_Q,74,0.161509090766791,0.15019624328693632,0.172418268767299,0.022222025480362673,False,True,True
4,0.025,655360000000000,logistic_Q,75,0.161509090766791,0.15554092632505706,0.17681977365094015,0.021278847325883088,False,True,True
4,0.025,655360000000000,logistic_Q,76,0.161509090766791,0.14537353929019536,0.16846795409022164,0.023094414800026275,False,True,True
4,0.025,655360000000000,logistic_Q,77,0.161509090766791,0.15120671146587772,0.1732485444803678,0.022041833014490086,False,True,True
4,0.025,655360000000000,logistic_Q,78,0.161509090766791,0.15005016712232444,0.17229823046580206,0.02224806334347762,False,True,True
4,0.025,655360000000000,logistic_Q,79,0.161509090766791,0.14984029458499876,0.17212587912757255,0.02228558454257379,False,True,True
4,0.025,655360000000000,logistic_Q,80,0.161509090766791,0.15364307630777407,0.17525399894770471,0.02161092263993064,False,True,True
4,0.025,655360000000000,logistic_Q,81,0.161509090766791,0.15000605151663265,0.17226213251684808,0.022256081000215422,False,True,True
4,0.025,655360000000000,logistic_Q,82,0.161509090766791,0.15064943658505592,0.17279038098388266,0.022140944398826745,False,True,True
4,0.025,655360000000000,logistic_Q,83,0.161509090766791,0.15005075855507655,0.17229871787297113,0.022247959317894583,False,True,True
4,0.025,655360000000000,logistic_Q,84,0.161509090766791,0.148197974223217,0.17077876644349538,0.022580792220278367,False,True,True
4,0.025,655360000000000,logistic_Q,85,0.161509090766791,0.14941284110502956,0.17177506922218833,0.022362228117158767,False,True,True
4,0.025,655360000000000,logistic_Q,86,0.161509090766791,0.1489282969435775,0.1713776173983768,0.022449320454799304,False,True,True
4,0.025,655360000000000,logistic_Q,87,0.161509090766791,0.14760718110367493,0.1702947673945467,0.022687586290871753,False,True,True
4,0.025,655360000000000,logistic_Q,88,0.161509090766791,0.14910137492397002,0.17151954919084822,0.0224181742668782,False,True,True
4,0.025,655360000000000,logistic_Q,89,0.161509090766791,0.1496167318995671,0.17194220736012472,0.02232547546055763,False,True,True
4,0.025,655360000000000,logistic_Q,90,0.161509090766791,0.15042504790952504,0.17260606121370048,0.022181013304175434,False,True,True
4,0.025,655360000000000,logistic_Q,91,0.161509090766791,0.15022275407843821,0.17244015361230686,0.022217399533868643,False,True,True
4,0.025,655360000000000,logistic_Q,92,0.161509090766791,0.15118596454851668,0.17323131473004022,0.022045350181523538,False,True,True
4,0.025,655360000000000,logistic_Q,93,0.161509090766791,0.14762061583706954,0.17030601283005653,0.022685396992986995,False,True,True
4,0.025,655360000000000,logistic_Q,94,0.161509090766791,0.14852527054337705,0.17104724112890107,0.02252197058552402,False,True,True
4,0.025,655360000000000,logistic_Q,95,0.161509090766791,0.15122586682347772,0.17326422686435655,0.022038360040878835,False,True,True
4,0.025,655360000000000,logistic_Q,96,0.161509090766791,0.1516186815725642,0.17358712589294073,0.021968444320376534,False,True,True
4,0.025,655360000000000,logistic_Q,97,0.161509090766791,0.14875691184424367,0.17123726556183338,0.02248035371758972,False,True,True
4,0.025,655360000000000,logistic_Q,98,0.161509090766791,0.15134895254823733,0.1733652198434747,0.02201626729523737,False,True,True
4,0.025,655360000000000,logistic_Q,99,0.161509090766791,0.14655122119974012,0.16943061596370845,0.02287939476396833,False,True,True
4,0.025,655360000000000,logistic_Q,100,0.161509090766791,0.1470468974020177,0.1698361449424931,0.0227892475404754,False,True,True
4,0.025,655360000000000,logistic_Q,101,0.161509090766791,0.1538615802978624,0.17543402937223318,0.02157244907437078,False,True,True
4,0.025,655360000000000,logistic_Q,102,0.161509090766791,0.1513556367987407,0.1733708384348855,0.022015201636144788,False,True,True
4,0.025,655360000000000,logistic_Q,103,0.161509090766791,0.14725234217082334,0.17000418812148943,0.022751845950666094,False,True,True
4,0.025,655360000000000,logistic_Q,104,0.161509090766791,0.15081899020528372,0.1729298298075736,0.022110839602289878,False,True,True
4,0.025,655360000000000,logistic_Q,105,0.161509090766791,0.14959426500436424,0.17192400809641006,0.02232974309204583,False,True,True
4,0.025,655360000000000,logistic_Q,106,0.161509090766791,0.14743866547111717,0.17015685004841563,0.02271818457729846,False,True,True
4,0.025,655360000000000,logistic_Q,107,0.161509090766791,0.1485510634129037,0.17106840468977508,0.022517341276871383,False,True,True
4,0.025,655360000000000,logistic_Q,108,0.161509090766791,0.15295437338922768,0.17468653243709947,0.02173215904787179,False,True,True
4,0.025,655360000000000,logistic_Q,109,0.161509090766791,0.14486613951062272,0.16805346398695087,0.023187324476328153,False,True,True
4,0.025,655360000000000,logistic_Q,110,0.161509090766791,0.15213120970759642,0.1740087817518043,0.02187757204420787,False,True,True
4,0.025,655360000000000,logistic_Q,111,0.161509090766791,0.1541215897354175,0.17564822196112662,0.021526632225709108,False,True,True
4,0.025,655360000000000,logistic_Q,112,0.161509090766791,0.14998243268646888,0.17224263318143918,0.022260200494970295,False,True,True
4,0.025,655360000000000,logistic_Q,113,0.161509090766791,0.1463363133518094,0.1692546700757846,0.022918356723975186,False,True,True
4,0.025,655360000000000,logistic_Q,114,0.161509090766791,0.15245538564303202,0.17427562302986765,0.02182023738683564,False,True,True
4,0.025,655360000000000,logistic_Q,115,0.161509090766791,0.14730756559158242,0.17004944507657876,0.02274187948499634,False,True,True
4,0.025,655360000000000,logistic_Q,116,0.161509090766791,0.15004434147947182,0.17229345563346,0.02224911415398817,False,True,True
4,0.025,655360000000000,logistic_Q,117,0.161509090766791,0.14744647662206783,0.17016345018894252,0.022716973566874687,False,True,True
4,0.025,655360000000000,logistic_Q,118,0.161509090766791,0.14699904205882947,0.1697971134243661,0.022798071365536632,False,True,True
4,0.025,655360000000000,logistic_Q,119,0.161509090766791,0.14709149311008501,0.1698726921589811,0.022781199048896084,False,True,True
4,0.025,655360000000000,logistic_Q,120,0.161509090766791,0.1470795054596037,0.16986294312438244,0.02278343766477875,False,True,True
4,0.025,655360000000000,logistic_Q,121,0.161509090766791,0.14909583789909153,0.17151512679453657,0.022419288895445033,False,True,True
4,0.025,655360000000000,logistic_Q,122,0.161509090766791,0.14650394768268116,0.16939191295225015,0.02288796526956899,False,True,True
4,0.025,655360000000000,logistic_Q,123,0.161509090766791,0.15217634599315882,0.17404597932228255,0.021869633329123728,False,True,True
4,0.025,655360000000000,logistic_Q,124,0.161509090766791,0.15018934405144924,0.172412642006879,0.022223297955429766,False,True,True
4,0.025,655360000000000,logistic_Q,125,0.161509090766791,0.15011860824270246,0.1723542194567051,0.022235611214002637,False,True,True
4,0.025,655360000000000,logistic_Q,126,0.161509090766791,0.14890506633648515,0.1713585436973642,0.02245347736087905,False,True,True
4,0.025,655360000000000,logistic_Q,127,0.161509090766791,0.1487642299042758,0.17124327926436994,0.02247904936009415,False,True,True
4,0.025,655360000000000,logistic_Q,128,0.161509090766791,0.14843916120094863,0.17097646739100103,0.022537306190052397,False,True,True
4,0.025,655360000000000,logistic_Q,129,0.161509090766791,0.14493882599940772,0.16811290720552885,0.023174081206121133,False,True,True
4,0.025,655360000000000,logistic_Q,130,0.161509090766791,0.14722206608471455,0.16997960648103544,0.022757540396320886,False,True,True
4,0.025,655360000000000,logistic_Q,131,0.161509090766791,0.14834852100552176,0.1709023877922562,0.022553866786734433,False,True,True
4,0.025,655360000000000,logistic_Q,132,0.161509090766791,0.14614339807727267,0.16909720327172978,0.02295380519445711,False,True,True
4,0.025,655360000000000,logistic_Q,133,0.161509090766791,0.14609265313098924,0.16905556645910985,0.022962913328120615,False,True,True
4,0.025,655360000000000,logistic_Q,134,0.161509090766791,0.1527976086595707,0.1745573754647916,0.021759766805220904,False,True,True
4,0.025,655360000000000,logistic_Q,135,0.161509090766791,0.15154399846116162,0.17352562879867395,0.021981630337512326,False,True,True
4,0.025,655360000000000,logistic_Q,136,0.161509090766791,0.1486497068489206,0.17114913206315424,0.022499425214233648,False,True,True
4,0.025,655360000000000,logistic_Q,137,0.161509090766791,0.14633317914004995,0.16925210515889733,0.022918926018847374,False,True,True
4,0.025,655360000000000,logistic_Q,138,0.161509090766791,0.15228515250030938,0.17413533869186548,0.021850186191556098,False,True,True
4,0.025,655360000000000,logistic_Q,139,0.161509090766791,0.15095181505919242,0.17303895840134043,0.022087143342148008,False,True,True
4,0.025,655360000000000,logistic_Q,140,0.161509090766791,0.14518880920067156,0.16831697316883087,0.02312816396815931,False,True,True
4,0.025,655360000000000,logistic_Q,141,0.161509090766791,0.15097884154508534,0.17306103646424276,0.022082194919157416,False,True,True
4,0.025,655360000000000,logistic_Q,142,0.161509090766791,0.14785308339611952,0.17049607058024702,0.022642987184127494,False,True,True
4,0.025,655360000000000,logistic_Q,143,0.161509090766791,0.15185308705768624,0.17378017976543292,0.021927092707746676,False,True,True
4,0.025,655360000000000,logistic_Q,144,0.161509090766791,0.15200439178037062,0.17390443716677007,0.021900045386399447,False,True,True
4,0.025,655360000000000,logistic_Q,145,0.161509090766791,0.14989991015679432,0.172174870294248,0.02227496013745367,False,True,True
4,0.025,655360000000000,logistic_Q,146,0.161509090766791,0.15065000957358665,0.17279104763455716,0.022141038060970508,False,True,True
4,0.025,655360000000000,logistic_Q,147,0.161509090766791,0.15209430656226297,0.17397839884367533,0.02188409228141236,False,True,True
4,0.025,655360000000000,logistic_Q,148,0.161509090766791,0.14628147912370126,0.16921002447210454,0.022928545348403273,False,True,True
4,0.025,655360000000000,logistic_Q,149,0.161509090766791,0.1469481812820589,0.16975540914827436,0.022807227866215474,False,True,True
4,0.025,655360000000000,logistic_Q,150,0.161509090766791,0.15172022436475274,0.17367056218908372,0.02195033782433098,False,True,True
4,0.025,655360000000000,logistic_Q,151,0.161509090766791,0.14846652985623582,0.17099900019720982,0.022532470340973998,False,True,True
4,0.025,655360000000000,logistic_Q,152,0.161509090766791,0.14575181964793038,0.16877691754818402,0.023025097900253644,False,True,True
4,0.025,655360000000000,logistic_Q,153,0.161509090766791,0.14858139134420772,0.1710931244279525,0.022511733083744767,False,True,True
4,0.025,655360000000000,logistic_Q,154,0.161509090766791,0.15298490196381587,0.17471169421599664,0.02172679225218077,False,True,True
4,0.025,655360000000000,logistic_Q,155,0.161509090766791,0.14918533313587096,0.1715886912228322,0.022403358086961256,False,True,True
4,0.025,655360000000000,logistic_Q,156,0.161509090766791,0.15007852947527928,0.17232160410136171,0.022243074626082437,False,True,True
4,0.025,655360000000000,logistic_Q,157,0.161509090766791,0.14981803815810607,0.17210746106592517,0.0222894229078191,False,True,True
4,0.025,655360000000000,logistic_Q,158,0.161509090766791,0.14764730042635416,0.17032782227955956,0.022680521853205404,False,True,True
4,0.025,655360000000000,logistic_Q,159,0.161509090766791,0.1464226867781956,0.16932568556569477,0.022902998787499185,False,True,True
4,0.025,655360000000000,logistic_Q,160,0.161509090766791,0.1502123435186402,0.17243127359071997,0.022218930072079757,False,True,True
4,0.025,655360000000000,logistic_Q,161,0.161509090766791,0.15042074956425883,0.17260265374846595,0.022181904184207124,False,True,True
4,0.025,655360000000000,logistic_Q,162,0.161509090766791,0.15069607427523973,0.17282878452155648,0.022132710246316745,False,True,True
4,0.025,655360000000000,logistic_Q,163,0.161509090766791,0.1468750029396163,0.1696955693515233,0.022820566411906995,False,True,True
4,0.025,655360000000000,logistic_Q,164,0.161509090766791,0.15027878172185488,0.1724859442862608,0.022207162564405913,False,True,True
4,0.025,655360000000000,logistic_Q,165,0.161509090766791,0.15083684047018736,0.17294446535470281,0.022107624884515453,False,True,True
4,0.025,655360000000000,logistic_Q,166,0.161509090766791,0.15014220601481681,0.17237368224440008,0.02223147622958327,False,True,True
4,0.025,655360000000000,logistic_Q,167,0.161509090766791,0.14902488303321948,0.17145672348394808,0.022431840450728602,False,True,True
4,0.025,655360000000000,logistic_Q,168,0.161509090766791,0.14962572545288438,0.17194971097230988,0.022323985519425493,False,True,True
4,0.025,655360000000000,logistic_Q,169,0.161509090766791,0.15003719122732573,0.17228775881974312,0.022250567592417392,False,True,True
4,0.025,655360000000000,logistic_Q,170,0.161509090766791,0.15124790813001504,0.17328232192390464,0.022034413793889596,False,True,True
4,0.025,655360000000000,logistic_Q,171,0.161509090766791,0.14907382038688433,0.17149701566953762,0.022423195282653297,False,True,True
4,0.025,655360000000000,logistic_Q,172,0.161509090766791,0.15033468093830654,0.17253194308672576,0.022197262148419217,False,True,True
4,0.025,655360000000000,logistic_Q,173,0.161509090766791,0.1496441089186185,0.17196471620266818,0.022320607284049665,False,True,True
4,0.025,655360000000000,logistic_Q,174,0.161509090766791,0.14784599805147713,0.17049051763608103,0.022644519584603895,False,True,True
4,0.025,655360000000000,logistic_Q,175,0.161509090766791,0.15264837514627977,0.17443457011637542,0.02178619497009565,False,True,True
4,0.025,655360000000000,logistic_Q,176,0.161509090766791,0.14860652480322345,0.17111369383812725,0.022507169034903796,False,True,True
4,0.025,655360000000000,logistic_Q,177,0.161509090766791,0.15022239813150762,0.17243964574353554,0.022217247612027924,False,True,True
4,0.025,655360000000000,logistic_Q,178,0.161509090766791,0.14746972583277052,0.17018237217545562,0.022712646342685106,False,True,True
4,0.025,655360000000000,logistic_Q,179,0.161509090766791,0.15028409739893672,0.17249029923832848,0.02220620183939176,False,True,True
4,0.025,655360000000000,logistic_Q,180,0.161509090766791,0.14751692784229148,0.17022100735660656,0.02270407951431508,False,True,True
4,0.025,655360000000000,logistic_Q,181,0.161509090766791,0.1520942597605538,0.17397842210256542,0.021884162342011626,False,True,True
4,0.025,655360000000000,logistic_Q,182,0.161509090766791,0.15058415315103235,0.17273676962594658,0.022152616474914233,False,True,True
4,0.025,655360000000000,logistic_Q,183,0.161509090766791,0.14605014450249793,0.16902080735538855,0.022970662852890622,False,True,True
4,0.025,655360000000000,logistic_Q,184,0.161509090766791,0.14980920943068876,0.17210032032929873,0.022291110898609967,False,True,True
4,0.025,655360000000000,logistic_Q,185,0.161509090766791,0.1512407360178719,0.1732764346480946,0.0220356986302227,False,True,True
4,0.025,655360000000000,logistic_Q,186,0.161509090766791,0.15198302360418264,0.17388694575405067,0.021903922149868027,False,True,True
4,0.025,655360000000000,logistic_Q,187,0.161509090766791,0.15457556361492897,0.1760228866558286,0.021447323040899635,False,True,True
4,0.025,655360000000000,logistic_Q,188,0.161509090766791,0.15018532817906172,0.17240921823761668,0.022223890058554963,False,True,True
4,0.025,655360000000000,logistic_Q,189,0.161509090766791,0.1523933231886137,0.1742245467968735,0.021831223608259787,False,True,True
4,0.025,655360000000000,logistic_Q,190,0.161509090766791,0.14866671350046834,0.1711628884421449,0.02249617494167655,False,True,True
4,0.025,655360000000000,logistic_Q,191,0.161509090766791,0.15005388244464268,0.17230135203068853,0.022247469586045843,False,True,True
4,0.025,655360000000000,logistic_Q,192,0.161509090766791,0.1483013411651169,0.1708637424482941,0.022562401283177214,False,True,True
4,0.025,655360000000000,logistic_Q,193,0.161509090766791,0.1526591430046108,0.17444323597454597,0.021784092969935165,False,True,True
4,0.025,655360000000000,logistic_Q,194,0.161509090766791,0.1437583848297172,0.16714909554527968,0.02339071071556248,False,True,True
4,0.025,655360000000000,logistic_Q,195,0.161509090766791,0.14820786190201296,0.17078696936144805,0.022579107459435088,False,True,True
4,0.025,655360000000000,logistic_Q,196,0.161509090766791,0.15285400354674572,0.17460383705884602,0.021749833512100303,False,True,True
4,0.025,655360000000000,logistic_Q,197,0.161509090766791,0.14802806547282904,0.17063956010910641,0.022611494636277374,False,True,True
4,0.025,655360000000000,logistic_Q,198,0.161509090766791,0.14921970731734374,0.17161670011773694,0.0223969928003932,False,True,True
4,0.025,655360000000000,logistic_Q,199,0.161509090766791,0.1480325475112388,0.17064326670062718,0.022610719189388395,False,True,True
4,0.05,2560000000000,probit_P,0,0.2,0.13970657162147626,0.18374395744080302,0.04403738581932676,False,False,True
4,0.05,2560000000000,probit_P,1,0.2,0.12980056431185893,0.17710959896052214,0.047309034648663206,False,False,True
4,0.05,2560000000000,probit_P,2,0.2,0.13501447027012398,0.18058702738518967,0.04557255711506569,False,False,True
4,0.05,2560000000000,probit_P,3,0.2,0.13379359293587179,0.17977118094999178,0.04597758801412,False,False,True
4,0.05,2560000000000,probit_P,4,0.2,0.1268974091150732,0.17519150171253495,0.04829409259746176,False,False,True
4,0.05,2560000000000,probit_P,5,0.2,0.14231946329132694,0.1855117029129129,0.04319223962158597,False,False,True
4,0.05,2560000000000,probit_P,6,0.2,0.13515677899487538,0.18067802962005525,0.045521250625179865,False,False,True
4,0.05,2560000000000,probit_P,7,0.2,0.13865611580090748,0.18303049654070797,0.04437438073980049,False,False,True
4,0.05,2560000000000,probit_P,8,0.2,0.14773172183417527,0.18920782325020458,0.04147610141602931,False,False,True
4,0.05,2560000000000,probit_P,9,0.2,0.12943677686666144,0.17686956290313316,0.04743278603647172,False,False,True
4,0.05,2560000000000,probit_P,10,0.2,0.1326148877340531,0.17898202796360851,0.046367140229555404,False,False,True
4,0.05,2560000000000,probit_P,11,0.2,0.13510089422302957,0.1806445319448411,0.045543637721811525,False,False,True
4,0.05,2560000000000,probit_P,12,0.2,0.13616036714872742,0.18135525332138225,0.045194886172654825,False,False,True
4,0.05,2560000000000,probit_P,13,0.2,0.13816846307374642,0.1827042521860497,0.04453578911230327,False,False,True
4,0.05,2560000000000,probit_P,14,0.2,0.13702080471789896,0.18193244596050218,0.04491164124260322,False,False,True
4,0.05,2560000000000,probit_P,15,0.2,0.13641458779778826,0.18152241485815857,0.04510782706037031,False,False,True
4,0.05,2560000000000,probit_P,16,0.2,0.14394308962093727,0.18661854356023433,0.04267545393929706,False,False,True
4,0.05,2560000000000,probit_P,17,0.2,0.1327452790790612,0.17906971457061638,0.04632443549155518,False,False,True
4,0.05,2560000000000,probit_P,18,0.2,0.13442894130614763,0.1801942698414582,0.04576532853531057,False,False,True
4,0.05,2560000000000,probit_P,19,0.2,0.12068830939540476,0.17112487408792765,0.05043656469252289,False,False,True
4,0.05,2560000000000,probit_P,20,0.2,0.1422890296916387,0.18549203375422874,0.043203004062590034,False,False,True
4,0.05,2560000000000,probit_P,21,0.2,0.13953021945310456,0.18362374474793136,0.044093525294826796,False,False,True
4,0.05,2560000000000,probit_P,22,0.2,0.1290008501512659,0.1765819546121591,0.0475811044608932,False,False,True
4,0.05,2560000000000,probit_P,23,0.2,0.1302144977496031,0.17738712049431815,0.047172622744715065,False,False,True
4,0.05,2560000000000,probit_P,24,0.2,0.1333894398458767,0.1794992842346519,0.04610984438877519,False,False,True
4,0.05,2560000000000,probit_P,25,0.2,0.14437292035264215,0.1869128382079419,0.04253991785529976,False,False,True
4,0.05,2560000000000,probit_P,26,0.2,0.14159955678461178,0.1850232671215103,0.04342371033689851,False,False,True
4,0.05,2560000000000,probit_P,27,0.2,0.1323402316438595,0.17879871906439992,0.04645848742054043,False,False,True
4,0.05,2560000000000,probit_P,28,0.2,0.13565017862455175,0.18101091168481487,0.045360733060263114,False,False,True
4,0.05,2560000000000,probit_P,29,0.2,0.13499646149302796,0.18057327199318407,0.045576810500156106,False,False,True
4,0.05,2560000000000,probit_P,30,0.2,0.12970226306571664,0.17704479311816657,0.04734253005244993,False,False,True
4,0.05,2560000000000,probit_P,31,0.2,0.13429309804366363,0.18010328131374215,0.04581018327007852,False,False,True
4,0.05,2560000000000,probit_P,32,0.2,0.13868706557333565,0.18305790296642915,0.0443708373930935,False,False,True
4,0.05,2560000000000,probit_P,33,0.2,0.1442586578343995,0.18683266133491772,0.04257400350051821,False,False,True
4,0.05,2560000000000,probit_P,34,0.2,0.13541607553657575,0.1808529283946657,0.04543685285808996,False,False,True
4,0.05,2560000000000,probit_P,35,0.2,0.12782943514867617,0.17580483204858588,0.047975396899909706,False,False,True
4,0.05,2560000000000,probit_P,36,0.2,0.1361322272513556,0.18133563394738178,0.04520340669602618,False,False,True
4,0.05,2560000000000,probit_P,37,0.2,0.13244940402638905,0.1788710963861701,0.04642169235978105,False,False,True
4,0.05,2560000000000,probit_P,38,0.2,0.14309154863754886,0.18603577686301465,0.042944228225465786,False,False,True
4,0.05,2560000000000,probit_P,39,0.2,0.13814925757260582,0.1826900764822133,0.04454081890960748,False,False,True
4,0.05,2560000000000,probit_P,40,0.2,0.13465458131191305,0.18034571043974118,0.045691129127828134,False,False,True
4,0.05,2560000000000,probit_P,41,0.2,0.12826905401761263,0.17609546300536133,0.0478264089877487,False,False,True
4,0.05,2560000000000,probit_P,42,0.2,0.13978537518858136,0.18379742379769404,0.044012048609112675,False,False,True
4,0.05,2560000000000,probit_P,43,0.2,0.13098217987072897,0.17789900579507834,0.04691682592434937,False,False,True
4,0.05,2560000000000,probit_P,44,0.2,0.1332942295061747,0.17943444888826732,0.04614021938209262,False,False,True
4,0.05,2560000000000,probit_P,45,0.2,0.1450306050101482,0.18735902772763824,0.042328422717490044,False,False,True
4,0.05,2560000000000,probit_P,46,0.2,0.1268818228340703,0.17518151223013984,0.048299689396069545,False,False,True
4,0.05,2560000000000,probit_P,47,0.2,0.13550140823251788,0.18091220636256705,0.04541079813004917,False,False,True
4,0.05,2560000000000,probit_P,48,0.2,0.13960178164336745,0.18367315418758834,0.04407137254422089,False,False,True
4,0.05,2560000000000,probit_P,49,0.2,0.1396973322411087,0.1837373989585528,0.04404006671744409,False,False,True
4,0.05,2560000000000,probit_P,50,0.2,0.13291789689304656,0.1791837229672682,0.04626582607422164,False,False,True
4,0.05,2560000000000,probit_P,51,0.2,0.1338473763732569,0.17980559444684235,0.045958218073585466,False,False,True
4,0.05,2560000000000,probit_P,52,0.2,0.13433482408019792,0.18013383108642295,0.04579900700622502,False,False,True
4,0.05,2560000000000,probit_P,53,0.2,0.13986951784231721,0.18385443636500748,0.043984918522690264,False,False,True
4,0.05,2560000000000,probit_P,54,0.2,0.14336852921345533,0.1862320842979554,0.04286355508450007,False,False,True
4,0.05,2560000000000,probit_P,55,0.2,0.1425242640193794,0.18565344063291134,0.04312917661353194,False,False,True
4,0.05,2560000000000,probit_P,56,0.2,0.13329388011336274,0.17943590410980548,0.04614202399644274,False,False,True
4,0.05,2560000000000,probit_P,57,0.2,0.1380352772855432,0.1826160599845716,0.044580782699028376,False,False,True
4,0.05,2560000000000,probit_P,58,0.2,0.13117245193545446,0.17802199533258445,0.04684954339712999,False,False,True
4,0.05,2560000000000,probit_P,59,0.2,0.13836431581520126,0.182838699266462,0.04447438345126076,False,False,True
4,0.05,2560000000000,probit_P,60,0.2,0.13382244553670425,0.17978541802496295,0.0459629724882587,False,False,True
4,0.05,2560000000000,probit_P,61,0.2,0.14477715427470883,0.18718742732745036,0.04241027305274153,False,False,True
4,0.05,2560000000000,probit_P,62,0.2,0.14609720294379408,0.1880901960421848,0.04199299309839072,False,False,True
4,0.05,2560000000000,probit_P,63,0.2,0.14517441264463943,0.18745941050154452,0.04228499785690509,False,False,True
4,0.05,2560000000000,probit_P,64,0.2,0.1262544439691306,0.17476862019837802,0.04851417622924742,False,False,True
4,0.05,2560000000000,probit_P,65,0.2,0.1254564436096603,0.17424132794393438,0.04878488433427408,False,False,True
4,0.05,2560000000000,probit_P,66,0.2,0.13585037009708784,0.18114609644737384,0.045295726350286,False,False,True
4,0.05,2560000000000,probit_P,67,0.2,0.13831095155645218,0.18280136362648364,0.04449041207003146,False,False,True
4,0.05,2560000000000,probit_P,68,0.2,0.1361027305705076,0.1813173236875475,0.0452145931170399,False,False,True
4,0.05,2560000000000,probit_P,69,0.2,0.1307012474421938,0.177709733419112,0.0470084859769182,False,False,True
4,0.05,2560000000000,probit_P,70,0.2,0.13709162862660978,0.18198043558202692,0.04488880695541714,False,False,True
4,0.05,2560000000000,probit_P,71,0.2,0.13419679093005038,0.18004004852835687,0.045843257598306486,False,False,True
4,0.05,2560000000000,probit_P,72,0.2,0.13267851049671608,0.17902481152805044,0.04634630103133436,False,False,True
4,0.05,2560000000000,probit_P,73,0.2,0.14029770742423414,0.18414440719488362,0.04384669977064948,False,False,True
4,0.05,2560000000000,probit_P,74,0.2,0.14126487658572562,0.1847981833758332,0.043533306790107584,False,False,True
4,0.05,2560000000000,probit_P,75,0.2,0.13575896669901893,0.18108618020501022,0.04532721350599128,False,False,True
4,0.05,2560000000000,probit_P,76,0.2,0.13278013835901692,0.1790923135338655,0.04631217517484859,False,False,True
4,0.05,2560000000000,probit_P,77,0.2,0.1349370977594721,0.18053258460577087,0.04559548684629877,False,False,True
4,0.05,2560000000000,probit_P,78,0.2,0.1287010995113284,0.1763811686541536,0.04768006914282519,False,False,True
4,0.05,2560000000000,probit_P,79,0.2,0.13552494518548336,0.18092674661218217,0.04540180142669881,False,False,True
4,0.05,2560000000000,probit_P,80,0.2,0.13523879295342822,0.18073758017176944,0.04549878721834122,False,False,True
4,0.05,2560000000000,probit_P,81,0.2,0.14071396198842956,0.18442448579536375,0.04371052380693419,False,False,True
4,0.05,2560000000000,probit_P,82,0.2,0.14097668506951894,0.184604838665482,0.04362815359596306,False,False,True
4,0.05,2560000000000,probit_P,83,0.2,0.13256350318392263,0.1789481766006868,0.046384673416764166,False,False,True
4,0.05,2560000000000,probit_P,84,0.2,0.145528001031984,0.187699842455397,0.042171841423413015,False,False,True
4,0.05,2560000000000,probit_P,85,0.2,0.14024211240229645,0.18410715140258954,0.04386503900029309,False,False,True
4,0.05,2560000000000,probit_P,86,0.2,0.14041173557581021,0.18422311618116477,0.043811380605354555,False,False,True
4,0.05,2560000000000,probit_P,87,0.2,0.12861318622368678,0.17632271102886554,0.04770952480517876,False,False,True
4,0.05,2560000000000,probit_P,88,0.2,0.13684879016536994,0.18181786247776782,0.044969072312397884,False,False,True
4,0.05,2560000000000,probit_P,89,0.2,0.13667281754854904,0.1817002063380841,0.04502738878953505,False,False,True
4,0.05,2560000000000,probit_P,90,0.2,0.14101363000741768,0.18462668315396513,0.043613053146547454,False,False,True
4,0.05,2560000000000,probit_P,91,0.2,0.1413189357494637,0.18483294060544397,0.04351400485598028,False,False,True
4,0.05,2560000000000,probit_P,92,0.2,0.1298527025158886,0.17714235170596593,0.04728964919007733,False,False,True
4,0.05,2560000000000,probit_P,93,0.2,0.13493629750343683,0.18053432338909164,0.045598025885654814,False,False,True
4,0.05,2560000000000,probit_P,94,0.2,0.1459097497512304,0.1879626385362863,0.04205288878505592,False,False,True
4,0.05,2560000000000,probit_P,95,0.2,0.13701736203122317,0.18193220551173844,0.044914843480515276,False,False,True
4,0.05,2560000000000,probit_P,96,0.2,0.14363517964664524,0.18640842805683555,0.04277324841019031,False,False,True
4,0.05,2560000000000,probit_P,97,0.2,0.14300843280439596,0.18598053816987337,0.04297210536547741,False,False,True
4,0.05,2560000000000,probit_P,98,0.2,0.13639150978067716,0.18150783625523315,0.04511632647455599,False,False,True
4,0.05,2560000000000,probit_P,99,0.2,0.14471933701377576,0.18714601916673423,0.04242668215295847,False,False,True
4,0.05,2560000000000,probit_P,100,0.2,0.1350867748534233,0.1806343168795902,0.0455475420261669,False,False,True
4,0.05,2560000000000,probit_P,101,0.2,0.13917859771642832,0.18338614990564,0.044207552189211685,False,False,True
4,0.05,2560000000000,probit_P,102,0.2,0.14129269983687504,0.1848174172566761,0.04352471741980107,False,False,True
4,0.05,2560000000000,probit_P,103,0.2,0.13888021284540758,0.18318513387945257,0.044304921034044986,False,False,True
4,0.05,2560000000000,probit_P,104,0.2,0.13491008774968838,0.18051489001295473,0.04560480226326635,False,False,True
4,0.05,2560000000000,probit_P,105,0.2,0.14074419024830026,0.18444564730932533,0.04370145706102507,False,False,True
4,0.05,2560000000000,probit_P,106,0.2,0.13200902527654534,0.17857611887294655,0.04656709359640121,False,False,True
4,0.05,2560000000000,probit_P,107,0.2,0.1343224009479308,0.18012107684480771,0.04579867589687692,False,False,True
4,0.05,2560000000000,probit_P,108,0.2,0.1385873305311554,0.18298797444423381,0.04440064391307841,False,False,True
4,0.05,2560000000000,probit_P,109,0.2,0.13811181018230667,0.18266497596768355,0.04455316578537688,False,False,True
4,0.05,2560000000000,probit_P,110,0.2,0.14174721021035241,0.1851220723825383,0.04337486217218589,False,False,True
4,0.05,2560000000000,probit_P,111,0.2,0.14300155572450712,0.18597641565826928,0.042974859933762155,False,False,True
4,0.05,2560000000000,probit_P,112,0.2,0.14020888639826729,0.18408184180539955,0.043872955407132264,False,False,True
4,0.05,2560000000000,probit_P,113,0.2,0.1429430095371786,0.185936490659167,0.04299348112198842,False,False,True
4,0.05,2560000000000,probit_P,114,0.2,0.13955218548709808,0.18363966305227686,0.04408747756517878,False,False,True
4,0.05,2560000000000,probit_P,115,0.2,0.1330001444145258,0.17923987324525942,0.04623972883073363,False,False,True
4,0.05,2560000000000,probit_P,116,0.2,0.1374356806263171,0.18221416503596194,0.044778484409644825,False,False,True
4,0.05,2560000000000,probit_P,117,0.2,0.1325749607008787,0.1789553778946817,0.04638041719380298,False,False,True
4,0.05,2560000000000,probit_P,118,0.2,0.13947152257344442,0.1835826981065829,0.04411117553313848,False,False,True
4,0.05,2560000000000,probit_P,119,0.2,0.14062173746866868,0.1843633743369255,0.04374163686825683,False,False,True
4,0.05,2560000000000,probit_P,120,0.2,0.13174093215015742,0.17839971065694132,0.046658778506783904,False,False,True
4,0.05,2560000000000,probit_P,121,0.2,0.13803570610280358,0.1826157306308105,0.04458002452800691,False,False,True
4,0.05,2560000000000,probit_P,122,0.2,0.13318481815185645,0.17936293689696758,0.04617811874511113,False,False,True
4,0.05,2560000000000,probit_P,123,0.2,0.12807662378392415,0.17596863784935324,0.04789201406542909,False,False,True
4,0.05,2560000000000,probit_P,124,0.2,0.13229186851137908,0.17876908535171587,0.04647721684033679,False,False,True
4,0.05,2560000000000,probit_P,125,0.2,0.14090747409200677,0.18455460736616847,0.0436471332741617,False,False,True
4,0.05,2560000000000,probit_P,126,0.2,0.13262889100151087,0.17899033925110253,0.04636144824959165,False,False,True
4,0.05,2560000000000,probit_P,127,0.2,0.1352042650992703,0.18071004102327493,0.04550577592400462,False,False,True
4,0.05,2560000000000,probit_P,128,0.2,0.13360186245216987,0.17964113524540337,0.0460392727932335,False,False,True
4,0.05,2560000000000,probit_P,129,0.2,0.13032013295224237,0.17745597568079602,0.047135842728553645,False,False,True
4,0.05,2560000000000,probit_P,130,0.2,0.13707755006662448,0.18197003317847932,0.04489248311185484,False,False,True
4,0.05,2560000000000,probit_P,131,0.2,0.13536775006498003,0.18082192898827742,0.045454178923297395,False,False,True
4,0.05,2560000000000,probit_P,132,0.2,0.14503263037926062,0.18735965415779715,0.04232702377853653,False,False,True
4,0.05,2560000000000,probit_P,133,0.2,0.14627701606897475,0.18821380249093317,0.041936786421958416,False,False,True
4,0.05,2560000000000,probit_P,134,0.2,0.1323714406500756,0.17882382691091975,0.046452386260844136,False,False,True
4,0.05,2560000000000,probit_P,135,0.2,0.1356764484908332,0.18103080362737234,0.045354355136539126,False,False,True
4,0.05,2560000000000,probit_P,136,0.2,0.13394372123529313,0.1798681211229597,0.045924399887666556,False,False,True
4,0.05,2560000000000,probit_P,137,0.2,0.1323110383738716,0.17877815291009758,0.046467114536225984,False,False,True
4,0.05,2560000000000,probit_P,138,0.2,0.13514918726242114,0.18067483216154845,0.045525644899127304,False,False,True
4,0.05,2560000000000,probit_P,139,0.2,0.1371086623704207,0.18199297118927066,0.04488430881884997,False,False,True
4,0.05,2560000000000,probit_P,140,0.2,0.13791486115698537,0.18253430951300798,0.044619448356022606,False,False,True
4,0.05,2560000000000,probit_P,141,0.2,0.13729147600092823,0.18211558055203664,0.04482410455110841,False,False,True
4,0.05,2560000000000,probit_P,142,0.2,0.13806481853906727,0.182633928851403,0.044569110312335736,False,False,True
4,0.05,2560000000000,probit_P,143,0.2,0.1357770396743599,0.18109978709311536,0.04532274741875547,False,False,True
4,0.05,2560000000000,probit_P,144,0.2,0.13592163533494717,0.18119695304570255,0.04527531771075538,False,False,True
4,0.05,2560000000000,probit_P,145,0.2,0.12638107931746895,0.17485188702757437,0.048470807710105424,False,False,True
4,0.05,2560000000000,probit_P,146,0.2,0.1386792260668716,0.1830495536694085,0.044370327602536896,False,False,True
4,0.05,2560000000000,probit_P,147,0.2,0.14137652149400093,0.18487431988082026,0.04349779838681933,False,False,True
4,0.05,2560000000000,probit_P,148,0.2,0.14015012779023361,0.18404225155654869,0.04389212376631507,False,False,True
4,0.05,2560000000000,probit_P,149,0.2,0.1325438780895763,0.17893372016969789,0.04638984208012159,False,False,True
4,0.05,2560000000000,probit_P,150,0.2,0.13383670531294606,0.17979613094433594,0.04595942563138988,False,False,True
4,0.05,2560000000000,probit_P,151,0.2,0.13559108425390687,0.18097458919345039,0.04538350493954352,False,False,True
4,0.05,2560000000000,probit_P,152,0.2,0.1354261463842567,0.18086235561761044,0.04543620923335373,False,False,True
4,0.05,2560000000000,probit_P,153,0.2,0.14704511787411606,0.18873833295842135,0.04169321508430529,False,False,True
4,0.05,2560000000000,probit_P,154,0.2,0.13910187339464208,0.18333299684017978,0.0442311234455377,False,False,True
4,0.05,2560000000000,probit_P,155,0.2,0.12991464617077775,0.1771854500441155,0.04727080387333776,False,False,True
4,0.05,2560000000000,probit_P,156,0.2,0.13953031165020535,0.18362652874365593,0.044096217093450574,False,False,True
4,0.05,2560000000000,probit_P,157,0.2,0.14651726785575092,0.18837892542152979,0.041861657565778865,False,False,True
4,0.05,2560000000000,probit_P,158,0.2,0.13996145008184346,0.18391646675721035,0.04395501667536689,False,False,True
4,0.05,2560000000000,probit_P,159,0.2,0.13740268420285895,0.18218888965419566,0.044786205451336714,False,False,True
4,0.05,2560000000000,probit_P,160,0.2,0.14089515081436144,0.18454667221158882,0.04365152139722739,False,False,True
4,0.05,2560000000000,probit_P,161,0.2,0.13471521199400405,0.18038490523334666,0.04566969323934261,False,False,True
4,0.05,2560000000000,probit_P,162,0.2,0.1341042992972411,0.17997529113290323,0.04587099183566212,False,False,True
4,0.05,2560000000000,probit_P,163,0.2,0.13608627110392113,0.18130646084706614,0.04522018974314501,False,False,True
4,0.05,2560000000000,probit_P,164,0.2,0.13899190352956026,0.18325961023714554,0.044267706707585286,False,False,True
4,0.05,2560000000000,probit_P,165,0.2,0.13348887901393774,0.17956645005116306,0.04607757103722532,False,False,True
4,0.05,2560000000000,probit_P,166,0.2,0.14461564213028194,0.18707757870899638,0.04246193657871444,False,False,True
4,0.05,2560000000000,probit_P,167,0.2,0.13246262788520885,0.17888053674203985,0.046417908856831,False,False,True
4,0.05,2560000000000,probit_P,168,0.2,0.13425062734969595,0.1800733081639765,0.045822680814280536,False,False,True
4,0.05,2560000000000,probit_P,169,0.2,0.1413383533252126,0.18484933934828646,0.04351098602307385,False,False,True
4,0.05,2560000000000,probit_P,170,0.2,0.14164038297068526,0.18505318918654118,0.043412806215855915,False,False,True
4,0.05,2560000000000,probit_P,171,0.2,0.13982474791690253,0.18382454727491832,0.04399979935801579,False,False,True
4,0.05,2560000000000,probit_P,172,0.2,0.13107540218777952,0.17795507880922828,0.04687967662144876,False,False,True
4,0.05,2560000000000,probit_P,173,0.2,0.1325863790603211,0.1789632431004769,0.046376864040155785,False,False,True
4,0.05,2560000000000,probit_P,174,0.2,0.1345631248359878,0.18028287298183654,0.045719748145848726,False,False,True
4,0.05,2560000000000,probit_P,175,0.2,0.1316714175134896,0.17835236715947217,0.04668094964598257,False,False,True
4,0.05,2560000000000,probit_P,176,0.2,0.12510520438918482,0.17401140340662824,0.04890619901744342,False,False,True
4,0.05,2560000000000,probit_P,177,0.2,0.13271305232020936,0.1790487743580288,0.04633572203781944,False,False,True
4,0.05,2560000000000,probit_P,178,0.2,0.1361403251713889,0.1813429462314996,0.04520262106011069,False,False,True
4,0.05,2560000000000,probit_P,179,0.2,0.13978262913483258,0.1837929562417529,0.04401032710692032,False,False,True
4,0.05,2560000000000,probit_P,180,0.2,0.1372332956275652,0.18207337322981115,0.044840077602245954,False,False,True
4,0.05,2560000000000,probit_P,181,0.2,0.12956585818120558,0.17695495345149365,0.04738909527028806,False,False,True
4,0.05,2560000000000,probit_P,182,0.2,0.1441277096290029,0.1867439097045776,0.042616200075574706,False,False,True
4,0.05,2560000000000,probit_P,183,0.2,0.13356365240346607,0.17961445970779677,0.0460508073043307,False,False,True
4,0.05,2560000000000,probit_P,184,0.2,0.1403316998457757,0.18416427368639032,0.04383257384061462,False,False,True
4,0.05,2560000000000,probit_P,185,0.2,0.13824139951217912,0.18275149167531018,0.044510092163131065,False,False,True
4,0.05,2560000000000,probit_P,186,0.2,0.1371035198955125,0.18198628642942433,0.04488276653391182,False,False,True
4,0.05,2560000000000,probit_P,187,0.2,0.13829343427682128,0.1827892826224889,0.04449584834566761,False,False,True
4,0.05,2560000000000,probit_P,188,0.2,0.1377557107610139,0.18242690275344747,0.04467119199243358,False,False,True
4,0.05,2560000000000,probit_P,189,0.2,0.13893196188920798,0.18322156745272777,0.044289605563519796,False,False,True
4,0.05,2560000000000,probit_P,190,0.2,0.14134952301809012,0.1848533373441809,0.043503814326090795,False,False,True
4,0.05,2560000000000,probit_P,191,0.2,0.13840826944367296,0.1828659500253177,0.04445768058164473,False,False,True
4,0.05,2560000000000,probit_P,192,0.2,0.14015648480381604,0.18404617212861712,0.043889687324801085,False,False,True
4,0.05,2560000000000,probit_P,193,0.2,0.13117096627264768,0.17802134140154474,0.04685037512889706,False,False,True
4,0.05,2560000000000,probit_P,194,0.2,0.14052846628839466,0.18429801512217175,0.043769548833777094,False,False,True
4,0.05,2560000000000,probit_P,195,0.2,0.13663610798388132,0.1816732218990993,0.045037113915217974,False,False,True
4,0.05,2560000000000,probit_P,196,0.2,0.13510094477223478,0.1806432547203169,0.045542309948082116,False,False,True
4,0.05,2560000000000,probit_P,197,0.2,0.135348599721546,0.18081019374061952,0.045461594019073515,False,False,True
4,0.05,2560000000000,probit_P,198,0.2,0.1345237907962346,0.1802577216998068,0.045733930903572195,False,False,True
4,0.05,2560000000000,probit_P,199,0.2,0.13494355136074526,0.18053726922577218,0.04559371786502692,False,False,True
4,0.05,2560000000000,logistic_Q,0,0.161577527791615,0.1402363889609638,0.18410089383718603,0.04386450487622223,False,True,True
4,0.05,2560000000000,logistic_Q,1,0.161577527791615,0.13428731228937069,0.1800995387501243,0.04581222646075361,False,True,True
4,0.05,2560000000000,logistic_Q,2,0.161577527791615,0.13716219328442314,0.18202601177142397,0.04486381848700083,False,True,True
4,0.05,2560000000000,logistic_Q,3,0.161577527791615,0.13521908158355184,0.1807212069495715,0.04550212536601966,False,True,True
4,0.05,2560000000000,logistic_Q,4,0.161577527791615,0.13770584410061387,0.18239026884433224,0.044684424743718365,False,True,True
4,0.05,2560000000000,logistic_Q,5,0.161577527791615,0.13990745358949913,0.18387923734827483,0.043971783758775695,False,True,True
4,0.05,2560000000000,logistic_Q,6,0.161577527791615,0.1435488132188772,0.18635055948406248,0.04280174626518529,False,True,True
4,0.05,2560000000000,logistic_Q,7,0.161577527791615,0.1391290315367374,0.183350819848611,0.04422178831187362,False,True,True
4,0.05,2560000000000,logistic_Q,8,0.161577527791615,0.12678600505656296,0.17511366852252624,0.04832766346596329,False,True,True
4,0.05,2560000000000,logistic_Q,9,0.161577527791615,0.13919212429971278,0.18339494630399378,0.044202822004280995,False,True,True
4,0.05,2560000000000,logistic_Q,10,0.161577527791615,0.13946864771027284,0.18358107898040782,0.04411243127013498,False,True,True
4,0.05,2560000000000,logistic_Q,11,0.161577527791615,0.12460961901295992,0.1736830777814825,0.04907345876852259,False,True,True
4,0.05,2560000000000,logistic_Q,12,0.161577527791615,0.14039817939160137,0.18421075550104382,0.04381257610944245,False,True,True
4,0.05,2560000000000,logistic_Q,13,0.161577527791615,0.13730360555564214,0.18212183924057335,0.04481823368493121,False,True,True
4,0.05,2560000000000,logistic_Q,14,0.161577527791615,0.13013227211559247,0.17733325451787318,0.04720098240228071,False,True,True
4,0.05,2560000000000,logistic_Q,15,0.161577527791615,0.1375002258967617,0.18225389227899186,0.04475366638223016,False,True,True
4,0.05,2560000000000,logistic_Q,16,0.161577527791615,0.13882848995839014,0.18314954419727264,0.044321054238882496,False,True,True
4,0.05,2560000000000,logistic_Q,17,0.161577527791615,0.13953317860370978,0.18362498096696778,0.04409180236325799,False,True,True
4,0.05,2560000000000,logistic_Q,18,0.161577527791615,0.12918627260093546,0.17670467162875897,0.04751839902782351,False,True,True
4,0.05,2560000000000,logistic_Q,19,0.161577527791615,0.12291255476156648,0.17257403809220118,0.04966148333063469,False,True,True
4,0.05,2560000000000,logistic_Q,20,0.161577527791615,0.13484263135603797,0.18046959638162025,0.04562696502558228,False,True,True
4,0.05,2560000000000,logistic_Q,21,0.161577527791615,0.13399735516090577,0.17990427241349305,0.045906917252587276,False,True,True
4,0.05,2560000000000,logistic_Q,22,0.161577527791615,0.13876374418498605,0.1831052087856041,0.04434146460061805,False,True,True
4,0.05,2560000000000,logistic_Q,23,0.161577527791615,0.13276740767993306,0.1790802889715558,0.046312881291622754,False,True,True
4,0.05,2560000000000,logistic_Q,24,0.161577527791615,0.13878575686687128,0.18312260173158157,0.04433684486471029,False,True,True
4,0.05,2560000000000,logistic_Q,25,0.161577527791615,0.13930942340704,0.18347386880257333,0.044164445395533325,False,True,True
4,0.05,2560000000000,logistic_Q,26,0.161577527791615,0.13919365805727713,0.1833949557692608,0.04420129771198367,False,True,True
4,0.05,2560000000000,logistic_Q,27,0.161577527791615,0.13425226522834394,0.18007643271132695,0.045824167482983014,False,True,True
4,0.05,2560000000000,logistic_Q,28,0.161577527791615,0.14108267210259517,0.1846749863574132,0.04359231425481802,False,True,True
4,0.05,2560000000000,logistic_Q,29,0.161577527791615,0.13263676445277023,0.1789975309111851,0.04636076645841486,False,True,True
4,0.05,2560000000000,logistic_Q,30,0.161577527791615,0.13384966443281537,0.17980837420896356,0.04595870977614819,False,True,True
4,0.05,2560000000000,logistic_Q,31,0.161577527791615,0.13737851548892765,0.18217400166101355,0.0447954861720859,False,True,True
4,0.05,2560000000000,logistic_Q,32,0.161577527791615,0.1363498177751285,0.18148421464022008,0.045134396865091575,False,True,True
4,0.05,2560000000000,logistic_Q,33,0.161577527791615,0.1306702273483311,0.17768827645016988,0.047018049101838766,False,True,True
4,0.05,2560000000000,logistic_Q,34,0.161577527791615,0.13556170630900183,0.18095294932051653,0.045391243011514704,False,True,True
4,0.05,2560000000000,logistic_Q,35,0.161577527791615,0.140140503689968,0.1840366800719248,0.04389617638195681,False,True,True
4,0.05,2560000000000,logistic_Q,36,0.161577527791615,0.14185703874890854,0.1851992654337617,0.04334222668485316,False,True,True
4,0.05,2560000000000,logistic_Q,37,0.161577527791615,0.14168005324174893,0.18508009689434501,0.04340004365259609,False,True,True
4,0.05,2560000000000,logistic_Q,38,0.161577527791615,0.13704539679435274,0.18194793565582912,0.04490253886147638,False,True,True
4,0.05,2560000000000,logistic_Q,39,0.161577527791615,0.13528268862836668,0.18076624589583318,0.0454835572674665,False,True,True
4,0.05,2560000000000,logistic_Q,40,0.161577527791615,0.1359087646720416,0.18118704993070694,0.04527828525866534,False,True,True
4,0.05,2560000000000,logistic_Q,41,0.161577527791615,0.13998210475484701,0.18393021244472452,0.0439481076898775,False,True,True
4,0.05,2560000000000,logistic_Q,42,0.161577527791615,0.13504985323192908,0.18061024953935612,0.04556039630742703,False,True,True
4,0.05,2560000000000,logistic_Q,43,0.161577527791615,0.13487455596097375,0.18049104361280177,0.04561648765182802,False,True,True
4,0.05,2560000000000,logistic_Q,44,0.161577527791615,0.13514508586477336,0.180673757457476,0.04552867159270263,False,True,True
4,0.05,2560000000000,logistic_Q,45,0.161577527791615,0.13562267919735826,0.18099254901123601,0.04536986981387775,False,True,True
4,0.05,2560000000000,logistic_Q,46,0.161577527791615,0.13552306382009377,0.1809246402393,0.045401576419206224,False,True,True
4,0.05,2560000000000,logistic_Q,47,0.161577527791615,0.1399489047057318,0.18390436101376012,0.04395545630802833,False,True,True
4,0.05,2560000000000,logistic_Q,48,0.161577527791615,0.14203062636784908,0.18531721684771402,0.04328659047986494,False,True,True
4,0.05,2560000000000,logistic_Q,49,0.161577527791615,0.13973754990163784,0.18376241119956055,0.04402486129792271,False,True,True
4,0.05,2560000000000,logistic_Q,50,0.161577527791615,0.13773299650408882,0.18241128106622506,0.04467828456213624,False,True,True
4,0.05,2560000000000,logistic_Q,51,0.161577527791615,0.13350664186615585,0.17958008155889604,0.04607343969274019,False,True,True
4,0.05,2560000000000,logistic_Q,52,0.161577527791615,0.14390046734427603,0.18658910660254346,0.042688639258267436,False,True,True
4,0.05,2560000000000,logistic_Q,53,0.161577527791615,0.13548252890010276,0.1809024157464737,0.04541988684637094,False,True,True
4,0.05,2560000000000,logistic_Q,54,0.161577527791615,0.13417999637754863,0.180025767257452,0.04584577087990338,False,True,True
4,0.05,2560000000000,logistic_Q,55,0.161577527791615,0.1466032189172779,0.18843438565853549,0.041831166741257586,False,True,True
4,0.05,2560000000000,logistic_Q,56,0.161577527791615,0.1331875565921815,0.17936293222806382,0.04617537563588231,False,True,True
4,0.05,2560000000000,logistic_Q,57,0.161577527791615,0.13090931109538134,0.17784527575715214,0.0469359646617708,False,True,True
4,0.05,2560000000000,logistic_Q,58,0.161577527791615,0.12844406391448593,0.1762118671867614,0.04776780327227548,False,True,True
4,0.05,2560000000000,logistic_Q,59,0.161577527791615,0.13555389178749538,0.18094910118781904,0.045395209400323655,False,True,True
4,0.05,2560000000000,logistic_Q,60,0.161577527791615,0.13571117511132424,0.18105455935299863,0.04534338424167439,False,True,True
4,0.05,2560000000000,logistic_Q,61,0.161577527791615,0.13567152613108718,0.18102553383813486,0.04535400770704767,False,True,True
4,0.05,2560000000000,logistic_Q,62,0.161577527791615,0.13750625767943436,0.18225752282436253,0.044751265144928165,False,True,True
4,0.05,2560000000000,logistic_Q,63,0.161577527791615,0.12859196480038532,0.17631342754037305,0.04772146273998773,False,True,True
4,0.05,2560000000000,logistic_Q,64,0.161577527791615,0.13583575227776457,0.18113673314005369,0.04530098086228912,False,True,True
4,0.05,2560000000000,logistic_Q,65,0.161577527791615,0.13127998134020413,0.17809180970503696,0.04681182836483283,False,True,True
4,0.05,2560000000000,logistic_Q,66,0.161577527791615,0.15265531230436385,0.1926021780636653,0.03994686575930145,False,True,True
4,0.05,2560000000000,logistic_Q,67,0.161577527791615,0.130215755318838,0.17738345712830766,0.047167701809469664,False,True,True
4,0.05,2560000000000,logistic_Q,68,0.161577527791615,0.1348296817869628,0.18046024781914188,0.045630566032179076,False,True,True
4,0.05,2560000000000,logistic_Q,69,0.161577527791615,0.13654417166705674,0.18161243713758368,0.04506826547052695,False,True,True
4,0.05,2560000000000,logistic_Q,70,0.161577527791615,0.13305491899403782,0.17927502087197528,0.04622010187793746,False,True,True
4,0.05,2560000000000,logistic_Q,71,0.161577527791615,0.13160539498666401,0.17830955863819475,0.04670416365153074,False,True,True
4,0.05,2560000000000,logistic_Q,72,0.161577527791615,0.13424186603197363,0.1800705486953813,0.04582868266340767,False,True,True
4,0.05,2560000000000,logistic_Q,73,0.161577527791615,0.13630457279003783,0.18144941339701842,0.045144840606980596,False,True,True
4,0.05,2560000000000,logistic_Q,74,0.161577527791615,0.14049316730491251,0.18427283407396405,0.04377966676905154,False,True,True
4,0.05,2560000000000,logistic_Q,75,0.161577527791615,0.13764382231992134,0.18234890670693654,0.044705084387015204,False,True,True
4,0.05,2560000000000,logistic_Q,76,0.161577527791615,0.12643616638350802,0.17488827225436915,0.04845210587086113,False,True,True
4,0.05,2560000000000,logistic_Q,77,0.161577527791615,0.13441626866073114,0.18018419251598988,0.04576792385525874,False,True,True
4,0.05,2560000000000,logistic_Q,78,0.161577527791615,0.13699864181245314,0.18191972375283377,0.044921081940380636,False,True,True
4,0.05,2560000000000,logistic_Q,79,0.161577527791615,0.13544262733810986,0.1808717426239826,0.045429115285872734,False,True,True
4,0.05,2560000000000,logistic_Q,80,0.161577527791615,0.14212643597195201,0.18538244337744852,0.04325600740549651,False,True,True
4,0.05,2560000000000,logistic_Q,81,0.161577527791615,0.1449168615521268,0.18727993420858718,0.04236307265646039,False,True,True
4,0.05,2560000000000,logistic_Q,82,0.161577527791615,0.13771686349523238,0.18239981707641434,0.04468295358118196,False,True,True
4,0.05,2560000000000,logistic_Q,83,0.161577527791615,0.12956685382274624,0.1769557998456715,0.04738894602292526,False,True,True
4,0.05,2560000000000,logistic_Q,84,0.161577527791615,0.12912786122233938,0.17666307544487142,0.04753521422253204,False,True,True
4,0.05,2560000000000,logistic_Q,85,0.161577527791615,0.13307479271440287,0.1792895189526213,0.04621472623821843,False,True,True
4,0.05,2560000000000,logistic_Q,86,0.161577527791615,0.14070258745960285,0.1844137225977675,0.04371113513816466,False,True,True
4,0.05,2560000000000,logistic_Q,87,0.161577527791615,0.13991785401952778,0.18388743493583837,0.04396958091631059,False,True,True
4,0.05,2560000000000,logistic_Q,88,0.161577527791615,0.1378154985580483,0.18246584873769028,0.04465035017964197,False,True,True
4,0.05,2560000000000,logistic_Q,89,0.161577527791615,0.14283554121157976,0.18586354459347965,0.04302800338189988,False,True,True
4,0.05,2560000000000,logistic_Q,90,0.161577527791615,0.141930755432497,0.18525050170291707,0.04331974627042007,False,True,True
4,0.05,2560000000000,logistic_Q,91,0.161577527791615,0.1368951353041869,0.1818493298817202,0.0449541945775333,False,True,True
4,0.05,2560000000000,logistic_Q,92,0.161577527791615,0.14322779087625703,0.18613194362408242,0.042904152747825386,False,True,True
4,0.05,2560000000000,logistic_Q,93,0.161577527791615,0.13287418527473377,0.17915487568609678,0.04628069041136301,False,True,True
4,0.05,2560000000000,logistic_Q,94,0.161577527791615,0.1381433833429659,0.18268984874109634,0.04454646539813045,False,True,True
4,0.05,2560000000000,logistic_Q,95,0.161577527791615,0.13767136519354028,0.18237115724164277,0.04469979204810248,False,True,True
4,0.05,2560000000000,logistic_Q,96,0.161577527791615,0.1389275902668784,0.183217475253715,0.044289884986836614,False,True,True
4,0.05,2560000000000,logistic_Q,97,0.161577527791615,0.1485483229777912,0.18976724799499123,0.04121892501720004,False,True,True
4,0.05,2560000000000,logistic_Q,98,0.161577527791615,0.14408432737545385,0.18671619775491288,0.042631870379459036,False,True,True
4,0.05,2560000000000,logistic_Q,99,0.161577527791615,0.144675057040626,0.18711811216316016,0.04244305512253416,False,True,True
4,0.05,2560000000000,logistic_Q,100,0.161577527791615,0.13021250413656438,0.17738588474823552,0.047173380611671145,False,True,True
4,0.05,2560000000000,logistic_Q,101,0.161577527791615,0.13373045170970965,0.17972958826682334,0.045999136557113685,False,True,True
4,0.05,2560000000000,logistic_Q,102,0.161577527791615,0.1406008683496443,0.18434865005422485,0.043747781704580546,False,True,True
4,0.05,2560000000000,logistic_Q,103,0.161577527791615,0.14446775461273859,0.18697703115959113,0.04250927654685255,False,True,True
4,0.05,2560000000000,logistic_Q,104,0.161577527791615,0.13029572588952387,0.17744001465235382,0.047144288762829945,False,True,True
4,0.05,2560000000000,logistic_Q,105,0.161577527791615,0.1459410404468442,0.187982177220001,0.042041136773156795,False,True,True
4,0.05,2560000000000,logistic_Q,106,0.161577527791615,0.13363445867807516,0.17966281564488906,0.0460283569668139,False,True,True
4,0.05,2560000000000,logistic_Q,107,0.161577527791615,0.14243801545737633,0.18559244248897355,0.04315442703159722,False,True,True
4,0.05,2560000000000,logistic_Q,108,0.161577527791615,0.14081869139558106,0.18449312478674051,0.04367443339115945,False,True,True
4,0.05,2560000000000,logistic_Q,109,0.161577527791615,0.13422160599827593,0.18005710985290013,0.045835503854624204,False,True,True
4,0.05,2560000000000,logistic_Q,110,0.161577527791615,0.13612810518362456,0.18133244148528332,0.045204336301658765,False,True,True
4,0.05,2560000000000,logistic_Q,111,0.161577527791615,0.14101612041770928,0.18462706848863264,0.04361094807092336,False,True,True
4,0.05,2560000000000,logistic_Q,112,0.161577527791615,0.13593441506540382,0.18120407688008688,0.04526966181468306,False,True,True
4,0.05,2560000000000,logistic_Q,113,0.161577527791615,0.14007349349745074,0.18399294267220323,0.04391944917475249,False,True,True
4,0.05,2560000000000,logistic_Q,114,0.161577527791615,0.13426185629544346,0.18007882954675009,0.045816973251306625,False,True,True
4,0.05,2560000000000,logistic_Q,115,0.161577527791615,0.1368318883537537,0.18180600030432298,0.04497411195056927,False,True,True
4,0.05,2560000000000,logistic_Q,116,0.161577527791615,0.13027868942701126,0.17742990706512862,0.04715121763811736,False,True,True
4,0.05,2560000000000,logistic_Q,117,0.161577527791615,0.13641771463964492,0.18152717342862817,0.04510945878898326,False,True,True
4,0.05,2560000000000,logistic_Q,118,0.161577527791615,0.14113099898650616,0.18470828968830094,0.04357729070179478,False,True,True
4,0.05,2560000000000,logistic_Q,119,0.161577527791615,0.13426415121428392,0.18008521570106062,0.0458210644867767,False,True,True
4,0.05,2560000000000,logistic_Q,120,0.161577527791615,0.13607435584169902,0.181292650958842,0.04521829511714298,False,True,True
4,0.05,2560000000000,logistic_Q,121,0.161577527791615,0.14009463531927818,0.1840042863297383,0.04390965101046013,False,True,True
4,0.05,2560000000000,logistic_Q,122,0.161577527791615,0.13550298483509465,0.18091405554416312,0.04541107070906847,False,True,True
4,0.05,2560000000000,logistic_Q,123,0.161577527791615,0.12748164248394833,0.1755746952693813,0.048093052785432966,False,True,True
4,0.05,2560000000000,logistic_Q,124,0.161577527791615,0.14634543309469716,0.18826103490149848,0.04191560180680132,False,True,True
4,0.05,2560000000000,logistic_Q,125,0.161577527791615,0.1418195915060949,0.18517259196368352,0.04335300045758861,False,True,True
4,0.05,2560000000000,logistic_Q,126,0.161577527791615,0.14241349673121334,0.18557767434876277,0.043164177617549426,False,True,True
4,0.05,2560000000000,logistic_Q,127,0.161577527791615,0.13867147598917745,0.18304577710919973,0.044374301120022275,False,True,True
4,0.05,2560000000000,logistic_Q,128,0.161577527791615,0.13237110126158863,0.17882207555236607,0.046450974290777436,False,True,True
4,0.05,2560000000000,logistic_Q,129,0.161577527791615,0.13415914494339892,0.18001446398027354,0.04585531903687462,False,True,True
4,0.05,2560000000000,logistic_Q,130,0.161577527791615,0.1418891970181202,0.18522193350826116,0.043332736490140966,False,True,True
4,0.05,2560000000000,logistic_Q,131,0.161577527791615,0.13565320118172441,0.18101405163211015,0.04536085045038574,False,True,True
4,0.05,2560000000000,logistic_Q,132,0.161577527791615,0.12959019773817,0.1769724464157491,0.04738224867757912,False,True,True
4,0.05,2560000000000,logistic_Q,133,0.161577527791615,0.14360485384224192,0.18638910902900518,0.042784255186763265,False,True,True
4,0.05,2560000000000,logistic_Q,134,0.161577527791615,0.13012071558196914,0.17732341821603897,0.04720270263406984,False,True,True
4,0.05,2560000000000,logistic_Q,135,0.161577527791615,0.13672470144290666,0.18173089700000955,0.04500619555710289,False,True,True
4,0.05,2560000000000,logistic_Q,136,0.161577527791615,0.12729417298888646,0.17545395754856075,0.04815978455967429,False,True,True
4,0.05,2560000000000,logistic_Q,137,0.161577527791615,0.13961138221146946,0.1836791751019804,0.04406779289051094,False,True,True
4,0.05,2560000000000,logistic_Q,138,0.161577527791615,0.1394956295843086,0.1835984174341176,0.04410278784980898,False,True,True
4,0.05,2560000000000,logistic_Q,139,0.161577527791615,0.1365542259034313,0.18161649148092568,0.045062265577494376,False,True,True
4,0.05,2560000000000,logistic_Q,140,0.161577527791615,0.12956715895761112,0.17695946675076096,0.047392307793149846,False,True,True
4,0.05,2560000000000,logistic_Q,141,0.161577527791615,0.14008516315618952,0.183998102003176,0.04391293884698649,False,True,True
4,0.05,2560000000000,logistic_Q,142,0.161577527791615,0.1443783291269254,0.18691660820153227,0.04253827907460689,False,True,True
4,0.05,2560000000000,logistic_Q,143,0.161577527791615,0.13855835877824874,0.18296826887367262,0.04440991009542389,False,True,True
4,0.05,2560000000000,logistic_Q,144,0.161577527791615,0.13357293245724278,0.17962209048555394,0.046049158028311166,False,True,True
4,0.05,2560000000000,logistic_Q,145,0.161577527791615,0.1309326120383067,0.1778617697758736,0.046929157737566896,False,True,True
4,0.05,2560000000000,logistic_Q,146,0.161577527791615,0.13237945853844468,0.1788236323417262,0.04644417380328153,False,True,True
4,0.05,2560000000000,logistic_Q,147,0.161577527791615,0.13524540859553313,0.1807396433736671,0.04549423477813397,False,True,True
4,0.05,2560000000000,logistic_Q,148,0.161577527791615,0.13430610758373668,0.18010999382416693,0.04580388624043025,False,True,True
4,0.05,2560000000000,logistic_Q,149,0.161577527791615,0.13321909869049403,0.17938579999242021,0.04616670130192618,False,True,True
4,0.05,2560000000000,logistic_Q,150,0.161577527791615,0.13676949599693283,0.18176269017428365,0.044993194177350815,False,True,True
4,0.05,2560000000000,logistic_Q,151,0.161577527791615,0.13391060770026858,0.17984832531714517,0.045937717616876594,False,True,True
4,0.05,2560000000000,logistic_Q,152,0.161577527791615,0.12639899991916498,0.17486377654621105,0.04846477662704607,False,True,True
4,0.05,2560000000000,logistic_Q,153,0.161577527791615,0.1339003389991532,0.1798396106088913,0.0459392716097381,False,True,True
4,0.05,2560000000000,logistic_Q,154,0.161577527791615,0.1368529416859336,0.18182038616023077,0.04496744447429718,False,True,True
4,0.05,2560000000000,logistic_Q,155,0.161577527791615,0.13639528728771222,0.18151373482795174,0.045118447540239526,False,True,True
4,0.05,2560000000000,logistic_Q,156,0.161577527791615,0.13352119258683987,0.17958594071901535,0.04606474813217548,False,True,True
4,0.05,2560000000000,logistic_Q,157,0.161577527791615,0.14033067313560682,0.18416490501976895,0.043834231884162134,False,True,True
4,0.05,2560000000000,logistic_Q,158,0.161577527791615,0.12687360545101262,0.17517618583712974,0.04830258038611712,False,True,True
4,0.05,2560000000000,logistic_Q,159,0.161577527791615,0.1435541168590898,0.1863513320953467,0.0427972152362569,False,True,True
4,0.05,2560000000000,logistic_Q,160,0.161577527791615,0.1333800344902924,0.17949464924264175,0.04611461475234935,False,True,True
4,0.05,2560000000000,logistic_Q,161,0.161577527791615,0.1370977787167046,0.18198241858450803,0.044884639867803444,False,True,True
4,0.05,2560000000000,logistic_Q,162,0.161577527791615,0.13314271227669405,0.17933478137219616,0.04619206909550211,False,True,True
4,0.05,2560000000000,logistic_Q,163,0.161577527791615,0.13821342927036628,0.18273719577400327,0.044523766503636986,False,True,True
4,0.05,2560000000000,logistic_Q,164,0.161577527791615,0.1400344657994907,0.18396258038418273,0.043928114584692035,False,True,True
4,0.05,2560000000000,logistic_Q,165,0.161577527791615,0.13215789946422618,0.17868136134045598,0.0465234618762298,False,True,True
4,0.05,2560000000000,logistic_Q,166,0.161577527791615,0.13684334666200726,0.1818152190413006,0.04497187237929334,False,True,True
4,0.05,2560000000000,logistic_Q,167,0.161577527791615,0.13106133588515756,0.17794848688704074,0.046887151001883176,False,True,True
4,0.05,2560000000000,logistic_Q,168,0.161577527791615,0.1386180500253139,0.18301122548105642,0.044393175455742506,False,True,True
4,0.05,2560000000000,logistic_Q,169,0.161577527791615,0.12447538991755591,0.17359561862376688,0.04912022870621097,False,True,True
4,0.05,2560000000000,logistic_Q,170,0.161577527791615,0.126750707152958,0.1750964319488305,0.04834572479587251,False,True,True
4,0.05,2560000000000,logistic_Q,171,0.161577527791615,0.13398079570214055,0.17989251867356781,0.04591172297142726,False,True,True
4,0.05,2560000000000,logistic_Q,172,0.161577527791615,0.1314494871060758,0.17820498014828035,0.046755493042204554,False,True,True
4,0.05,2560000000000,logistic_Q,173,0.161577527791615,0.13731215769434119,0.1821251470452011,0.04481298935085992,False,True,True
4,0.05,2560000000000,logistic_Q,174,0.161577527791615,0.14065966601610846,0.18438679481317566,0.043727128797067194,False,True,True
4,0.05,2560000000000,logistic_Q,175,0.161577527791615,0.13692330952449577,0.18186596409358485,0.04494265456908908,False,True,True
4,0.05,2560000000000,logistic_Q,176,0.161577527791615,0.13188433447650433,0.1784946478362161,0.046610313359711775,False,True,True
4,0.05,2560000000000,logistic_Q,177,0.161577527791615,0.13258016009596235,0.17895670194965896,0.04637654185369661,False,True,True
4,0.05,2560000000000,logistic_Q,178,0.161577527791615,0.14548771173030528,0.1876746566584498,0.04218694492814451,False,True,True
4,0.05,2560000000000,logistic_Q,179,0.161577527791615,0.14040784334653456,0.18421792896835282,0.04381008562181826,False,True,True
4,0.05,2560000000000,logistic_Q,180,0.161577527791615,0.13913116314488172,0.18335503280726595,0.04422386966238423,False,True,True
4,0.05,2560000000000,logistic_Q,181,0.161577527791615,0.13311119888733502,0.17931517990178342,0.04620398101444839,False,True,True
4,0.05,2560000000000,logistic_Q,182,0.161577527791615,0.13963976808425277,0.18369943082731255,0.04405966274305978,False,True,True
4,0.05,2560000000000,logistic_Q,183,0.161577527791615,0.13697808695867525,0.1819015105714486,0.04492342361277335,False,True,True
4,0.05,2560000000000,logistic_Q,184,0.161577527791615,0.13903506815043443,0.18328897619197793,0.0442539080415435,False,True,True
4,0.05,2560000000000,logistic_Q,185,0.161577527791615,0.13993622848418252,0.18390017186288166,0.04396394337869913,False,True,True
4,0.05,2560000000000,logistic_Q,186,0.161577527791615,0.1424506622302849,0.18560514261202665,0.043154480381741744,False,True,True
4,0.05,2560000000000,logistic_Q,187,0.161577527791615,0.13949218910231892,0.18360038860900296,0.04410819950668404,False,True,True
4,0.05,2560000000000,logistic_Q,188,0.161577527791615,0.13723036231382862,0.182074292412036,0.04484393009820736,False,True,True
4,0.05,2560000000000,logistic_Q,189,0.161577527791615,0.1418634886068496,0.18520448224446767,0.043340993637618064,False,True,True
4,0.05,2560000000000,logistic_Q,190,0.161577527791615,0.14183215162396967,0.1851844418782515,0.04335229025428183,False,True,True
4,0.05,2560000000000,logistic_Q,191,0.161577527791615,0.14038627824056066,0.184202431920917,0.04381615368035635,False,True,True
4,0.05,2560000000000,logistic_Q,192,0.161577527791615,0.13593306064786803,0.18119921755071483,0.0452661569028468,False,True,True
4,0.05,2560000000000,logistic_Q,193,0.161577527791615,0.13742609351036916,0.18220663743399446,0.04478054392362529,False,True,True
4,0.05,2560000000000,logistic_Q,194,0.161577527791615,0.14726119829020778,0.1888846061430945,0.04162340785288671,False,True,True
4,0.05,2560000000000,logistic_Q,195,0.161577527791615,0.1334621233934808,0.17954460767870878,0.04608248428522799,False,True,True
4,0.05,2560000000000,logistic_Q,196,0.161577527791615,0.1420609492597511,0.1853363961790805,0.043275446919329386,False,True,True
4,0.05,2560000000000,logistic_Q,197,0.161577527791615,0.1354445391546138,0.18087316760373262,0.045428628449118824,False,True,True
4,0.05,2560000000000,logistic_Q,198,0.161577527791615,0.13008448994407923,0.17730131953230943,0.0472168295882302,False,True,True
4,0.05,2560000000000,logistic_Q,199,0.161577527791615,0.13774866093883842,0.18242511038504994,0.04467644944621152,False,True,True
4,0.1,10000000000,probit_P,0,0.2,0.11531098359403447,0.20330281976566428,0.08799183617162981,False,True,True
4,0.1,10000000000,probit_P,1,0.2,0.10486097222492052,0.1986362409971233,0.09377526877220277,False,False,True
4,0.1,10000000000,probit_P,2,0.2,0.11107423010107959,0.20141475850578305,0.09034052840470347,False,True,True
4,0.1,10000000000,probit_P,3,0.2,0.11564456603410017,0.20348790176949488,0.08784333573539471,False,True,True
4,0.1,10000000000,probit_P,4,0.2,0.08758740161084849,0.19120002797989227,0.10361262636904378,False,False,True
4,0.1,10000000000,probit_P,5,0.2,0.12073959192876033,0.2058322357926598,0.08509264386389948,False,True,True
4,0.1,10000000000,probit_P,6,0.2,0.10811714490606328,0.2000802883817473,0.09196314347568402,False,True,True
4,0.1,10000000000,probit_P,7,0.2,0.10199884064528059,0.1973986757371537,0.09539983509187311,False,False,True
4,0.1,10000000000,probit_P,8,0.2,0.11128388826342761,0.20150249202892062,0.09021860376549301,False,True,True
4,0.1,10000000000,probit_P,9,0.2,0.09869805537406984,0.1959330340624646,0.09723497868839476,False,False,True
4,0.1,10000000000,probit_P,10,0.2,0.11419963081674,0.20282587132953955,0.08862624051279955,False,True,True
4,0.1,10000000000,probit_P,11,0.2,0.12034427040806689,0.205600638916222,0.0852563685081551,False,True,True
4,0.1,10000000000,probit_P,12,0.2,0.11211259141322166,0.2018849290571435,0.08977233764392184,False,True,True
4,0.1,10000000000,probit_P,13,0.2,0.0973810377668693,0.1953865917197808,0.0980055539529115,False,False,True
4,0.1,10000000000,probit_P,14,0.2,0.09442880185426583,0.19407291848276903,0.0996441166285032,False,False,True
4,0.1,10000000000,probit_P,15,0.2,0.09840193324015978,0.19576686341918664,0.09736493017902687,False,False,True
4,0.1,10000000000,probit_P,16,0.2,0.1121050764214303,0.2018587421344326,0.0897536657130023,False,True,True
4,0.1,10000000000,probit_P,17,0.2,0.07640019559978661,0.18659360442387424,0.11019340882408762,False,False,True
4,0.1,10000000000,probit_P,18,0.2,0.1131243738360585,0.20230093129300203,0.08917655745694353,False,True,True
4,0.1,10000000000,probit_P,19,0.2,0.09130571089728018,0.1927523737650595,0.10144666286777931,False,False,True
4,0.1,10000000000,probit_P,20,0.2,0.11051287184550324,0.2011730214488049,0.09066014960330165,False,True,True
4,0.1,10000000000,probit_P,21,0.2,0.09254766892764066,0.19327400322372768,0.10072633429608702,False,False,True
4,0.1,10000000000,probit_P,22,0.2,0.1301607800527369,0.2102488917443242,0.0800881116915873,False,True,True
4,0.1,10000000000,probit_P,23,0.2,0.11647554909963731,0.2038611939879959,0.0873856448883586,False,True,True
4,0.1,10000000000,probit_P,24,0.2,0.08175210004413558,0.18878169333181716,0.10702959328768158,False,False,True
4,0.1,10000000000,probit_P,25,0.2,0.11346845472639722,0.20248505074718554,0.08901659602078832,False,True,True
4,0.1,10000000000,probit_P,26,0.2,0.10530679798215387,0.19880678154811232,0.09349998356595846,False,False,True
4,0.1,10000000000,probit_P,27,0.2,0.09320220368385723,0.1936012072866773,0.10039900360282006,False,False,True
4,0.1,10000000000,probit_P,28,0.2,0.10453408911728473,0.19848193624161126,0.09394784712432652,False,False,True
4,0.1,10000000000,probit_P,29,0.2,0.11289338033747232,0.20223365621090228,0.08934027587342996,False,True,True
4,0.1,10000000000,probit_P,30,0.2,0.10123856220356636,0.19704177914366633,0.09580321694009997,False,False,True
4,0.1,10000000000,probit_P,31,0.2,0.10909510588435106,0.20052368364567053,0.09142857776131946,False,True,True
4,0.1,10000000000,probit_P,32,0.2,0.10411034163650168,0.19829555936538645,0.09418521772888477,False,False,True
4,0.1,10000000000,probit_P,33,0.2,0.10328032978711477,0.19791424715153277,0.09463391736441801,False,False,True
4,0.1,10000000000,probit_P,34,0.2,0.12091316183005535,0.20588263692188408,0.08496947509182873,False,True,True
4,0.1,10000000000,probit_P,35,0.2,0.06960989924505762,0.1839214618344372,0.11431156258937958,False,False,True
4,0.1,10000000000,probit_P,36,0.2,0.10471835443426558,0.19855811460096723,0.09383976016670165,False,False,True
4,0.1,10000000000,probit_P,37,0.2,0.10176385567898732,0.19723345360669226,0.09546959792770493,False,False,True
4,0.1,10000000000,probit_P,38,0.2,0.09170458349363653,0.19293255607056997,0.10122797257693344,False,False,True
4,0.1,10000000000,probit_P,39,0.2,0.10932409611785238,0.2006158756426169,0.09129177952476453,False,True,True
4,0.1,10000000000,probit_P,40,0.2,0.10985982722627063,0.2008850807163085,0.09102525349003787,False,True,True
4,0.1,10000000000,probit_P,41,0.2,0.1016278360303361,0.19718146488707516,0.09555362885673907,False,False,True
4,0.1,10000000000,probit_P,42,0.2,0.09030883165336245,0.19232515201667877,0.10201632036331632,False,False,True
4,0.1,10000000000,probit_P,43,0.2,0.11329822488581531,0.20239898199964512,0.08910075711382981,False,True,True
4,0.1,10000000000,probit_P,44,0.2,0.08299635094113328,0.18930023218984482,0.10630388124871154,False,False,True
4,0.1,10000000000,probit_P,45,0.2,0.11667470833312432,0.20394419246704593,0.0872694841339216,False,True,True
4,0.1,10000000000,probit_P,46,0.2,0.10330983983317427,0.19795477949905876,0.0946449396658845,False,False,True
4,0.1,10000000000,probit_P,47,0.2,0.0850077261532044,0.19012234318816662,0.10511461703496222,False,False,True
4,0.1,10000000000,probit_P,48,0.2,0.11717619800073459,0.20416597996007751,0.08698978195934293,False,True,True
4,0.1,10000000000,probit_P,49,0.2,0.10885554320553487,0.2003944306051696,0.09153888739963473,False,True,True
4,0.1,10000000000,probit_P,50,0.2,0.1104630065619216,0.20114800651619352,0.09068499995427193,False,True,True
4,0.1,10000000000,probit_P,51,0.2,0.09960195759355428,0.19633113071311697,0.0967291731195627,False,False,True
4,0.1,10000000000,probit_P,52,0.2,0.09297639458159856,0.19349096275597738,0.10051456817437882,False,False,True
4,0.1,10000000000,probit_P,53,0.2,0.11704708550395049,0.2041349844683223,0.0870878989643718,False,True,True
4,0.1,10000000000,probit_P,54,0.2,0.11306776922315259,0.20226164335398733,0.08919387413083474,False,True,True
4,0.1,10000000000,probit_P,55,0.2,0.10667074967289536,0.1994164376997401,0.09274568802684474,False,False,True
4,0.1,10000000000,probit_P,56,0.2,0.07634504408229431,0.18657628239250512,0.11023123831021081,False,False,True
4,0.1,10000000000,probit_P,57,0.2,0.11221566852509557,0.2019176896139201,0.08970202108882452,False,True,True
4,0.1,10000000000,probit_P,58,0.2,0.11907468416869682,0.20505952997374904,0.08598484580505222,False,True,True
4,0.1,10000000000,probit_P,59,0.2,0.11376374102470027,0.20260252422032543,0.08883878319562516,False,True,True
4,0.1,10000000000,probit_P,60,0.2,0.10660402344166142,0.19940728817148468,0.09280326472982325,False,False,True
4,0.1,10000000000,probit_P,61,0.2,0.10280359178267912,0.197724453475564,0.09492086169288488,False,False,True
4,0.1,10000000000,probit_P,62,0.2,0.11858740463897588,0.20481569405559436,0.08622828941661848,False,True,True
4,0.1,10000000000,probit_P,63,0.2,0.09377298540900048,0.1938014329849302,0.10002844757592971,False,False,True
4,0.1,10000000000,probit_P,64,0.2,0.11486039947036786,0.2031296746111605,0.08826927514079264,False,True,True
4,0.1,10000000000,probit_P,65,0.2,0.10775054972609444,0.1999075211435387,0.09215697141744428,False,False,True
4,0.1,10000000000,probit_P,66,0.2,0.10207284711854264,0.1974032497053163,0.09533040258677367,False,False,True
4,0.1,10000000000,probit_P,67,0.2,0.07982400868605544,0.18800759677547574,0.1081835880894203,False,False,True
4,0.1,10000000000,probit_P,68,0.2,0.06819840147923428,0.1833552974889613,0.115156896009727,False,False,True
4,0.1,10000000000,probit_P,69,0.2,0.10102987391044671,0.19695165989421803,0.09592178598377132,False,False,True
4,0.1,10000000000,probit_P,70,0.2,0.12256733462356373,0.2066855700819027,0.08411823545833896,False,True,True
4,0.1,10000000000,probit_P,71,0.2,0.11066759236680457,0.2012421902252829,0.09057459785847832,False,True,True
4,0.1,10000000000,probit_P,72,0.2,0.10056830166096731,0.19676349406540533,0.09619519240443802,False,False,True
4,0.1,10000000000,probit_P,73,0.2,0.1060869735569574,0.199186844669962,0.0930998711130046,False,False,True
4,0.1,10000000000,probit_P,74,0.2,0.12244264527931109,0.20657337111565272,0.08413072583634162,False,True,True
4,0.1,10000000000,probit_P,75,0.2,0.08964777231095367,0.19204223243042828,0.10239446011947462,False,False,True
4,0.1,10000000000,probit_P,76,0.2,0.11657290675110649,0.20391172128804053,0.08733881453693404,False,True,True
4,0.1,10000000000,probit_P,77,0.2,0.12995427852674218,0.21019899135666542,0.08024471282992324,False,True,True
4,0.1,10000000000,probit_P,78,0.2,0.1088328153178767,0.20042643491522177,0.09159361959734508,False,True,True
4,0.1,10000000000,probit_P,79,0.2,0.112791071521954,0.20217554810418814,0.08938447658223414,False,True,True
4,0.1,10000000000,probit_P,80,0.2,0.09248376612557563,0.19327226863644248,0.10078850251086685,False,False,True
4,0.1,10000000000,probit_P,81,0.2,0.09402861855797234,0.19391399482781535,0.09988537626984301,False,False,True
4,0.1,10000000000,probit_P,82,0.2,0.1025642038681383,0.1976333137301326,0.0950691098619943,False,False,True
4,0.1,10000000000,probit_P,83,0.2,0.07244792801061173,0.18498266671017438,0.11253473869956265,False,False,True
4,0.1,10000000000,probit_P,84,0.2,0.11063245224236445,0.20120564964516924,0.09057319740280478,False,True,True
4,0.1,10000000000,probit_P,85,0.2,0.08426808103967887,0.18982724203204943,0.10555916099237056,False,False,True
4,0.1,10000000000,probit_P,86,0.2,0.11988817401446272,0.20542337492425722,0.0855352009097945,False,True,True
4,0.1,10000000000,probit_P,87,0.2,0.13431059150226876,0.21225610214424723,0.07794551064197847,False,True,True
4,0.1,10000000000,probit_P,88,0.2,0.09846568088114183,0.19581959227808332,0.0973539113969415,False,False,True
4,0.1,10000000000,probit_P,89,0.2,0.09446899014354565,0.19411472885949232,0.09964573871594667,False,False,True
4,0.1,10000000000,probit_P,90,0.2,0.10998366986973801,0.2009404163047706,0.0909567464350326,False,True,True
4,0.1,10000000000,probit_P,91,0.2,0.10496701595924535,0.19869365208569367,0.09372663612644833,False,False,True
4,0.1,10000000000,probit_P,92,0.2,0.11945032146359474,0.20522679208431494,0.08577647062072019,False,True,True
4,0.1,10000000000,probit_P,93,0.2,0.10396880566727212,0.1982438192666846,0.09427501359941248,False,False,True
4,0.1,10000000000,probit_P,94,0.2,0.11812290063625819,0.20460093257507456,0.08647803193881637,False,True,True
4,0.1,10000000000,probit_P,95,0.2,0.09555888957668979,0.19457563415640827,0.09901674457971849,False,False,True
4,0.1,10000000000,probit_P,96,0.2,0.10844184501062631,0.20020802310756253,0.09176617809693621,False,True,True
4,0.1,10000000000,probit_P,97,0.2,0.08932126075895286,0.1919489578193641,0.10262769706041125,False,False,True
4,0.1,10000000000,probit_P,98,0.2,0.09063775754252346,0.19245846746034673,0.10182070991782327,False,False,True
4,0.1,10000000000,probit_P,99,0.2,0.10571080662228088,0.19906418621773758,0.0933533795954567,False,False,True
4,0.1,10000000000,probit_P,100,0.2,0.12379716115854733,0.20723080019060247,0.08343363903205514,False,True,True
4,0.1,10000000000,probit_P,101,0.2,0.08965509225494528,0.19211107660017612,0.10245598434523084,False,False,True
4,0.1,10000000000,probit_P,102,0.2,0.11606762754714611,0.20369841375854247,0.08763078621139636,False,True,True
4,0.1,10000000000,probit_P,103,0.2,0.11122410415445755,0.2014865534503173,0.09026244929585975,False,True,True
4,0.1,10000000000,probit_P,104,0.2,0.10021423759895881,0.19659562580598827,0.09638138820702946,False,False,True
4,0.1,10000000000,probit_P,105,0.2,0.07942316117599463,0.18783209182222987,0.10840893064623525,False,False,True
4,0.1,10000000000,probit_P,106,0.2,0.09043889981768721,0.19238982170565788,0.10195092188797067,False,False,True
4,0.1,10000000000,probit_P,107,0.2,0.09063506442400415,0.19250783232844282,0.10187276790443867,False,False,True
4,0.1,10000000000,probit_P,108,0.2,0.1030862402426681,0.19784839583729996,0.09476215559463186,False,False,True
4,0.1,10000000000,probit_P,109,0.2,0.09062748954571809,0.19247424927920698,0.10184675973348889,False,False,True
4,0.1,10000000000,probit_P,110,0.2,0.06775199967587647,0.18318608777662126,0.11543408810074479,False,False,True
4,0.1,10000000000,probit_P,111,0.2,0.13436347300442963,0.2122914998047139,0.07792802680028427,False,True,True
4,0.1,10000000000,probit_P,112,0.2,0.10138352564912156,0.19707629514279001,0.09569276949366845,False,False,True
4,0.1,10000000000,probit_P,113,0.2,0.10471905206210103,0.19860056053808478,0.09388150847598375,False,False,True
4,0.1,10000000000,probit_P,114,0.2,0.08739028173101748,0.19116280429121457,0.10377252256019709,False,False,True
4,0.1,10000000000,probit_P,115,0.2,0.08849143714277041,0.19155398441002364,0.10306254726725322,False,False,True
4,0.1,10000000000,probit_P,116,0.2,0.10833212493619965,0.20015213348823202,0.09182000855203237,False,True,True
4,0.1,10000000000,probit_P,117,0.2,0.08618316597435832,0.19064797683307588,0.10446481085871756,False,False,True
4,0.1,10000000000,probit_P,118,0.2,0.10917168558696344,0.20052588638254054,0.0913542007955771,False,True,True
4,0.1,10000000000,probit_P,119,0.2,0.11886710056506056,0.20492970002039712,0.08606259945533656,False,True,True
4,0.1,10000000000,probit_P,120,0.2,0.07873468733957284,0.18751578439008315,0.10878109705051031,False,False,True
4,0.1,10000000000,probit_P,121,0.2,0.0953694332088526,0.19447511581672178,0.09910568260786917,False,False,True
4,0.1,10000000000,probit_P,122,0.2,0.10502535369998656,0.1986881695637689,0.09366281586378233,False,False,True
4,0.1,10000000000,probit_P,123,0.2,0.09740588911836162,0.19537102839863374,0.09796513928027212,False,False,True
4,0.1,10000000000,probit_P,124,0.2,0.10690951363746798,0.1995097302183919,0.09260021658092393,False,False,True
4,0.1,10000000000,probit_P,125,0.2,0.10936194901919877,0.20060714451354306,0.09124519549434429,False,True,True
4,0.1,10000000000,probit_P,126,0.2,0.1303876261292653,0.21038361916302145,0.07999599303375615,False,True,True
4,0.1,10000000000,probit_P,127,0.2,0.1008113170539019,0.19683799209802394,0.09602667504412205,False,False,True
4,0.1,10000000000,probit_P,128,0.2,0.10829872729276868,0.2001407994392353,0.09184207214646661,False,True,True
4,0.1,10000000000,probit_P,129,0.2,0.09775699869494281,0.1955797440292103,0.09782274533426749,False,False,True
4,0.1,10000000000,probit_P,130,0.2,0.09723508686664517,0.19533267200170945,0.09809758513506428,False,False,True
4,0.1,10000000000,probit_P,131,0.2,0.11253888542119544,0.2020924759583126,0.08955359053711714,False,True,True
4,0.1,10000000000,probit_P,132,0.2,0.094227236637274,0.19400231037172716,0.09977507373445316,False,False,True
4,0.1,10000000000,probit_P,133,0.2,0.10736532051253234,0.19975187762887875,0.09238655711634641,False,False,True
4,0.1,10000000000,probit_P,134,0.2,0.11067259696432985,0.20122148573793464,0.09054888877360479,False,True,True
4,0.1,10000000000,probit_P,135,0.2,0.11884558919392302,0.20497230014131135,0.08612671094738833,False,True,True
4,0.1,10000000000,probit_P,136,0.2,0.08195318168257198,0.18887036442819904,0.10691718274562706,False,False,True
4,0.1,10000000000,probit_P,137,0.2,0.08436148377702163,0.1898879384589029,0.10552645468188127,False,False,True
4,0.1,10000000000,probit_P,138,0.2,0.09713410286768087,0.19522152967842044,0.09808742681073956,False,False,True
4,0.1,10000000000,probit_P,139,0.2,0.09690297559307087,0.19519056580250738,0.0982875902094365,False,False,True
4,0.1,10000000000,probit_P,140,0.2,0.11071015829095632,0.20125519726872965,0.09054503897777333,False,True,True
4,0.1,10000000000,probit_P,141,0.2,0.11326227506936587,0.20239767401841735,0.08913539894905148,False,True,True
4,0.1,10000000000,probit_P,142,0.2,0.11331394609133821,0.2024333738375938,0.08911942774625559,False,True,True
4,0.1,10000000000,probit_P,143,0.2,0.08458371724508312,0.18991983413778324,0.10533611689270012,False,False,True
4,0.1,10000000000,probit_P,144,0.2,0.10258348716788229,0.19760789663332184,0.09502440946543955,False,False,True
4,0.1,10000000000,probit_P,145,0.2,0.10061373847476113,0.1967356098333648,0.09612187135860367,False,False,True
4,0.1,10000000000,probit_P,146,0.2,0.10046879689049931,0.19671076272344734,0.09624196583294803,False,False,True
4,0.1,10000000000,probit_P,147,0.2,0.14025465644641638,0.21517180958395948,0.0749171531375431,False,True,True
4,0.1,10000000000,probit_P,148,0.2,0.10873893239327365,0.20038594072361832,0.09164700833034467,False,True,True
4,0.1,10000000000,probit_P,149,0.2,0.11775095094178095,0.2044286006067132,0.08667764966493224,False,True,True
4,0.1,10000000000,probit_P,150,0.2,0.12110982805485954,0.20598089121451008,0.08487106315965054,False,True,True
4,0.1,10000000000,probit_P,151,0.2,0.1070005320001437,0.19960732812221482,0.09260679612207112,False,False,True
4,0.1,10000000000,probit_P,152,0.2,0.0930486539378837,0.19350037757625121,0.10045172363836752,False,False,True
4,0.1,10000000000,probit_P,153,0.2,0.09204117215665275,0.19306643683013353,0.10102526467348077,False,False,True
4,0.1,10000000000,probit_P,154,0.2,0.11709586232258223,0.20413798400886185,0.08704212168627962,False,True,True
4,0.1,10000000000,probit_P,155,0.2,0.11658210356495868,0.20393162101145473,0.08734951744649605,False,True,True
4,0.1,10000000000,probit_P,156,0.2,0.09772638622784424,0.19554071607353835,0.0978143298456941,False,False,True
4,0.1,10000000000,probit_P,157,0.2,0.10235377117675037,0.19753828226107834,0.09518451108432796,False,False,True
4,0.1,10000000000,probit_P,158,0.2,0.11074898508582087,0.20124875982886886,0.09049977474304799,False,True,True
4,0.1,10000000000,probit_P,159,0.2,0.12016526868055272,0.20559092478139468,0.08542565610084196,False,True,True
4,0.1,10000000000,probit_P,160,0.2,0.08575725532675577,0.19047392178196076,0.104716666455205,False,False,True
4,0.1,10000000000,probit_P,161,0.2,0.11772919056431752,0.2044223889483084,0.08669319838399087,False,True,True
4,0.1,10000000000,probit_P,162,0.2,0.10855045178739242,0.2002643520683699,0.09171390028097748,False,True,True
4,0.1,10000000000,probit_P,163,0.2,0.07635565791604804,0.18660841901238595,0.11025276109633791,False,False,True
4,0.1,10000000000,probit_P,164,0.2,0.11062493543513574,0.2011777320487685,0.09055279661363275,False,True,True
4,0.1,10000000000,probit_P,165,0.2,0.09184972114064849,0.19301306940878493,0.10116334826813644,False,False,True
4,0.1,10000000000,probit_P,166,0.2,0.10395734714786037,0.19823544427712692,0.09427809712926655,False,False,True
4,0.1,10000000000,probit_P,167,0.2,0.12434316701047887,0.2075141442748606,0.08317097726438172,False,True,True
4,0.1,10000000000,probit_P,168,0.2,0.11168795344982424,0.20169070819797635,0.09000275474815211,False,True,True
4,0.1,10000000000,probit_P,169,0.2,0.07885876183858886,0.18759413831728433,0.10873537647869547,False,False,True
4,0.1,10000000000,probit_P,170,0.2,0.09477905632643041,0.19423437915560038,0.09945532282916997,False,False,True
4,0.1,10000000000,probit_P,171,0.2,0.0945036701531558,0.19409894247643167,0.09959527232327586,False,False,True
4,0.1,10000000000,probit_P,172,0.2,0.10864927145771114,0.20033176372933292,0.09168249227162178,False,True,True
4,0.1,10000000000,probit_P,173,0.2,0.12395406913403711,0.20732144062597935,0.08336737149194223,False,True,True
4,0.1,10000000000,probit_P,174,0.2,0.0845156259300906,0.18993174708554889,0.10541612115545829,False,False,True
4,0.1,10000000000,probit_P,175,0.2,0.09909066068021055,0.19613501750019474,0.09704435681998419,False,False,True
4,0.1,10000000000,probit_P,176,0.2,0.10807924526754248,0.19998280236695687,0.09190355709941439,False,False,True
4,0.1,10000000000,probit_P,177,0.2,0.09743917484725356,0.1953752388141799,0.09793606396692633,False,False,True
4,0.1,10000000000,probit_P,178,0.2,0.10716007377588893,0.19963820061083098,0.09247812683494205,False,False,True
4,0.1,10000000000,probit_P,179,0.2,0.09322150628019443,0.1935839919573355,0.10036248567714107,False,False,True
4,0.1,10000000000,probit_P,180,0.2,0.10120773573259795,0.19699823248432768,0.09579049675172974,False,False,True
4,0.1,10000000000,probit_P,181,0.2,0.12752061118394536,0.20897575220455966,0.0814551410206143,False,True,True
4,0.1,10000000000,probit_P,182,0.2,0.10806066224553057,0.2000388659280688,0.09197820368253823,False,True,True
4,0.1,10000000000,probit_P,183,0.2,0.08704631189645873,0.19098644143114218,0.10394012953468346,False,False,True
4,0.1,10000000000,probit_P,184,0.2,0.11187369735266317,0.20172749828691244,0.08985380093424927,False,True,True
4,0.1,10000000000,probit_P,185,0.2,0.09327182119952238,0.19358859181306143,0.10031677061353905,False,False,True
4,0.1,10000000000,probit_P,186,0.2,0.07943427489032717,0.1878176414887593,0.10838336659843212,False,False,True
4,0.1,10000000000,probit_P,187,0.2,0.11245069295425497,0.20196976943959694,0.08951907648534196,False,True,True
4,0.1,10000000000,probit_P,188,0.2,0.10304867607754192,0.19783176723636064,0.09478309115881872,False,False,True
4,0.1,10000000000,probit_P,189,0.2,0.12018704143712988,0.20557211288892496,0.08538507145179508,False,True,True
4,0.1,10000000000,probit_P,190,0.2,0.08636963270567316,0.19073254750322322,0.10436291479755005,False,False,True
4,0.1,10000000000,probit_P,191,0.2,0.11796244442957649,0.20454847366958095,0.08658602924000447,False,True,True
4,0.1,10000000000,probit_P,192,0.2,0.09619542558175942,0.19484005833054208,0.09864463274878266,False,False,True
4,0.1,10000000000,probit_P,193,0.2,0.128858797774974,0.20962903824511214,0.08077024047013814,False,True,True
4,0.1,10000000000,probit_P,194,0.2,0.10116460528987226,0.19696639477377925,0.095801789483907,False,False,True
4,0.1,10000000000,probit_P,195,0.2,0.10440097579300672,0.19839747413036546,0.09399649833735874,False,False,True
4,0.1,10000000000,probit_P,196,0.2,0.10518421457673532,0.19882118868464016,0.09363697410790484,False,False,True
4,0.1,10000000000,probit_P,197,0.2,0.08670766006490749,0.19081396355442765,0.10410630348952016,False,False,True
4,0.1,10000000000,probit_P,198,0.2,0.10984255999725384,0.2008597902346243,0.09101723023737046,False,True,True
4,0.1,10000000000,probit_P,199,0.2,0.09559267351929618,0.19454990007808742,0.09895722655879124,False,False,True
4,0.1,10000000000,logistic_Q,0,0.161849993860384,0.10067002685303689,0.19680151771935367,0.09613149086631678,False,True,True
4,0.1,10000000000,logistic_Q,1,0.161849993860384,0.115458016198558,0.20336995232216248,0.08791193612360448,False,True,True
4,0.1,10000000000,logistic_Q,2,0.161849993860384,0.1128482883024367,0.20220658678376763,0.08935829848133092,False,True,True
4,0.1,10000000000,logistic_Q,3,0.161849993860384,0.08625064894287005,0.19066085005757116,0.10441020111470112,False,True,True
4,0.1,10000000000,logistic_Q,4,0.161849993860384,0.11037361554875519,0.2010975708138526,0.09072395526509741,False,True,True
4,0.1,10000000000,logistic_Q,5,0.161849993860384,0.1344794013102203,0.21235499248713752,0.07787559117691722,False,True,True
4,0.1,10000000000,logistic_Q,6,0.161849993860384,0.1045393368852866,0.19849376054189738,0.09395442365661077,False,True,True
4,0.1,10000000000,logistic_Q,7,0.161849993860384,0.11949597398900946,0.20524150494481813,0.08574553095580867,False,True,True
4,0.1,10000000000,logistic_Q,8,0.161849993860384,0.10934810621571295,0.20062165987616676,0.09127355366045381,False,True,True
4,0.1,10000000000,logistic_Q,9,0.161849993860384,0.10755330213468489,0.19980684639172697,0.09225354425704207,False,True,True
4,0.1,10000000000,logistic_Q,10,0.161849993860384,0.10134342649298322,0.1970744854891982,0.09573105899621498,False,True,True
4,0.1,10000000000,logistic_Q,11,0.161849993860384,0.09392540085994572,0.19390569586195844,0.09998029500201272,False,True,True
4,0.1,10000000000,logistic_Q,12,0.161849993860384,0.11560446993539608,0.20345116262561835,0.08784669269022227,False,True,True
4,0.1,10000000000,logistic_Q,13,0.161849993860384,0.09605710592825994,0.194809324002712,0.09875221807445206,False,True,True
4,0.1,10000000000,logistic_Q,14,0.161849993860384,0.09601949813175203,0.19476998126156975,0.09875048312981771,False,True,True
4,0.1,10000000000,logistic_Q,15,0.161849993860384,0.10042924711615625,0.19669689380519934,0.09626764668904308,False,True,True
4,0.1,10000000000,logistic_Q,16,0.161849993860384,0.100060523179899,0.19652891027892638,0.09646838709902739,False,True,True
4,0.1,10000000000,logistic_Q,17,0.161849993860384,0.11670161336894597,0.2039835807799335,0.08728196741098754,False,True,True
4,0.1,10000000000,logistic_Q,18,0.161849993860384,0.09273338395717623,0.1933514272336619,0.10061804327648566,False,True,True
4,0.1,10000000000,logistic_Q,19,0.161849993860384,0.11648123205205285,0.2038457993472852,0.08736456729523234,False,True,True
4,0.1,10000000000,logistic_Q,20,0.161849993860384,0.13501162481248447,0.2125900627870515,0.07757843797456704,False,True,True
4,0.1,10000000000,logistic_Q,21,0.161849993860384,0.08886954556152532,0.19174411366038002,0.1028745680988547,False,True,True
4,0.1,10000000000,logistic_Q,22,0.161849993860384,0.10975335493460037,0.20079564662787952,0.09104229169327915,False,True,True
4,0.1,10000000000,logistic_Q,23,0.161849993860384,0.10727725498214008,0.19967154567411877,0.09239429069197869,False,True,True
4,0.1,10000000000,logistic_Q,24,0.161849993860384,0.12267376150840431,0.20671407226364097,0.08404031075523666,False,True,True
4,0.1,10000000000,logistic_Q,25,0.161849993860384,0.08413220101051799,0.18976700777078054,0.10563480676026255,False,True,True
4,0.1,10000000000,logistic_Q,26,0.161849993860384,0.11993457765598653,0.2054498463363364,0.08551526868034987,False,True,True
4,0.1,10000000000,logistic_Q,27,0.161849993860384,0.12436457738771012,0.2075261545486638,0.08316157716095368,False,True,True
4,0.1,10000000000,logistic_Q,28,0.161849993860384,0.0886436957345017,0.191612767828169,0.10296907209366729,False,True,True
4,0.1,10000000000,logistic_Q,29,0.161849993860384,0.10880105317077071,0.2003461635792722,0.0915451104085015,False,True,True
4,0.1,10000000000,logistic_Q,30,0.161849993860384,0.12054088854650219,0.2057076257214916,0.0851667371749894,False,True,True
4,0.1,10000000000,logistic_Q,31,0.161849993860384,0.11123486852065279,0.2014458605164099,0.0902109919957571,False,True,True
4,0.1,10000000000,logistic_Q,32,0.161849993860384,0.12984831415887121,0.21012347552158406,0.08027516136271284,False,True,True
4,0.1,10000000000,logistic_Q,33,0.161849993860384,0.1179688772372049,0.20448814754829403,0.08651927031108914,False,True,True
4,0.1,10000000000,logistic_Q,34,0.161849993860384,0.11466421855659764,0.2030427531476463,0.08837853459104866,False,True,True
4,0.1,10000000000,logistic_Q,35,0.161849993860384,0.11789607662913398,0.20453104421216856,0.08663496758303457,False,True,True
4,0.1,10000000000,logistic_Q,36,0.161849993860384,0.10390105210894174,0.198238708708724,0.09433765659978227,False,True,True
4,0.1,10000000000,logistic_Q,37,0.161849993860384,0.08965428385666147,0.19209184867200846,0.102437564815347,False,True,True
4,0.1,10000000000,logistic_Q,38,0.161849993860384,0.09294253673456249,0.19344867343019223,0.10050613669562974,False,True,True
4,0.1,10000000000,logistic_Q,39,0.161849993860384,0.11487594369659082,0.20310261471919822,0.0882266710226074,False,True,True
4,0.1,10000000000,logistic_Q,40,0.161849993860384,0.10196597440765881,0.19736266006588338,0.09539668565822457,False,True,True
4,0.1,10000000000,logistic_Q,41,0.161849993860384,0.09856862163856367,0.19588561459772208,0.09731699295915841,False,True,True
4,0.1,10000000000,logistic_Q,42,0.161849993860384,0.10112480518324907,0.19697234454670842,0.09584753936345936,False,True,True
4,0.1,10000000000,logistic_Q,43,0.161849993860384,0.11488084079916205,0.20315223859363774,0.08827139779447568,False,True,True
4,0.1,10000000000,logistic_Q,44,0.161849993860384,0.10598103416740023,0.1991184905374242,0.09313745637002396,False,True,True
4,0.1,10000000000,logistic_Q,45,0.161849993860384,0.07639309095781999,0.1866195758356815,0.11022648487786152,False,True,True
4,0.1,10000000000,logistic_Q,46,0.161849993860384,0.12123864046951427,0.20604721092506162,0.08480857045554735,False,True,True
4,0.1,10000000000,logistic_Q,47,0.161849993860384,0.10123404824521515,0.1970388112102654,0.09580476296505025,False,True,True
4,0.1,10000000000,logistic_Q,48,0.161849993860384,0.11645437113351936,0.20384482129206488,0.08739045015854552,False,True,True
4,0.1,10000000000,logistic_Q,49,0.161849993860384,0.10422499743137187,0.1983634509630708,0.09413845353169892,False,True,True
4,0.1,10000000000,logistic_Q,50,0.161849993860384,0.11485596834047102,0.20312341988186033,0.08826745154138932,False,True,True
4,0.1,10000000000,logistic_Q,51,0.161849993860384,0.0989991906228529,0.1960818106516174,0.0970826200287645,False,True,True
4,0.1,10000000000,logistic_Q,52,0.161849993860384,0.09641218871198082,0.1949500254803339,0.0985378367683531,False,True,True
4,0.1,10000000000,logistic_Q,53,0.161849993860384,0.1034066748607319,0.19800339344597812,0.09459671858524621,False,True,True
4,0.1,10000000000,logistic_Q,54,0.161849993860384,0.08801019213933875,0.19140775116290681,0.10339755902356806,False,True,True
4,0.1,10000000000,logistic_Q,55,0.161849993860384,0.07794564589657316,0.18720748079384997,0.10926183489727681,False,True,True
4,0.1,10000000000,logistic_Q,56,0.161849993860384,0.11305036067270613,0.2022547571782155,0.08920439650550938,False,True,True
4,0.1,10000000000,logistic_Q,57,0.161849993860384,0.10090161745749449,0.1968698978384284,0.09596828038093391,False,True,True
4,0.1,10000000000,logistic_Q,58,0.161849993860384,0.09665550474507129,0.19504898065673987,0.09839347591166858,False,True,True
4,0.1,10000000000,logistic_Q,59,0.161849993860384,0.12059019392075288,0.2057504859821057,0.08516029206135284,False,True,True
4,0.1,10000000000,logistic_Q,60,0.161849993860384,0.1238386156201467,0.20728162537985945,0.08344300975971275,False,True,True
4,0.1,10000000000,logistic_Q,61,0.161849993860384,0.10132236478535206,0.19708367850193775,0.0957613137165857,False,True,True
4,0.1,10000000000,logistic_Q,62,0.161849993860384,0.11584991381028448,0.20357597819088413,0.08772606438059966,False,True,True
4,0.1,10000000000,logistic_Q,63,0.161849993860384,0.09945839550858904,0.1962624210363212,0.09680402552773215,False,True,True
4,0.1,10000000000,logistic_Q,64,0.161849993860384,0.0906685177111271,0.19244097208173844,0.10177245437061133,False,True,True
4,0.1,10000000000,logistic_Q,65,0.161849993860384,0.09559381900322972,0.194580468003003,0.09898664899977327,False,True,True
4,0.1,10000000000,logistic_Q,66,0.161849993860384,0.11276663455984304,0.20219178405019284,0.0894251494903498,False,True,True
4,0.1,10000000000,logistic_Q,67,0.161849993860384,0.12906570974143283,0.2097426069031455,0.08067689716171267,False,True,True
4,0.1,10000000000,logistic_Q,68,0.161849993860384,0.10597392126361754,0.19908638153245745,0.0931124602688399,False,True,True
4,0.1,10000000000,logistic_Q,69,0.161849993860384,0.11107842994590661,0.2014025412481153,0.09032411130220869,False,True,True
4,0.1,10000000000,logistic_Q,70,0.161849993860384,0.09932861981688063,0.1961751395059293,0.09684651968904867,False,True,True
4,0.1,10000000000,logistic_Q,71,0.161849993860384,0.08850689108695747,0.19157151901459407,0.1030646279276366,False,True,True
4,0.1,10000000000,logistic_Q,72,0.161849993860384,0.08757810459033238,0.1912139942378821,0.10363588964754972,False,True,True
4,0.1,10000000000,logistic_Q,73,0.161849993860384,0.11474834259867733,0.20308505917924263,0.0883367165805653,False,True,True
4,0.1,10000000000,logistic_Q,74,0.161849993860384,0.12004956719732768,0.20550040606052883,0.08545083886320115,False,True,True
4,0.1,10000000000,logistic_Q,75,0.161849993860384,0.09122341022252317,0.19275677161025223,0.10153336138772906,False,True,True
4,0.1,10000000000,logistic_Q,76,0.161849993860384,0.09274304241519638,0.19340843893999365,0.10066539652479728,False,True,True
4,0.1,10000000000,logistic_Q,77,0.161849993860384,0.11183431504313096,0.20173894161334177,0.08990462657021081,False,True,True
4,0.1,10000000000,logistic_Q,78,0.161849993860384,0.10653108181650589,0.1993731500176325,0.09284206820112662,False,True,True
4,0.1,10000000000,logistic_Q,79,0.161849993860384,0.12424429451328922,0.20747445780858204,0.08323016329529281,False,True,True
4,0.1,10000000000,logistic_Q,80,0.161849993860384,0.11576289518381122,0.20357049427731572,0.0878075990935045,False,True,True
4,0.1,10000000000,logistic_Q,81,0.161849993860384,0.12075469115586407,0.2057729001655636,0.08501820900969953,False,True,True
4,0.1,10000000000,logistic_Q,82,0.161849993860384,0.10481675979345573,0.19857603648016992,0.09375927668671419,False,True,True
4,0.1,10000000000,logistic_Q,83,0.161849993860384,0.09867059102338066,0.1959617214058227,0.09729113038244203,False,True,True
4,0.1,10000000000,logistic_Q,84,0.161849993860384,0.09514089202968784,0.19436474724753888,0.09922385521785104,False,True,True
4,0.1,10000000000,logistic_Q,85,0.161849993860384,0.09067578386955,0.19248984045704004,0.10181405658749004,False,True,True
4,0.1,10000000000,logistic_Q,86,0.161849993860384,0.11332258989008814,0.20240577099619805,0.08908318110610991,False,True,True
4,0.1,10000000000,logistic_Q,87,0.161849993860384,0.11251560737032501,0.20206932935451177,0.08955372198418676,False,True,True
4,0.1,10000000000,logistic_Q,88,0.161849993860384,0.10002773330523651,0.1965493438852977,0.0965216105800612,False,True,True
4,0.1,10000000000,logistic_Q,89,0.161849993860384,0.10991110913966978,0.20086116420452316,0.09095005506485337,False,True,True
4,0.1,10000000000,logistic_Q,90,0.161849993860384,0.11626505071597648,0.20373526473603465,0.08747021402005817,False,True,True
4,0.1,10000000000,logistic_Q,91,0.161849993860384,0.09929265058427583,0.19619296566012034,0.09690031507584451,False,True,True
4,0.1,10000000000,logistic_Q,92,0.161849993860384,0.12249524017616331,0.20661977476876636,0.08412453459260305,False,True,True
4,0.1,10000000000,logistic_Q,93,0.161849993860384,0.08839194995336896,0.19153744385485233,0.10314549390148336,False,True,True
4,0.1,10000000000,logistic_Q,94,0.161849993860384,0.1160221009024256,0.20365970128965932,0.08763760038723373,False,True,True
4,0.1,10000000000,logistic_Q,95,0.161849993860384,0.08931785666912229,0.1919317830600888,0.1026139263909665,False,True,True
4,0.1,10000000000,logistic_Q,96,0.161849993860384,0.11085256225638213,0.2012666902465744,0.09041412799019227,False,True,True
4,0.1,10000000000,logistic_Q,97,0.161849993860384,0.10546801750197154,0.198904479392704,0.09343646189073246,False,True,True
4,0.1,10000000000,logistic_Q,98,0.161849993860384,0.10997412261434802,0.20087913627082876,0.09090501365648074,False,True,True
4,0.1,10000000000,logistic_Q,99,0.161849993860384,0.10703878960701774,0.19962587534804532,0.09258708574102759,False,True,True
4,0.1,10000000000,logistic_Q,100,0.161849993860384,0.12943490093024512,0.20992659338429054,0.08049169245404542,False,True,True
4,0.1,10000000000,logistic_Q,101,0.161849993860384,0.09253109724053116,0.19327849467170077,0.10074739743116962,False,True,True
4,0.1,10000000000,logistic_Q,102,0.161849993860384,0.11867399633268061,0.20486470409471463,0.08619070776203402,False,True,True
4,0.1,10000000000,logistic_Q,103,0.161849993860384,0.10041228065661628,0.19666820100674837,0.09625592035013208,False,True,True
4,0.1,10000000000,logistic_Q,104,0.161849993860384,0.1002763695717605,0.19659508516174495,0.09631871558998445,False,True,True
4,0.1,10000000000,logistic_Q,105,0.161849993860384,0.10403805858245962,0.19825625381014705,0.09421819522768743,False,True,True
4,0.1,10000000000,logistic_Q,106,0.161849993860384,0.12668393037507703,0.20862182986294797,0.08193789948787095,False,True,True
4,0.1,10000000000,logistic_Q,107,0.161849993860384,0.12924428516960618,0.20986706895587154,0.08062278378626536,False,True,True
4,0.1,10000000000,logistic_Q,108,0.161849993860384,0.11089245821407606,0.20130935991557125,0.09041690170149519,False,True,True
4,0.1,10000000000,logistic_Q,109,0.161849993860384,0.10614715881919662,0.1991888120301874,0.09304165321099078,False,True,True
4,0.1,10000000000,logistic_Q,110,0.161849993860384,0.08441481669225936,0.18990294041009176,0.1054881237178324,False,True,True
4,0.1,10000000000,logistic_Q,111,0.161849993860384,0.10231662466353486,0.1975296547845699,0.09521303012103505,False,True,True
4,0.1,10000000000,logistic_Q,112,0.161849993860384,0.10023477039518247,0.1965986334297341,0.09636386303455163,False,True,True
4,0.1,10000000000,logistic_Q,113,0.161849993860384,0.08900680360652563,0.19181971080263194,0.1028129071961063,False,True,True
4,0.1,10000000000,logistic_Q,114,0.161849993860384,0.11943792147463905,0.20520903019474035,0.0857711087201013,False,True,True
4,0.1,10000000000,logistic_Q,115,0.161849993860384,0.09362294913696556,0.1937813406102123,0.10015839147324673,False,True,True
4,0.1,10000000000,logistic_Q,116,0.161849993860384,0.10573373540511377,0.19901436719869892,0.09328063179358514,False,True,True
4,0.1,10000000000,logistic_Q,117,0.161849993860384,0.08854981695891695,0.19164522343455181,0.10309540647563487,False,True,True
4,0.1,10000000000,logistic_Q,118,0.161849993860384,0.09646930927262909,0.19498248678645352,0.09851317751382443,False,True,True
4,0.1,10000000000,logistic_Q,119,0.161849993860384,0.1298210168371875,0.21009918664440164,0.08027816980721414,False,True,True
4,0.1,10000000000,logistic_Q,120,0.161849993860384,0.1203424219241328,0.2056365589199668,0.08529413699583399,False,True,True
4,0.1,10000000000,logistic_Q,121,0.161849993860384,0.0923048251554634,0.19320243873749243,0.10089761358202903,False,True,True
4,0.1,10000000000,logistic_Q,122,0.161849993860384,0.11718111707436102,0.20414007145449847,0.08695895438013745,False,True,True
4,0.1,10000000000,logistic_Q,123,0.161849993860384,0.10727228647084763,0.19968008553150152,0.09240779906065388,False,True,True
4,0.1,10000000000,logistic_Q,124,0.161849993860384,0.11368631282941749,0.2025677978346549,0.0888814850052374,False,True,True
4,0.1,10000000000,logistic_Q,125,0.161849993860384,0.09646018657395278,0.19495583144353523,0.09849564486958245,False,True,True
4,0.1,10000000000,logistic_Q,126,0.161849993860384,0.1313497135803754,0.21083684896786892,0.07948713538749352,False,True,True
4,0.1,10000000000,logistic_Q,127,0.161849993860384,0.11293850518825094,0.20221912236000245,0.08928061717175151,False,True,True
4,0.1,10000000000,logistic_Q,128,0.161849993860384,0.09960156743399812,0.19628106466740963,0.09667949723341152,False,True,True
4,0.1,10000000000,logistic_Q,129,0.161849993860384,0.06920867084181515,0.18375358291800953,0.11454491207619438,False,True,True
4,0.1,10000000000,logistic_Q,130,0.161849993860384,0.1214628322834721,0.2061284779508727,0.08466564566740059,False,True,True
4,0.1,10000000000,logistic_Q,131,0.161849993860384,0.11272431170001473,0.20215924000337793,0.08943492830336319,False,True,True
4,0.1,10000000000,logistic_Q,132,0.161849993860384,0.08354749676926909,0.18950150350708167,0.10595400673781258,False,True,True
4,0.1,10000000000,logistic_Q,133,0.161849993860384,0.06620670227802938,0.18255850099503457,0.11635179871700518,False,True,True
4,0.1,10000000000,logistic_Q,134,0.161849993860384,0.09827642197309622,0.195764083225814,0.0974876612527178,False,True,True
4,0.1,10000000000,logistic_Q,135,0.161849993860384,0.10425278269988753,0.19835658591638233,0.09410380321649481,False,True,True
4,0.1,10000000000,logistic_Q,136,0.161849993860384,0.0784771517372378,0.18747571355264697,0.10899856181540918,False,True,True
4,0.1,10000000000,logistic_Q,137,0.161849993860384,0.11906160902062468,0.20502215838825005,0.08596054936762537,False,True,True
4,0.1,10000000000,logistic_Q,138,0.161849993860384,0.09954245473597478,0.1962856753944322,0.09674322065845742,False,True,True
4,0.1,10000000000,logistic_Q,139,0.161849993860384,0.08903436311332885,0.1918105399482159,0.10277617683488705,False,True,True
4,0.1,10000000000,logistic_Q,140,0.161849993860384,0.1193637697588017,0.20519192678603182,0.08582815702723012,False,True,True
4,0.1,10000000000,logistic_Q,141,0.161849993860384,0.1063465406382143,0.19924728911506168,0.09290074847684737,False,True,True
4,0.1,10000000000,logistic_Q,142,0.161849993860384,0.10287371268366147,0.19774857105990362,0.09487485837624215,False,True,True
4,0.1,10000000000,logistic_Q,143,0.161849993860384,0.10622746540806166,0.1992526788104127,0.09302521340235104,False,True,True
4,0.1,10000000000,logistic_Q,144,0.161849993860384,0.11600894113884846,0.2036120306792717,0.08760308954042323,False,True,True
4,0.1,10000000000,logistic_Q,145,0.161849993860384,0.10651989793511168,0.1993671236169416,0.0928472256818299,False,True,True
4,0.1,10000000000,logistic_Q,146,0.161849993860384,0.10432171772083154,0.1983917011096492,0.09406998338881767,False,True,True
4,0.1,10000000000,logistic_Q,147,0.161849993860384,0.12536685266520048,0.20795387460151094,0.08258702193631046,False,True,True
4,0.1,10000000000,logistic_Q,148,0.161849993860384,0.10420010279833536,0.19832006089383292,0.09411995809549756,False,True,True
4,0.1,10000000000,logistic_Q,149,0.161849993860384,0.1046771019314448,0.19853955157235054,0.09386244964090573,False,True,True
4,0.1,10000000000,logistic_Q,150,0.161849993860384,0.09809827823039469,0.19567410223154053,0.09757582400114584,False,True,True
4,0.1,10000000000,logistic_Q,151,0.161849993860384,0.09364221913867177,0.19372571109442271,0.10008349195575095,False,True,True
4,0.1,10000000000,logistic_Q,152,0.161849993860384,0.10337988277114701,0.19797087050280893,0.09459098773166191,False,True,True
4,0.1,10000000000,logistic_Q,153,0.161849993860384,0.11872072373464743,0.20487293523084743,0.0861522114962,False,True,True
4,0.1,10000000000,logistic_Q,154,0.161849993860384,0.10769920888315032,0.1998772157210526,0.09217800683790228,False,True,True
4,0.1,10000000000,logistic_Q,155,0.161849993860384,0.10370916507658545,0.19815051597012434,0.09444135089353889,False,True,True
4,0.1,10000000000,logistic_Q,156,0.161849993860384,0.12795274220129677,0.20922718174175015,0.08127443954045338,False,True,True
4,0.1,10000000000,logistic_Q,157,0.161849993860384,0.11729653495420944,0.20421814308286534,0.0869216081286559,False,True,True
4,0.1,10000000000,logistic_Q,158,0.161849993860384,0.10440461545836521,0.19838442433833103,0.09397980887996582,False,True,True
4,0.1,10000000000,logistic_Q,159,0.161849993860384,0.09228349708999217,0.19317347336692692,0.10088997627693475,False,True,True
4,0.1,10000000000,logistic_Q,160,0.161849993860384,0.10302946895236553,0.19785727452675844,0.09482780557439291,False,True,True
4,0.1,10000000000,logistic_Q,161,0.161849993860384,0.0904089268514186,0.19241742574483223,0.10200849889341362,False,True,True
4,0.1,10000000000,logistic_Q,162,0.161849993860384,0.10052007311774586,0.1967130585644833,0.09619298544673743,False,True,True
4,0.1,10000000000,logistic_Q,163,0.161849993860384,0.10344290974397213,0.1980223488434641,0.09457943909949196,False,True,True
4,0.1,10000000000,logistic_Q,164,0.161849993860384,0.10670563591277998,0.1994380717487233,0.09273243583594332,False,True,True
4,0.1,10000000000,logistic_Q,165,0.161849993860384,0.11477059338047918,0.20308587188565042,0.08831527850517124,False,True,True
4,0.1,10000000000,logistic_Q,166,0.161849993860384,0.09456157542610549,0.19412692705935286,0.09956535163324737,False,True,True
4,0.1,10000000000,logistic_Q,167,0.161849993860384,0.11637203745784952,0.20380610163750335,0.08743406417965383,False,True,True
4,0.1,10000000000,logistic_Q,168,0.161849993860384,0.1100992094015999,0.20094797355427413,0.09084876415267423,False,True,True
4,0.1,10000000000,logistic_Q,169,0.161849993860384,0.1221613573552765,0.2065034807047037,0.0843421233494272,False,True,True
4,0.1,10000000000,logistic_Q,170,0.161849993860384,0.11504011617591581,0.2031894431404957,0.08814932696457989,False,True,True
4,0.1,10000000000,logistic_Q,171,0.161849993860384,0.13869395021537834,0.21440830645028902,0.07571435623491068,False,True,True
4,0.1,10000000000,logistic_Q,172,0.161849993860384,0.09575440481528452,0.19470921898427568,0.09895481416899116,False,True,True
4,0.1,10000000000,logistic_Q,173,0.161849993860384,0.06889454712663517,0.18364579592180796,0.11475124879517279,False,True,True
4,0.1,10000000000,logistic_Q,174,0.161849993860384,0.09663443138074679,0.19505562192594428,0.09842119054519749,False,True,True
4,0.1,10000000000,logistic_Q,175,0.161849993860384,0.12513317373575816,0.20784749744829184,0.08271432371253368,False,True,True
4,0.1,10000000000,logistic_Q,176,0.161849993860384,0.08242780945299127,0.189064006006942,0.10663619655395074,False,True,True
4,0.1,10000000000,logistic_Q,177,0.161849993860384,0.10306583022244442,0.1978379615357237,0.09477213131327927,False,True,True
4,0.1,10000000000,logistic_Q,178,0.161849993860384,0.10569649654652058,0.1989984233488934,0.09330192680237281,False,True,True
4,0.1,10000000000,logistic_Q,179,0.161849993860384,0.1184115253839208,0.20471561599866295,0.08630409061474215,False,True,True
4,0.1,10000000000,logistic_Q,180,0.161849993860384,0.10619049676787062,0.19922550741734812,0.0930350106494775,False,True,True
4,0.1,10000000000,logistic_Q,181,0.161849993860384,0.11467787342877361,0.20300239302398831,0.0883245195952147,False,True,True
4,0.1,10000000000,logistic_Q,182,0.161849993860384,0.11990510045539621,0.20542949382788478,0.08552439337248857,False,True,True
4,0.1,10000000000,logistic_Q,183,0.161849993860384,0.1095398962278944,0.2007460226489926,0.09120612642109821,False,True,True
4,0.1,10000000000,logistic_Q,184,0.161849993860384,0.10726530991408256,0.19967651813701337,0.09241120822293081,False,True,True
4,0.1,10000000000,logistic_Q,185,0.161849993860384,0.0950094895434791,0.19432871785706396,0.09931922831358486,False,True,True
4,0.1,10000000000,logistic_Q,186,0.161849993860384,0.10553624874823553,0.19889064280854613,0.0933543940603106,False,True,True
4,0.1,10000000000,logistic_Q,187,0.161849993860384,0.1038480266086253,0.19820000351345507,0.09435197690482977,False,True,True
4,0.1,10000000000,logistic_Q,188,0.161849993860384,0.12164338435327471,0.2062323092625149,0.08458892490924019,False,True,True
4,0.1,10000000000,logistic_Q,189,0.161849993860384,0.10180512923861285,0.19727845401854494,0.09547332477993209,False,True,True
4,0.1,10000000000,logistic_Q,190,0.161849993860384,0.12083525340368145,0.20584336322787278,0.08500810982419132,False,True,True
4,0.1,10000000000,logistic_Q,191,0.161849993860384,0.11694548658315168,0.20404580154028423,0.08710031495713255,False,True,True
4,0.1,10000000000,logistic_Q,192,0.161849993860384,0.10571470671301064,0.19899200591723443,0.09327729920422378,False,True,True
4,0.1,10000000000,logistic_Q,193,0.161849993860384,0.11728457568960293,0.20420135150612923,0.08691677581652629,False,True,True
4,0.1,10000000000,logistic_Q,194,0.161849993860384,0.11349718633632139,0.2024761215811512,0.0889789352448298,False,True,True
4,0.1,10000000000,logistic_Q,195,0.161849993860384,0.1171574692979096,0.2041975096475927,0.0870400403496831,False,True,True
4,0.1,10000000000,logistic_Q,196,0.161849993860384,0.08254480125478458,0.1890997982044219,0.10655499694963733,False,True,True
4,0.1,10000000000,logistic_Q,197,0.161849993860384,0.11903424455668482,0.20503744233645926,0.08600319777977444,False,True,True
4,0.1,10000000000,logistic_Q,198,0.161849993860384,0.13071964773639771,0.21053008970501647,0.07981044196861875,False,True,True
4,0.1,10000000000,logistic_Q,199,0.161849993860384,0.10447084314514399,0.19845759439092064,0.09398675124577666,False,True,True
4,0.2,39062500,probit_P,0,0.2,0.0,0.21791573808025377,0.21791573808025377,False,True,True
4,0.2,39062500,probit_P,1,0.2,0.05945194168633816,0.23700050862688388,0.17754856694054572,False,True,True
4,0.2,39062500,probit_P,2,0.2,0.0,0.2255824192242477,0.2255824192242477,False,True,True
4,0.2,39062500,probit_P,3,0.2,0.09183492311840386,0.24404641122650228,0.15221148810809842,False,True,True
4,0.2,39062500,probit_P,4,0.2,0.03181072443065319,0.2319726939616481,0.2001619695309949,False,True,True
4,0.2,39062500,probit_P,5,0.2,0.0,0.22416762183247613,0.22416762183247613,False,True,True
4,0.2,39062500,probit_P,6,0.2,0.0,0.21435759403121157,0.21435759403121157,False,True,True
4,0.2,39062500,probit_P,7,0.2,0.06100584727043351,0.23712115029188652,0.176115303021453,False,True,True
4,0.2,39062500,probit_P,8,0.2,0.0,0.21802983406708082,0.21802983406708082,False,True,True
4,0.2,39062500,probit_P,9,0.2,0.009946801069354583,0.22779805957581478,0.2178512585064602,False,True,True
4,0.2,39062500,probit_P,10,0.2,0.06208947817904853,0.2373979958164087,0.17530851763736016,False,True,True
4,0.2,39062500,probit_P,11,0.2,0.0,0.2083522155286321,0.2083522155286321,False,True,True
4,0.2,39062500,probit_P,12,0.2,0.06134785404460097,0.23720638011866713,0.17585852607406616,False,True,True
4,0.2,39062500,probit_P,13,0.2,0.0,0.21396675904133972,0.21396675904133972,False,True,True
4,0.2,39062500,probit_P,14,0.2,0.003298827391936654,0.22689731377302513,0.22359848638108848,False,True,True
4,0.2,39062500,probit_P,15,0.2,0.015175150550201744,0.22850008081905954,0.2133249302688578,False,True,True
4,0.2,39062500,probit_P,16,0.2,0.061437542995037064,0.23765753213577306,0.176219989140736,False,True,True
4,0.2,39062500,probit_P,17,0.2,0.0,0.21817549663529223,0.21817549663529223,False,True,True
4,0.2,39062500,probit_P,18,0.2,0.010858282774481753,0.2279940131538673,0.21713573037938555,False,True,True
4,0.2,39062500,probit_P,19,0.2,0.0,0.22306021220261002,0.22306021220261002,False,True,True
4,0.2,39062500,probit_P,20,0.2,0.021586583933866976,0.22957638608577652,0.20798980215190954,False,True,True
4,0.2,39062500,probit_P,21,0.2,0.02819216892732551,0.23144030395534781,0.2032481350280223,False,True,True
4,0.2,39062500,probit_P,22,0.2,0.0,0.21288902090005307,0.21288902090005307,False,True,True
4,0.2,39062500,probit_P,23,0.2,0.0,0.2218799779659914,0.2218799779659914,False,True,True
4,0.2,39062500,probit_P,24,0.2,0.05521132137485507,0.23576961340457758,0.1805582920297225,False,True,True
4,0.2,39062500,probit_P,25,0.2,0.0,0.22535962250658814,0.22535962250658814,False,True,True
4,0.2,39062500,probit_P,26,0.2,0.029372964265135804,0.23108395953078498,0.20171099526564917,False,True,True
4,0.2,39062500,probit_P,27,0.2,0.021097194503012506,0.2297968971228329,0.2086997026198204,False,True,True
4,0.2,39062500,probit_P,28,0.2,0.0,0.21320428813333997,0.21320428813333997,False,True,True
4,0.2,39062500,probit_P,29,0.2,0.034664107145277956,0.2324562184366165,0.19779211129133856,False,True,True
4,0.2,39062500,probit_P,30,0.2,0.03370322154665795,0.23232871290383567,0.19862549135717772,False,True,True
4,0.2,39062500,probit_P,31,0.2,0.0,0.21968094753930018,0.21968094753930018,False,True,True
4,0.2,39062500,probit_P,32,0.2,0.0,0.22515152456861287,0.22515152456861287,False,True,True
4,0.2,39062500,probit_P,33,0.2,0.0,0.22539759942253385,0.22539759942253385,False,True,True
4,0.2,39062500,probit_P,34,0.2,0.027917457893038733,0.23090848168767925,0.2029910237946405,False,True,True
4,0.2,39062500,probit_P,35,0.2,0.05257215621080097,0.23533265379086854,0.18276049758006757,False,True,True
4,0.2,39062500,probit_P,36,0.2,0.04868769804777551,0.23484292598213985,0.18615522793436434,False,True,True
4,0.2,39062500,probit_P,37,0.2,0.05635141198617555,0.23638250818738088,0.18003109620120533,False,True,True
4,0.2,39062500,probit_P,38,0.2,0.07289910644660574,0.23989538447713676,0.16699627803053102,False,True,True
4,0.2,39062500,probit_P,39,0.2,0.0,0.22076612140594398,0.22076612140594398,False,True,True
4,0.2,39062500,probit_P,40,0.2,0.01757395789876276,0.22893991774836386,0.2113659598496011,False,True,True
4,0.2,39062500,probit_P,41,0.2,0.01870804269521903,0.22934132599895635,0.21063328330373732,False,True,True
4,0.2,39062500,probit_P,42,0.2,0.04369807960825023,0.23401604143595917,0.19031796182770894,False,True,True
4,0.2,39062500,probit_P,43,0.2,0.0,0.22108621650692623,0.22108621650692623,False,True,True
4,0.2,39062500,probit_P,44,0.2,0.0,0.2211562168422122,0.2211562168422122,False,True,True
4,0.2,39062500,probit_P,45,0.2,0.033956274540384856,0.23211282582776122,0.19815655128737636,False,True,True
4,0.2,39062500,probit_P,46,0.2,0.0,0.21565088114319841,0.21565088114319841,False,True,True
4,0.2,39062500,probit_P,47,0.2,0.0,0.2219309072027893,0.2219309072027893,False,True,True
4,0.2,39062500,probit_P,48,0.2,0.0,0.21356376119619935,0.21356376119619935,False,True,True
4,0.2,39062500,probit_P,49,0.2,0.05448705711600221,0.23574093686626885,0.18125387975026663,False,True,True
4,0.2,39062500,probit_P,50,0.2,0.0,0.21783867820313663,0.21783867820313663,False,True,True
4,0.2,39062500,probit_P,51,0.2,0.019678500921724518,0.22947481347688292,0.2097963125551584,False,True,True
4,0.2,39062500,probit_P,52,0.2,0.06770984800693713,0.23858668846824316,0.17087684046130602,False,True,True
4,0.2,39062500,probit_P,53,0.2,0.015422038179630115,0.22904357263034386,0.21362153445071375,False,True,True
4,0.2,39062500,probit_P,54,0.2,0.0,0.22132405417628154,0.22132405417628154,False,True,True
4,0.2,39062500,probit_P,55,0.2,0.01318331807003803,0.22786846920319587,0.21468515113315784,False,True,True
4,0.2,39062500,probit_P,56,0.2,0.0,0.20530315350174844,0.20530315350174844,False,True,True
4,0.2,39062500,probit_P,57,0.2,0.0,0.22043833293282578,0.22043833293282578,False,True,True
4,0.2,39062500,probit_P,58,0.2,0.046314609806363705,0.23460352406286367,0.18828891425649996,False,True,True
4,0.2,39062500,probit_P,59,0.2,0.0765067388429253,0.24024421499505177,0.16373747615212647,False,True,True
4,0.2,39062500,probit_P,60,0.2,0.021923836389400653,0.2293303203496463,0.20740648396024564,False,True,True
4,0.2,39062500,probit_P,61,0.2,0.0,0.22215577895886646,0.22215577895886646,False,True,True
4,0.2,39062500,probit_P,62,0.2,0.021631142368053857,0.229904430725619,0.20827328835756515,False,True,True
4,0.2,39062500,probit_P,63,0.2,0.015413487225899303,0.22902374881859083,0.21361026159269153,False,True,True
4,0.2,39062500,probit_P,64,0.2,0.004503408391620556,0.2268294505217242,0.22232604213010365,False,True,True
4,0.2,39062500,probit_P,65,0.2,0.034228338701900396,0.23224799627215226,0.19801965757025186,False,True,True
4,0.2,39062500,probit_P,66,0.2,0.024423798450936063,0.23065945470530763,0.20623565625437157,False,True,True
4,0.2,39062500,probit_P,67,0.2,0.04218388207525592,0.23399042327225017,0.19180654119699425,False,True,True
4,0.2,39062500,probit_P,68,0.2,0.019501794470217715,0.2291374193828063,0.20963562491258858,False,True,True
4,0.2,39062500,probit_P,69,0.2,0.04250982237580342,0.23367503568911824,0.19116521331331482,False,True,True
4,0.2,39062500,probit_P,70,0.2,0.015135838345508301,0.22899227924579724,0.21385644090028894,False,True,True
4,0.2,39062500,probit_P,71,0.2,0.0018200178488842478,0.226577175137625,0.22475715728874074,False,True,True
4,0.2,39062500,probit_P,72,0.2,0.0,0.20714304611939477,0.20714304611939477,False,True,True
4,0.2,39062500,probit_P,73,0.2,0.05507002473140549,0.23627241000052496,0.18120238526911947,False,True,True
4,0.2,39062500,probit_P,74,0.2,0.03837773221697932,0.23289665559343325,0.19451892337645393,False,True,True
4,0.2,39062500,probit_P,75,0.2,0.007644561897120483,0.22745674269304506,0.21981218079592457,False,True,True
4,0.2,39062500,probit_P,76,0.2,0.07055207100587957,0.23941437671718047,0.1688623057113009,False,True,True
4,0.2,39062500,probit_P,77,0.2,0.0,0.2232876921152756,0.2232876921152756,False,True,True
4,0.2,39062500,probit_P,78,0.2,0.06516036214852222,0.23754858564527526,0.17238822349675303,False,True,True
4,0.2,39062500,probit_P,79,0.2,0.08361103729560615,0.24239496449880915,0.158783927203203,False,True,True
4,0.2,39062500,probit_P,80,0.2,0.0,0.21902976699844845,0.21902976699844845,False,True,True
4,0.2,39062500,probit_P,81,0.2,0.04068225313777807,0.23336154351623595,0.19267929037845788,False,True,True
4,0.2,39062500,probit_P,82,0.2,0.0,0.2188989967556626,0.2188989967556626,False,True,True
4,0.2,39062500,probit_P,83,0.2,0.03275008509158378,0.23220463571483102,0.19945455062324724,False,True,True
4,0.2,39062500,probit_P,84,0.2,0.0,0.2185673233631773,0.2185673233631773,False,True,True
4,0.2,39062500,probit_P,85,0.2,0.09372391784418133,0.24425368082745896,0.15052976298327764,False,True,True
4,0.2,39062500,probit_P,86,0.2,0.04352826896261586,0.23364724673856624,0.19011897777595038,False,True,True
4,0.2,39062500,probit_P,87,0.2,0.09465483740008335,0.2444864979334665,0.14983166053338315,False,True,True
4,0.2,39062500,probit_P,88,0.2,0.06493512289659925,0.23812871415123915,0.1731935912546399,False,True,True
4,0.2,39062500,probit_P,89,0.2,0.03357380534381643,0.2316463154939984,0.19807251015018196,False,True,True
4,0.2,39062500,probit_P,90,0.2,0.04648104954823051,0.23450238500724174,0.18802133545901123,False,True,True
4,0.2,39062500,probit_P,91,0.2,0.0,0.22592757405418246,0.22592757405418246,False,True,True
4,0.2,39062500,probit_P,92,0.2,0.0,0.22244373565009373,0.22244373565009373,False,True,True
4,0.2,39062500,probit_P,93,0.2,0.0,0.22615309106768394,0.22615309106768394,False,True,True
4,0.2,39062500,probit_P,94,0.2,0.007134242425810733,0.22766891950310675,0.22053467707729602,False,True,True
4,0.2,39062500,probit_P,95,0.2,0.020366031043154653,0.22938010303908996,0.2090140719959353,False,True,True
4,0.2,39062500,probit_P,96,0.2,0.0,0.21472535558562889,0.21472535558562889,False,True,True
4,0.2,39062500,probit_P,97,0.2,0.016624884201499657,0.22880530141086908,0.21218041720936942,False,True,True
4,0.2,39062500,probit_P,98,0.2,0.036305910788768214,0.23254158784047996,0.19623567705171174,False,True,True
4,0.2,39062500,probit_P,99,0.2,0.025863185661886,0.23033550024690302,0.20447231458501702,False,True,True
4,0.2,39062500,probit_P,100,0.2,0.0,0.22107200455631615,0.22107200455631615,False,True,True
4,0.2,39062500,probit_P,101,0.2,0.04029994161842976,0.2333670888821915,0.19306714726376173,False,True,True
4,0.2,39062500,probit_P,102,0.2,0.03463376179765215,0.2321894059555985,0.19755564415794635,False,True,True
4,0.2,39062500,probit_P,103,0.2,0.0,0.2199871174693827,0.2199871174693827,False,True,True
4,0.2,39062500,probit_P,104,0.2,0.0,0.21767149948701864,0.21767149948701864,False,True,True
4,0.2,39062500,probit_P,105,0.2,0.01614636448948925,0.22935700428470307,0.21321063979521382,False,True,True
4,0.2,39062500,probit_P,106,0.2,0.0,0.2251432775254873,0.2251432775254873,False,True,True
4,0.2,39062500,probit_P,107,0.2,0.03950048912023674,0.2333720216350475,0.19387153251481076,False,True,True
4,0.2,39062500,probit_P,108,0.2,0.0,0.2246623538641233,0.2246623538641233,False,True,True
4,0.2,39062500,probit_P,109,0.2,0.0,0.20783018779255658,0.20783018779255658,False,True,True
4,0.2,39062500,probit_P,110,0.2,0.06613476256134959,0.23842956917068547,0.17229480660933588,False,True,True
4,0.2,39062500,probit_P,111,0.2,0.0,0.22093216355074963,0.22093216355074963,False,True,True
4,0.2,39062500,probit_P,112,0.2,0.0,0.22496001086215278,0.22496001086215278,False,True,True
4,0.2,39062500,probit_P,113,0.2,0.0,0.21669153264101165,0.21669153264101165,False,True,True
4,0.2,39062500,probit_P,114,0.2,0.0,0.22568415650347945,0.22568415650347945,False,True,True
4,0.2,39062500,probit_P,115,0.2,0.04930390697608966,0.23451864565458297,0.1852147386784933,False,True,True
4,0.2,39062500,probit_P,116,0.2,0.000830784638530313,0.2268467294713012,0.22601594483277088,False,True,True
4,0.2,39062500,probit_P,117,0.2,0.0,0.21335729618345944,0.21335729618345944,False,True,True
4,0.2,39062500,probit_P,118,0.2,0.02794772441791854,0.2311965283313555,0.20324880391343697,False,True,True
4,0.2,39062500,probit_P,119,0.2,0.0,0.22462962869310876,0.22462962869310876,False,True,True
4,0.2,39062500,probit_P,120,0.2,0.023356165177097155,0.23017023849706203,0.20681407331996488,False,True,True
4,0.2,39062500,probit_P,121,0.2,0.0,0.21298943040953278,0.21298943040953278,False,True,True
4,0.2,39062500,probit_P,122,0.2,0.0,0.22068156450850734,0.22068156450850734,False,True,True
4,0.2,39062500,probit_P,123,0.2,0.03032970524360945,0.23120658932796706,0.2008768840843576,False,True,True
4,0.2,39062500,probit_P,124,0.2,0.04600319269734715,0.2339352248504018,0.18793203215305465,False,True,True
4,0.2,39062500,probit_P,125,0.2,0.0,0.22544779559592215,0.22544779559592215,False,True,True
4,0.2,39062500,probit_P,126,0.2,0.0,0.21511094774664663,0.21511094774664663,False,True,True
4,0.2,39062500,probit_P,127,0.2,0.05796714092083277,0.23703481860092257,0.1790676776800898,False,True,True
4,0.2,39062500,probit_P,128,0.2,0.05996626481565137,0.23697693180177776,0.17701066698612639,False,True,True
4,0.2,39062500,probit_P,129,0.2,0.0,0.21386036782761997,0.21386036782761997,False,True,True
4,0.2,39062500,probit_P,130,0.2,0.0,0.218172669262929,0.218172669262929,False,True,True
4,0.2,39062500,probit_P,131,0.2,0.0,0.20905854129583673,0.20905854129583673,False,True,True
4,0.2,39062500,probit_P,132,0.2,0.022515680488744805,0.22979664343497563,0.20728096294623083,False,True,True
4,0.2,39062500,probit_P,133,0.2,0.0,0.21825175880738218,0.21825175880738218,False,True,True
4,0.2,39062500,probit_P,134,0.2,0.03223588291018786,0.23200672698841723,0.19977084407822937,False,True,True
4,0.2,39062500,probit_P,135,0.2,0.07769508651186191,0.24080358296414806,0.16310849645228614,False,True,True
4,0.2,39062500,probit_P,136,0.2,0.0,0.21905912265092425,0.21905912265092425,False,True,True
4,0.2,39062500,probit_P,137,0.2,0.021425803240148533,0.22980555235534134,0.2083797491151928,False,True,True
4,0.2,39062500,probit_P,138,0.2,0.0,0.21958476986052622,0.21958476986052622,False,True,True
4,0.2,39062500,probit_P,139,0.2,0.0,0.21224460707806414,0.21224460707806414,False,True,True
4,0.2,39062500,probit_P,140,0.2,0.011342158457518625,0.22789372758016946,0.21655156912265083,False,True,True
4,0.2,39062500,probit_P,141,0.2,0.010713258886865251,0.22788846414152542,0.21717520525466016,False,True,True
4,0.2,39062500,probit_P,142,0.2,0.003200683531695614,0.22659750022552805,0.22339681669383243,False,True,True
4,0.2,39062500,probit_P,143,0.2,0.0,0.22366743645978754,0.22366743645978754,False,True,True
4,0.2,39062500,probit_P,144,0.2,0.039703782304533475,0.2330250759582178,0.19332129365368433,False,True,True
4,0.2,39062500,probit_P,145,0.2,0.021453962733074816,0.22995570883700217,0.20850174610392735,False,True,True
4,0.2,39062500,probit_P,146,0.2,0.0,0.22627077012443536,0.22627077012443536,False,True,True
4,0.2,39062500,probit_P,147,0.2,0.0,0.21742289008666493,0.21742289008666493,False,True,True
4,0.2,39062500,probit_P,148,0.2,0.010298886672603147,0.22756943176264655,0.2172705450900434,False,True,True
4,0.2,39062500,probit_P,149,0.2,0.0,0.20821829363302957,0.20821829363302957,False,True,True
4,0.2,39062500,probit_P,150,0.2,0.02228513117910985,0.22974811151181607,0.20746298033270621,False,True,True
4,0.2,39062500,probit_P,151,0.2,0.08055483220097936,0.24131463008219406,0.1607597978812147,False,True,True
4,0.2,39062500,probit_P,152,0.2,0.006526409060419125,0.2271139834126195,0.2205875743522004,False,True,True
4,0.2,39062500,probit_P,153,0.2,0.06514517773544931,0.2379590546442955,0.1728138769088462,False,True,True
4,0.2,39062500,probit_P,154,0.2,0.05649067707038585,0.23624971689104268,0.17975903982065683,False,True,True
4,0.2,39062500,probit_P,155,0.2,0.0006366118369452445,0.22631583430705854,0.2256792224701133,False,True,True
4,0.2,39062500,probit_P,156,0.2,0.0,0.2239229629435021,0.2239229629435021,False,True,True
4,0.2,39062500,probit_P,157,0.2,0.007774587603818217,0.22720794880237416,0.21943336119855594,False,True,True
4,0.2,39062500,probit_P,158,0.2,0.06412494487309478,0.23826222354798243,0.17413727867488765,False,True,True
4,0.2,39062500,probit_P,159,0.2,0.05874356502018713,0.23715565747805262,0.1784120924578655,False,True,True
4,0.2,39062500,probit_P,160,0.2,0.0,0.21878105857367924,0.21878105857367924,False,True,True
4,0.2,39062500,probit_P,161,0.2,0.0,0.21972821948786536,0.21972821948786536,False,True,True
4,0.2,39062500,probit_P,162,0.2,0.019120376077778833,0.22940794226689654,0.2102875661891177,False,True,True
4,0.2,39062500,probit_P,163,0.2,0.0,0.2246194901560969,0.2246194901560969,False,True,True
4,0.2,39062500,probit_P,164,0.2,0.0,0.21624958512696446,0.21624958512696446,False,True,True
4,0.2,39062500,probit_P,165,0.2,0.0,0.2126511521558817,0.2126511521558817,False,True,True
4,0.2,39062500,probit_P,166,0.2,0.040152604027244077,0.23311717707756235,0.19296457305031828,False,True,True
4,0.2,39062500,probit_P,167,0.2,0.0,0.226060781254333,0.226060781254333,False,True,True
4,0.2,39062500,probit_P,168,0.2,0.07582714149336078,0.24061560447876523,0.16478846298540445,False,True,True
4,0.2,39062500,probit_P,169,0.2,0.05647026453023135,0.2363860743024137,0.17991580977218236,False,True,True
4,0.2,39062500,probit_P,170,0.2,0.021495428330840838,0.22977115775579132,0.20827572942495048,False,True,True
4,0.2,39062500,probit_P,171,0.2,0.0,0.2207702572896263,0.2207702572896263,False,True,True
4,0.2,39062500,probit_P,172,0.2,0.0,0.22389408841814146,0.22389408841814146,False,True,True
4,0.2,39062500,probit_P,173,0.2,0.0,0.22457495681644224,0.22457495681644224,False,True,True
4,0.2,39062500,probit_P,174,0.2,0.09291979747654405,0.24418927178597344,0.15126947430942939,False,True,True
4,0.2,39062500,probit_P,175,0.2,0.0,0.2121401487002163,0.2121401487002163,False,True,True
4,0.2,39062500,probit_P,176,0.2,0.0,0.2201109798146505,0.2201109798146505,False,True,True
4,0.2,39062500,probit_P,177,0.2,0.0,0.2202998543349271,0.2202998543349271,False,True,True
4,0.2,39062500,probit_P,178,0.2,0.0,0.21865861883751225,0.21865861883751225,False,True,True
4,0.2,39062500,probit_P,179,0.2,0.0,0.22552494747646967,0.22552494747646967,False,True,True
4,0.2,39062500,probit_P,180,0.2,0.020138955151186744,0.22941598589612539,0.20927703074493864,False,True,True
4,0.2,39062500,probit_P,181,0.2,0.0,0.22212788408926581,0.22212788408926581,False,True,True
4,0.2,39062500,probit_P,182,0.2,0.019464087732190605,0.22960172479309704,0.21013763706090643,False,True,True
4,0.2,39062500,probit_P,183,0.2,0.06860013683098598,0.23885590423084518,0.1702557673998592,False,True,True
4,0.2,39062500,probit_P,184,0.2,0.07089795905133123,0.23994225860941787,0.16904429955808664,False,True,True
4,0.2,39062500,probit_P,185,0.2,0.015132601811228774,0.22832259911966235,0.21318999730843358,False,True,True
4,0.2,39062500,probit_P,186,0.2,0.06406432020288749,0.23816690672331114,0.17410258652042365,False,True,True
4,0.2,39062500,probit_P,187,0.2,0.026827761601406652,0.2307691749747327,0.20394141337332605,False,True,True
4,0.2,39062500,probit_P,188,0.2,0.0,0.22526079116885994,0.22526079116885994,False,True,True
4,0.2,39062500,probit_P,189,0.2,0.034031914638336214,0.23223123690810143,0.19819932226976522,False,True,True
4,0.2,39062500,probit_P,190,0.2,0.0,0.21029848727030687,0.21029848727030687,False,True,True
4,0.2,39062500,probit_P,191,0.2,0.0422920263559452,0.23353724139258347,0.19124521503663827,False,True,True
4,0.2,39062500,probit_P,192,0.2,0.0,0.21798848186489395,0.21798848186489395,False,True,True
4,0.2,39062500,probit_P,193,0.2,0.0,0.2179373639265137,0.2179373639265137,False,True,True
4,0.2,39062500,probit_P,194,0.2,0.0023622854182515085,0.22643784605295347,0.22407556063470196,False,True,True
4,0.2,39062500,probit_P,195,0.2,0.024265563226848086,0.23041318367933478,0.2061476204524867,False,True,True
4,0.2,39062500,probit_P,196,0.2,0.0,0.2167607579844344,0.2167607579844344,False,True,True
4,0.2,39062500,probit_P,197,0.2,0.0,0.22346583325536024,0.22346583325536024,False,True,True
4,0.2,39062500,probit_P,198,0.2,0.03076684991679679,0.23167024885859738,0.2009033989418006,False,True,True
4,0.2,39062500,probit_P,199,0.2,0.07424392020505033,0.24042362627603614,0.1661797060709858,False,True,True
4,0.2,39062500,logistic_Q,0,0.162919527694925,0.008636940599617005,0.22741556930677015,0.21877862870715314,False,True,True
4,0.2,39062500,logistic_Q,1,0.162919527694925,0.0657865530332965,0.23811210111897924,0.17232554808568273,False,True,True
4,0.2,39062500,logistic_Q,2,0.162919527694925,0.0,0.22540058053746798,0.22540058053746798,False,True,True
4,0.2,39062500,logistic_Q,3,0.162919527694925,5.9677162723315025e-05,0.22626498077751767,0.22620530361479435,False,True,True
4,0.2,39062500,logistic_Q,4,0.162919527694925,0.0,0.21900483870570991,0.21900483870570991,False,True,True
4,0.2,39062500,logistic_Q,5,0.162919527694925,0.0,0.22494180258848034,0.22494180258848034,False,True,True
4,0.2,39062500,logistic_Q,6,0.162919527694925,0.014392776951551223,0.2284594004542837,0.21406662350273248,False,True,True
4,0.2,39062500,logistic_Q,7,0.162919527694925,0.0,0.22200332121528277,0.22200332121528277,False,True,True
4,0.2,39062500,logistic_Q,8,0.162919527694925,0.008320660514013367,0.2276451799276395,0.21932451941362613,False,True,True
4,0.2,39062500,logistic_Q,9,0.162919527694925,0.041957562379113356,0.23344779428116436,0.191490231902051,False,True,True
4,0.2,39062500,logistic_Q,10,0.162919527694925,0.0,0.2140545238884674,0.2140545238884674,False,True,True
4,0.2,39062500,logistic_Q,11,0.162919527694925,0.0,0.21412486571619177,0.21412486571619177,False,True,True
4,0.2,39062500,logistic_Q,12,0.162919527694925,0.061035139006571426,0.23731493497630995,0.17627979596973853,False,True,True
4,0.2,39062500,logistic_Q,13,0.162919527694925,0.1136786601101486,0.24947701398610728,0.13579835387595868,False,True,True
4,0.2,39062500,logistic_Q,14,0.162919527694925,0.01838058630320555,0.22852938046581112,0.21014879416260557,False,True,True
4,0.2,39062500,logistic_Q,15,0.162919527694925,0.026775583618807497,0.23082315304569723,0.20404756942688973,False,True,True
4,0.2,39062500,logistic_Q,16,0.162919527694925,0.03294046773015541,0.232092582516283,0.1991521147861276,False,True,True
4,0.2,39062500,logistic_Q,17,0.162919527694925,0.017851421853646132,0.22900285966387585,0.21115143781022971,False,True,True
4,0.2,39062500,logistic_Q,18,0.162919527694925,0.0,0.21462279359911363,0.21462279359911363,False,True,True
4,0.2,39062500,logistic_Q,19,0.162919527694925,0.01768010250751967,0.22916819144011202,0.21148808893259236,False,True,True
4,0.2,39062500,logistic_Q,20,0.162919527694925,0.046298113745828484,0.23434399690630114,0.18804588316047266,False,True,True
4,0.2,39062500,logistic_Q,21,0.162919527694925,0.0,0.22395729350172772,0.22395729350172772,False,True,True
4,0.2,39062500,logistic_Q,22,0.162919527694925,0.006188461210927754,0.22696142002703684,0.2207729588161091,False,True,True
4,0.2,39062500,logistic_Q,23,0.162919527694925,0.01061410745349245,0.22781900509495528,0.21720489764146284,False,True,True
4,0.2,39062500,logistic_Q,24,0.162919527694925,0.09985152838871719,0.24621425138007724,0.14636272299136005,False,True,True
4,0.2,39062500,logistic_Q,25,0.162919527694925,0.0,0.2265022817239149,0.2265022817239149,False,True,True
4,0.2,39062500,logistic_Q,26,0.162919527694925,0.0,0.21663855695192674,0.21663855695192674,False,True,True
4,0.2,39062500,logistic_Q,27,0.162919527694925,0.0,0.21336842522924637,0.21336842522924637,False,True,True
4,0.2,39062500,logistic_Q,28,0.162919527694925,0.0,0.2247474131686769,0.2247474131686769,False,True,True
4,0.2,39062500,logistic_Q,29,0.162919527694925,0.0,0.22093500524433413,0.22093500524433413,False,True,True
4,0.2,39062500,logistic_Q,30,0.162919527694925,0.039482986461193526,0.23284007913606147,0.19335709267486795,False,True,True
4,0.2,39062500,logistic_Q,31,0.162919527694925,0.012834931170839392,0.2286520806916409,0.2158171495208015,False,True,True
4,0.2,39062500,logistic_Q,32,0.162919527694925,0.050706443431539294,0.2352089594117998,0.18450251598026052,False,True,True
4,0.2,39062500,logistic_Q,33,0.162919527694925,0.0,0.22636554944124054,0.22636554944124054,False,True,True
4,0.2,39062500,logistic_Q,34,0.162919527694925,0.0,0.22351917373941627,0.22351917373941627,False,True,True
4,0.2,39062500,logistic_Q,35,0.162919527694925,0.0,0.2214991463502876,0.2214991463502876,False,True,True
4,0.2,39062500,logistic_Q,36,0.162919527694925,0.03937570595258705,0.23322812408406318,0.19385241813147613,False,True,True
4,0.2,39062500,logistic_Q,37,0.162919527694925,0.04506339636941986,0.23413607927429952,0.18907268290487966,False,True,True
4,0.2,39062500,logistic_Q,38,0.162919527694925,0.051138820283423425,0.23529355029925236,0.18415473001582894,False,True,True
4,0.2,39062500,logistic_Q,39,0.162919527694925,0.00829044059367856,0.22762212142347682,0.21933168082979826,False,True,True
4,0.2,39062500,logistic_Q,40,0.162919527694925,0.07149276691465167,0.23946415174791202,0.16797138483326035,False,True,True
4,0.2,39062500,logistic_Q,41,0.162919527694925,0.0,0.20459011637170754,0.20459011637170754,False,True,True
4,0.2,39062500,logistic_Q,42,0.162919527694925,0.011148051334606002,0.2278267394280018,0.2166786880933958,False,True,True
4,0.2,39062500,logistic_Q,43,0.162919527694925,0.0,0.22302914946158497,0.22302914946158497,False,True,True
4,0.2,39062500,logistic_Q,44,0.162919527694925,0.05441999690622207,0.2359588820726249,0.18153888516640282,False,True,True
4,0.2,39062500,logistic_Q,45,0.162919527694925,0.04933483877228395,0.23475480999482218,0.18541997122253823,False,True,True
4,0.2,39062500,logistic_Q,46,0.162919527694925,0.024681828723935595,0.23031715722836466,0.20563532850442906,False,True,True
4,0.2,39062500,logistic_Q,47,0.162919527694925,0.0,0.21094709892984964,0.21094709892984964,False,True,True
4,0.2,39062500,logistic_Q,48,0.162919527694925,0.0,0.2251536906706737,0.2251536906706737,False,True,True
4,0.2,39062500,logistic_Q,49,0.162919527694925,0.020320160417028332,0.22965093240633777,0.20933077198930944,False,True,True
4,0.2,39062500,logistic_Q,50,0.162919527694925,0.0,0.2008358924090013,0.2008358924090013,False,True,True
4,0.2,39062500,logistic_Q,51,0.162919527694925,0.015517829950153272,0.22873731743485015,0.21321948748469688,False,True,True
4,0.2,39062500,logistic_Q,52,0.162919527694925,0.08414759407097916,0.24251549189464527,0.15836789782366612,False,True,True
4,0.2,39062500,logistic_Q,53,0.162919527694925,0.03842435452709758,0.23305185909220694,0.19462750456510935,False,True,True
4,0.2,39062500,logistic_Q,54,0.162919527694925,0.0,0.22226817110208757,0.22226817110208757,False,True,True
4,0.2,39062500,logistic_Q,55,0.162919527694925,0.011623655884719919,0.22840453547828715,0.21678087959356723,False,True,True
4,0.2,39062500,logistic_Q,56,0.162919527694925,0.0,0.22263100705864525,0.22263100705864525,False,True,True
4,0.2,39062500,logistic_Q,57,0.162919527694925,0.0,0.21537064785487736,0.21537064785487736,False,True,True
4,0.2,39062500,logistic_Q,58,0.162919527694925,0.0,0.22384563115703993,0.22384563115703993,False,True,True
4,0.2,39062500,logistic_Q,59,0.162919527694925,0.024519539142077662,0.23018981967246893,0.20567028053039127,False,True,True
4,0.2,39062500,logistic_Q,60,0.162919527694925,0.0021053988186914285,0.22647507377480208,0.22436967495611065,False,True,True
4,0.2,39062500,logistic_Q,61,0.162919527694925,0.01996478478990038,0.2296599535402324,0.209695168750332,False,True,True
4,0.2,39062500,logistic_Q,62,0.162919527694925,0.04223505176176379,0.23372490609344854,0.19148985433168475,False,True,True
4,0.2,39062500,logistic_Q,63,0.162919527694925,0.05542886482912851,0.23637388422152722,0.1809450193923987,False,True,True
4,0.2,39062500,logistic_Q,64,0.162919527694925,0.060407100991582585,0.23712415114219781,0.17671705015061523,False,True,True
4,0.2,39062500,logistic_Q,65,0.162919527694925,0.044239874262050394,0.23379847888148209,0.1895586046194317,False,True,True
4,0.2,39062500,logistic_Q,66,0.162919527694925,0.0,0.20685730295979587,0.20685730295979587,False,True,True
4,0.2,39062500,logistic_Q,67,0.162919527694925,0.0,0.22550545584333165,0.22550545584333165,False,True,True
4,0.2,39062500,logistic_Q,68,0.162919527694925,0.037315130992207624,0.23237189498845534,0.19505676399624772,False,True,True
4,0.2,39062500,logistic_Q,69,0.162919527694925,0.032816484199808704,0.23173766432397447,0.19892118012416576,False,True,True
4,0.2,39062500,logistic_Q,70,0.162919527694925,0.014795176452300274,0.22892755502845868,0.2141323785761584,False,True,True
4,0.2,39062500,logistic_Q,71,0.162919527694925,0.0,0.2165629873416261,0.2165629873416261,False,True,True
4,0.2,39062500,logistic_Q,72,0.162919527694925,0.0,0.22206924817142593,0.22206924817142593,False,True,True
4,0.2,39062500,logistic_Q,73,0.162919527694925,0.010118310917711038,0.22822438564212688,0.21810607472441584,False,True,True
4,0.2,39062500,logistic_Q,74,0.162919527694925,0.047516445150569964,0.23464213411182339,0.18712568896125342,False,True,True
4,0.2,39062500,logistic_Q,75,0.162919527694925,0.042110612536031156,0.2331114367999479,0.19100082426391674,False,True,True
4,0.2,39062500,logistic_Q,76,0.162919527694925,0.010353007933318836,0.22804603499847648,0.21769302706515764,False,True,True
4,0.2,39062500,logistic_Q,77,0.162919527694925,0.0,0.22507525892261254,0.22507525892261254,False,True,True
4,0.2,39062500,logistic_Q,78,0.162919527694925,0.05898234377269068,0.2369741894930149,0.17799184572032423,False,True,True
4,0.2,39062500,logistic_Q,79,0.162919527694925,0.0847559572554698,0.24229429735722402,0.15753834010175422,False,True,True
4,0.2,39062500,logistic_Q,80,0.162919527694925,0.09174914032913684,0.24398899409668462,0.15223985376754778,False,True,True
4,0.2,39062500,logistic_Q,81,0.162919527694925,0.02404759415235025,0.23011243087861333,0.20606483672626308,False,True,True
4,0.2,39062500,logistic_Q,82,0.162919527694925,0.0,0.22615628456983405,0.22615628456983405,False,True,True
4,0.2,39062500,logistic_Q,83,0.162919527694925,0.004883599468709421,0.22721675865168683,0.2223331591829774,False,True,True
4,0.2,39062500,logistic_Q,84,0.162919527694925,0.06436930705384991,0.23769429074890147,0.17332498369505156,False,True,True
4,0.2,39062500,logistic_Q,85,0.162919527694925,0.0,0.22436266198849153,0.22436266198849153,False,True,True
4,0.2,39062500,logistic_Q,86,0.162919527694925,0.0,0.21889333083244594,0.21889333083244594,False,True,True
4,0.2,39062500,logistic_Q,87,0.162919527694925,0.019511006418292565,0.22918237141417092,0.20967136499587835,False,True,True
4,0.2,39062500,logistic_Q,88,0.162919527694925,0.0,0.22295858792996426,0.22295858792996426,False,True,True
4,0.2,39062500,logistic_Q,89,0.162919527694925,0.05009406561257751,0.23517035083059024,0.18507628521801273,False,True,True
4,0.2,39062500,logistic_Q,90,0.162919527694925,0.030575145354948097,0.23164509747108392,0.20106995211613582,False,True,True
4,0.2,39062500,logistic_Q,91,0.162919527694925,0.0,0.21092429443652694,0.21092429443652694,False,True,True
4,0.2,39062500,logistic_Q,92,0.162919527694925,0.0984475875362471,0.24561017292447024,0.14716258538822313,False,True,True
4,0.2,39062500,logistic_Q,93,0.162919527694925,0.0,0.22322435422229991,0.22322435422229991,False,True,True
4,0.2,39062500,logistic_Q,94,0.162919527694925,0.026179582411797853,0.23082011972002903,0.20464053730823117,False,True,True
4,0.2,39062500,logistic_Q,95,0.162919527694925,0.0,0.2252392339054778,0.2252392339054778,False,True,True
4,0.2,39062500,logistic_Q,96,0.162919527694925,0.04736058458474063,0.23481677299857845,0.18745618841383782,False,True,True
4,0.2,39062500,logistic_Q,97,0.162919527694925,0.0,0.20883572715914173,0.20883572715914173,False,True,True
4,0.2,39062500,logistic_Q,98,0.162919527694925,0.0,0.22595051609507516,0.22595051609507516,False,True,True
4,0.2,39062500,logistic_Q,99,0.162919527694925,0.009255318398963763,0.22766066706263433,0.21840534866367056,False,True,True
4,0.2,39062500,logistic_Q,100,0.162919527694925,0.0,0.21554599567684057,0.21554599567684057,False,True,True
4,0.2,39062500,logistic_Q,101,0.162919527694925,0.005376798990889331,0.22750005950158536,0.22212326051069603,False,True,True
4,0.2,39062500,logistic_Q,102,0.162919527694925,0.0,0.21271058386217984,0.21271058386217984,False,True,True
4,0.2,39062500,logistic_Q,103,0.162919527694925,0.0,0.22267358402647225,0.22267358402647225,False,True,True
4,0.2,39062500,logistic_Q,104,0.162919527694925,0.0,0.2241030898817895,0.2241030898817895,False,True,True
4,0.2,39062500,logistic_Q,105,0.162919527694925,0.05742669892803903,0.23651523067807317,0.17908853175003414,False,True,True
4,0.2,39062500,logistic_Q,106,0.162919527694925,0.0,0.22059735974046146,0.22059735974046146,False,True,True
4,0.2,39062500,logistic_Q,107,0.162919527694925,0.0,0.21034084529954789,0.21034084529954789,False,True,True
4,0.2,39062500,logistic_Q,108,0.162919527694925,0.0,0.21260934028449557,0.21260934028449557,False,True,True
4,0.2,39062500,logistic_Q,109,0.162919527694925,0.0,0.22328794387448786,0.22328794387448786,False,True,True
4,0.2,39062500,logistic_Q,110,0.162919527694925,0.0,0.2234584245237941,0.2234584245237941,False,True,True
4,0.2,39062500,logistic_Q,111,0.162919527694925,0.04067560445181306,0.23349324183527725,0.1928176373834642,False,True,True
4,0.2,39062500,logistic_Q,112,0.162919527694925,0.05518060673640862,0.236369786966804,0.18118918023039537,False,True,True
4,0.2,39062500,logistic_Q,113,0.162919527694925,0.0,0.21954893925819802,0.21954893925819802,False,True,True
4,0.2,39062500,logistic_Q,114,0.162919527694925,0.03710249401399812,0.2326374649293148,0.19553497091531669,False,True,True
4,0.2,39062500,logistic_Q,115,0.162919527694925,0.041254813466946705,0.23343789800792053,0.19218308454097383,False,True,True
4,0.2,39062500,logistic_Q,116,0.162919527694925,0.02703728077908174,0.23089592414005156,0.20385864336096982,False,True,True
4,0.2,39062500,logistic_Q,117,0.162919527694925,0.04846217604922015,0.23442192195582007,0.18595974590659992,False,True,True
4,0.2,39062500,logistic_Q,118,0.162919527694925,0.0,0.22158657568240453,0.22158657568240453,False,True,True
4,0.2,39062500,logistic_Q,119,0.162919527694925,0.0,0.2231617084195353,0.2231617084195353,False,True,True
4,0.2,39062500,logistic_Q,120,0.162919527694925,0.02667967182265185,0.2310392358428235,0.20435956402017164,False,True,True
4,0.2,39062500,logistic_Q,121,0.162919527694925,0.0,0.2214095893193308,0.2214095893193308,False,True,True
4,0.2,39062500,logistic_Q,122,0.162919527694925,0.004983439610343698,0.2271274358380787,0.222143996227735,False,True,True
4,0.2,39062500,logistic_Q,123,0.162919527694925,0.004639418656122052,0.22670651188990754,0.22206709323378548,False,True,True
4,0.2,39062500,logistic_Q,124,0.162919527694925,0.0,0.2050930412744198,0.2050930412744198,False,True,True
4,0.2,39062500,logistic_Q,125,0.162919527694925,0.0600828757872266,0.23714908773602722,0.17706621194880062,False,True,True
4,0.2,39062500,logistic_Q,126,0.162919527694925,0.029673629675636415,0.23173021833242374,0.20205658865678733,False,True,True
4,0.2,39062500,logistic_Q,127,0.162919527694925,0.08623722264442046,0.24300399169877235,0.15676676905435188,False,True,True
4,0.2,39062500,logistic_Q,128,0.162919527694925,0.0507293830174021,0.23511306576291713,0.18438368274551503,False,True,True
4,0.2,39062500,logistic_Q,129,0.162919527694925,0.010536947282883236,0.22817100866189732,0.2176340613790141,False,True,True
4,0.2,39062500,logistic_Q,130,0.162919527694925,0.028838605716264343,0.23087817283397488,0.20203956711771054,False,True,True
4,0.2,39062500,logistic_Q,131,0.162919527694925,0.0,0.22225112957391718,0.22225112957391718,False,True,True
4,0.2,39062500,logistic_Q,132,0.162919527694925,0.0,0.2234355649559091,0.2234355649559091,False,True,True
4,0.2,39062500,logistic_Q,133,0.162919527694925,0.0697521973493298,0.23900762267921866,0.16925542532988885,False,True,True
4,0.2,39062500,logistic_Q,134,0.162919527694925,0.006086655553576459,0.22764525234623195,0.2215585967926555,False,True,True
4,0.2,39062500,logistic_Q,135,0.162919527694925,0.03825128379659859,0.23257731515493602,0.19432603135833743,False,True,True
4,0.2,39062500,logistic_Q,136,0.162919527694925,0.05337488098023918,0.2353594486898059,0.18198456770956672,False,True,True
4,0.2,39062500,logistic_Q,137,0.162919527694925,0.0,0.2172516810681553,0.2172516810681553,False,True,True
4,0.2,39062500,logistic_Q,138,0.162919527694925,0.0,0.22567597470049305,0.22567597470049305,False,True,True
4,0.2,39062500,logistic_Q,139,0.162919527694925,0.0,0.22302371230683232,0.22302371230683232,False,True,True
4,0.2,39062500,logistic_Q,140,0.162919527694925,0.03270349523950561,0.23176153379944042,0.1990580385599348,False,True,True
4,0.2,39062500,logistic_Q,141,0.162919527694925,0.09414619124945328,0.24480166163405498,0.1506554703846017,False,True,True
4,0.2,39062500,logistic_Q,142,0.162919527694925,0.0,0.2039092799491522,0.2039092799491522,False,True,True
4,0.2,39062500,logistic_Q,143,0.162919527694925,0.05829581125726496,0.23691783690084628,0.17862202564358132,False,True,True
4,0.2,39062500,logistic_Q,144,0.162919527694925,0.0,0.22582188827555966,0.22582188827555966,False,True,True
4,0.2,39062500,logistic_Q,145,0.162919527694925,0.057196868944357326,0.23653528254927142,0.1793384136049141,False,True,True
4,0.2,39062500,logistic_Q,146,0.162919527694925,0.0,0.22484804625177673,0.22484804625177673,False,True,True
4,0.2,39062500,logistic_Q,147,0.162919527694925,0.0,0.21666812118178508,0.21666812118178508,False,True,True
4,0.2,39062500,logistic_Q,148,0.162919527694925,0.013806188021678933,0.22852370713723913,0.2147175191155602,False,True,True
4,0.2,39062500,logistic_Q,149,0.162919527694925,0.0,0.22059716910400423,0.22059716910400423,False,True,True
4,0.2,39062500,logistic_Q,150,0.162919527694925,0.0,0.2232241401225748,0.2232241401225748,False,True,True
4,0.2,39062500,logistic_Q,151,0.162919527694925,0.0012931679987909228,0.2267140037175555,0.2254208357187646,False,True,True
4,0.2,39062500,logistic_Q,152,0.162919527694925,0.0,0.20901138720479728,0.20901138720479728,False,True,True
4,0.2,39062500,logistic_Q,153,0.162919527694925,0.04742313522355052,0.2347862229859205,0.18736308776236998,False,True,True
4,0.2,39062500,logistic_Q,154,0.162919527694925,0.0,0.22474173068698444,0.22474173068698444,False,True,True
4,0.2,39062500,logistic_Q,155,0.162919527694925,0.0,0.2196677305550237,0.2196677305550237,False,True,True
4,0.2,39062500,logistic_Q,156,0.162919527694925,0.0,0.22007592019442224,0.22007592019442224,False,True,True
4,0.2,39062500,logistic_Q,157,0.162919527694925,0.0,0.22021829058134168,0.22021829058134168,False,True,True
4,0.2,39062500,logistic_Q,158,0.162919527694925,0.0070874954842539695,0.22748401782538408,0.2203965223411301,False,True,True
4,0.2,39062500,logistic_Q,159,0.162919527694925,0.005135069654498559,0.22714642334953095,0.2220113536950324,False,True,True
4,0.2,39062500,logistic_Q,160,0.162919527694925,0.06385171614884932,0.23791298839880115,0.17406127224995183,False,True,True
4,0.2,39062500,logistic_Q,161,0.162919527694925,0.06729862952406235,0.23863958576149918,0.17134095623743684,False,True,True
4,0.2,39062500,logistic_Q,162,0.162919527694925,0.0,0.20530477016577608,0.20530477016577608,False,True,True
4,0.2,39062500,logistic_Q,163,0.162919527694925,0.0,0.21652866047551328,0.21652866047551328,False,True,True
4,0.2,39062500,logistic_Q,164,0.162919527694925,0.03328158340134846,0.23190208638781007,0.1986205029864616,False,True,True
4,0.2,39062500,logistic_Q,165,0.162919527694925,0.04920817698378488,0.23520621526036634,0.18599803827658146,False,True,True
4,0.2,39062500,logistic_Q,166,0.162919527694925,0.0,0.22320154687016713,0.22320154687016713,False,True,True
4,0.2,39062500,logistic_Q,167,0.162919527694925,0.0,0.215735228072655,0.215735228072655,False,True,True
4,0.2,39062500,logistic_Q,168,0.162919527694925,0.035822640456444066,0.23221344244959152,0.19639080199314746,False,True,True
4,0.2,39062500,logistic_Q,169,0.162919527694925,0.011706775325047769,0.22813661514988232,0.21642983982483455,False,True,True
4,0.2,39062500,logistic_Q,170,0.162919527694925,0.05966745362944048,0.23664440875054588,0.1769769551211054,False,True,True
4,0.2,39062500,logistic_Q,171,0.162919527694925,0.007785598361626955,0.2271970932292019,0.21941149486757494,False,True,True
4,0.2,39062500,logistic_Q,172,0.162919527694925,0.0,0.2126013360706353,0.2126013360706353,False,True,True
4,0.2,39062500,logistic_Q,173,0.162919527694925,0.008413069867937772,0.22770332717275443,0.21929025730481666,False,True,True
4,0.2,39062500,logistic_Q,174,0.162919527694925,0.0,0.21826397518107943,0.21826397518107943,False,True,True
4,0.2,39062500,logistic_Q,175,0.162919527694925,0.0,0.21677262452338747,0.21677262452338747,False,True,True
4,0.2,39062500,logistic_Q,176,0.162919527694925,0.05417654701615443,0.23589986665874374,0.1817233196425893,False,True,True
4,0.2,39062500,logistic_Q,177,0.162919527694925,0.0,0.225352387337999,0.225352387337999,False,True,True
4,0.2,39062500,logistic_Q,178,0.162919527694925,0.0,0.2209265052381203,0.2209265052381203,False,True,True
4,0.2,39062500,logistic_Q,179,0.162919527694925,0.0,0.22546363084775256,0.22546363084775256,False,True,True
4,0.2,39062500,logistic_Q,180,0.162919527694925,0.07550671212738319,0.24025519623332753,0.16474848410594434,False,True,True
4,0.2,39062500,logistic_Q,181,0.162919527694925,0.0,0.21436841164113507,0.21436841164113507,False,True,True
4,0.2,39062500,logistic_Q,182,0.162919527694925,0.0,0.22517481157194846,0.22517481157194846,False,True,True
4,0.2,39062500,logistic_Q,183,0.162919527694925,0.0,0.22599358047887186,0.22599358047887186,False,True,True
4,0.2,39062500,logistic_Q,184,0.162919527694925,0.03939631662811921,0.23293686017394388,0.19354054354582467,False,True,True
4,0.2,39062500,logistic_Q,185,0.162919527694925,0.01813813881158849,0.22927823781076673,0.21114009899917824,False,True,True
4,0.2,39062500,logistic_Q,186,0.162919527694925,0.021862499299421356,0.22964369294807363,0.20778119364865227,False,True,True
4,0.2,39062500,logistic_Q,187,0.162919527694925,0.0,0.22118675730034515,0.22118675730034515,False,True,True
4,0.2,39062500,logistic_Q,188,0.162919527694925,0.038376571555374384,0.23248035831528885,0.19410378675991447,False,True,True
4,0.2,39062500,logistic_Q,189,0.162919527694925,0.05616917018634604,0.23611919747971705,0.179950027293371,False,True,True
4,0.2,39062500,logistic_Q,190,0.162919527694925,0.0,0.22366308707339738,0.22366308707339738,False,True,True
4,0.2,39062500,logistic_Q,191,0.162919527694925,0.0,0.2247519977685727,0.2247519977685727,False,True,True
4,0.2,39062500,logistic_Q,192,0.162919527694925,0.07741689599748991,0.24049023212207138,0.16307333612458147,False,True,True
4,0.2,39062500,logistic_Q,193,0.162919527694925,0.042915339403411745,0.2338663612195589,0.19095102181614715,False,True,True
4,0.2,39062500,logistic_Q,194,0.162919527694925,0.047495057064722956,0.23436908002716572,0.18687402296244277,False,True,True
4,0.2,39062500,logistic_Q,195,0.162919527694925,0.0,0.21230695805103056,0.21230695805103056,False,True,True
4,0.2,39062500,logistic_Q,196,0.162919527694925,0.0,0.21749756540010318,0.21749756540010318,False,True,True
4,0.2,39062500,logistic_Q,197,0.162919527694925,0.06187700773022553,0.23740546903640447,0.17552846130617894,False,True,True
4,0.2,39062500,logistic_Q,198,0.162919527694925,0.016248915915548057,0.2288688482518525,0.21261993233630444,False,True,True
4,0.2,39062500,logistic_Q,199,0.162919527694925,0.0,0.21884414008996572,0.21884414008996572,False,True,True
